# Resource object code (Python 3)
# Created by: object code
# Created by: The Resource Compiler for Qt version 6.10.2
# WARNING! All changes made in this file will be lost!

from qgis.PyQt import QtCore

qt_resource_data = b"\
\x00\x00\x61\x7f\
\x89\
\x50\x4e\x47\x0d\x0a\x1a\x0a\x00\x00\x00\x0d\x49\x48\x44\x52\x00\
\x00\x00\xfc\x00\x00\x00\xfc\x08\x06\x00\x00\x00\x53\xab\xc9\x67\
\x00\x00\x00\x09\x70\x48\x59\x73\x00\x00\x07\xb0\x00\x00\x07\xb0\
\x01\xd4\x82\x83\x62\x00\x00\x00\x19\x74\x45\x58\x74\x53\x6f\x66\
\x74\x77\x61\x72\x65\x00\x77\x77\x77\x2e\x69\x6e\x6b\x73\x63\x61\
\x70\x65\x2e\x6f\x72\x67\x9b\xee\x3c\x1a\x00\x00\x20\x00\x49\x44\
\x41\x54\x78\x9c\xec\xbd\x79\x78\x1c\xd5\x95\xf7\xff\x3d\x55\xdd\
\x6a\xed\xfb\x2e\xd9\x92\x2d\xef\x2b\x78\x03\xb3\x9b\x25\x2b\x81\
\x01\xcb\x8d\x25\x8c\x2d\x41\x02\x99\xec\x93\xbc\x13\x48\x26\x81\
\x28\xcb\x0c\x24\x6f\x26\x09\x99\x99\xfc\xc8\x1b\xf0\x12\x90\x8c\
\x6c\x93\x90\x85\x09\x09\xc1\x61\xc7\x06\x8c\xf7\x45\x5e\xb4\x6f\
\xd6\xbe\xab\xd5\x5d\x75\x7f\x7f\xc8\x6d\x4a\xa5\x5a\x6e\x75\x57\
\x4b\xb2\xd5\x9f\xe7\xd1\xd3\xdd\x55\x77\xab\x56\x9f\x7b\xcf\x3d\
\xf7\xdc\x73\x89\x31\x86\x30\x61\xc2\x4c\x0f\x84\xc9\x6e\x40\x98\
\x30\x61\x26\x0e\xc7\x64\x37\xe0\x52\xe0\xce\x3b\x1f\x88\x73\x46\
\xfb\xe6\x08\x02\x09\xf0\x8a\xfd\x49\x49\x8e\x73\x4f\x3d\xf5\x94\
\x77\xb2\xdb\x15\x26\x8c\x55\x28\xac\xd2\x8f\x87\x88\x68\xbd\xfb\
\xbe\x8f\x41\x10\x4b\x01\xb6\x12\x40\x01\x00\x52\x24\x19\x01\xe1\
\x75\xc6\xb0\x73\xa8\x27\xfe\xd9\x97\x5e\x7a\xd2\x33\x49\x4d\x0d\
\x13\xc6\x12\x9a\x02\xef\x76\xdf\x9f\x26\x8b\xf2\xf7\x79\x0a\x10\
\x24\x2a\xab\xac\xdc\xda\x62\x7b\xcb\x26\x01\x22\xa2\xbb\x37\x96\
\x6c\x21\x62\xff\x0a\x86\x45\x9c\xd9\x1a\x19\xf0\xd8\xb2\x05\xb3\
\xb6\x3e\xf6\xd8\x63\x72\x48\x1b\x18\x26\x4c\x90\xe8\x08\xfc\x7d\
\x73\x64\x51\x3c\xcd\x53\x80\x20\x09\x8b\x2b\x2b\x9f\x39\x6e\x7b\
\xcb\x26\x98\xbb\x8a\x4a\xf3\x45\xb0\xdf\x00\xb8\x25\xc0\x22\x3e\
\x64\x32\xbe\xb6\xe7\xf9\x6d\xaf\xdb\xd9\xae\x30\x61\xec\x24\x6c\
\xb4\x03\x50\x58\x5c\xe2\x16\xc1\x8e\x20\x70\x61\x07\x80\x2b\x49\
\xc0\x3f\x0a\x8b\x4a\x77\xba\xdd\x5b\x66\xda\xd5\xb6\x30\x61\xec\
\x64\xda\x0b\xfc\xfa\xe2\x2d\x5f\x00\x43\x05\x80\x58\x1b\x8a\x23\
\x80\xdd\x23\x8b\x74\x62\x43\x51\xe9\xf7\xee\xb8\xe3\xa1\x68\x1b\
\xca\x0c\x13\xc6\x36\xa6\xb5\xc0\x17\x6e\x2c\x7d\x84\x18\xfd\x37\
\xec\xff\x1e\xa2\x19\xd8\x63\x11\x31\x9e\x93\x1b\x36\x96\x6e\x24\
\x22\x32\xcf\x12\x26\x4c\xe8\x99\xb6\x02\x5f\x58\x5c\xe2\x06\xb1\
\x7f\x0f\x71\x35\x33\x18\xb1\x8a\xf5\x1b\xb7\xec\x73\x17\x6f\x59\
\x1b\xe2\xba\xc2\x84\x31\x65\x5a\x0a\xbc\xbb\x78\xcb\x75\x60\xd8\
\x81\xb1\x4b\x6d\xba\x38\x1c\x0e\xa4\x24\x27\x22\x33\x3d\x15\x91\
\xae\x88\x40\xaa\x5c\x2d\x33\x7a\xb3\xb0\x68\xcb\xd3\x6e\x77\x69\
\x66\x20\x05\x84\x09\x63\x07\xd3\xce\xf1\xc6\xed\x7e\x28\x41\x16\
\xa9\x02\x80\xcb\x2c\xad\xd3\xe1\xc0\xec\xfc\x5c\x64\x67\xa6\x41\
\x10\x46\xfb\x46\xc6\x18\x9a\x5b\xdb\x71\xb6\xba\x1e\x23\x5e\x4b\
\xbe\x37\x02\x40\xf7\xcb\x22\x2b\x5c\x5f\x5c\xf2\x23\xd1\x37\xf8\
\xf3\xca\xca\xca\x91\xc0\x9e\x22\x4c\x98\xc0\x98\x76\x23\xbc\xe4\
\xf0\xfc\x0c\x40\xae\x59\xba\x94\xa4\x04\x5c\xb5\x6a\x19\x72\xb3\
\x33\x2e\x0a\x3b\x00\x10\x11\xb2\x33\xd3\xb0\x76\xf5\x72\xe4\xe5\
\x66\x8d\xb9\xc7\x49\x3c\x31\x3c\x21\x8b\xd1\xc7\xd6\x17\x95\xdc\
\x61\x35\x73\x98\x30\xc1\x30\xad\x04\x7e\xc3\xc6\x92\x8f\x11\x43\
\xa9\x59\xba\x8c\xb4\x14\x2c\x5b\x3c\x0f\xae\x08\xa7\x6e\x1a\x87\
\x43\xc4\x9c\xd9\x33\x71\xd5\xca\xa5\x48\x4d\x4e\x0c\xa4\x39\x73\
\x08\x78\x71\x43\x51\xc9\x5f\x0b\x8b\x4b\x16\x07\x52\x40\x98\x30\
\x56\x99\x36\x02\x4f\x44\xc4\x80\x27\xcc\xd2\xa5\x24\x27\x62\xf1\
\x82\x02\xee\x91\x3b\x3a\x2a\x12\xcb\x97\xcc\xc7\x8a\x65\x0b\x11\
\x1b\x63\x7d\x15\x8e\x01\xb7\x81\xe1\x60\x61\x51\xc9\x53\x6e\xf7\
\xfd\x69\x96\x0b\x08\x13\xc6\x02\xd3\x46\xe0\xef\xde\xb8\xd9\x0d\
\xc2\x15\x46\x69\x62\xa2\xa3\xb0\x74\xe1\x1c\x04\xb2\x8a\x96\x94\
\x18\x8f\x35\x2b\x96\x60\x5e\x41\x1e\x1c\x0e\xcb\xa6\x11\x07\x80\
\x07\x65\x51\x3e\x51\x58\x54\xf2\xc5\x75\xeb\xd6\x4d\x3b\xdb\x4a\
\x98\x89\x61\x5a\x08\x3c\x11\x11\x81\x1e\x33\x49\x83\xc5\x0b\xe6\
\x40\x14\xc5\x60\xea\xc1\x8c\x9c\x4c\x5c\xb3\x7a\x19\x72\xb2\xd2\
\x03\xe9\x38\x52\x00\xfc\x57\x4a\x66\xde\x87\x1b\x8a\x4a\x82\xf1\
\xfa\x0b\x13\x46\x93\x69\x21\xf0\x77\xbb\xb7\x5c\x03\x60\xa1\x51\
\x9a\xfc\x99\xd9\x88\x8b\xb5\xc7\x31\xce\xe9\x74\x62\xc1\xdc\x59\
\x58\xb3\x62\x09\x92\x12\xe3\x03\x29\x62\x09\x03\x5e\x29\xdc\x58\
\xf2\xbb\xbb\x36\x96\x14\xd8\xd2\xa8\x30\x61\x30\x4d\x04\x1e\x84\
\x12\xa3\xdb\x4e\xa7\x13\x33\x73\xb2\x6c\xaf\x36\x36\x26\x1a\x2b\
\x96\x2d\xc4\xf2\x25\xf3\x11\x15\x69\xba\x0a\x38\x1e\xc2\x3f\x89\
\x84\x13\x85\x45\x25\xbf\xd8\xb4\x69\x53\x40\x3d\x47\x98\x30\x4a\
\x2e\x7b\x81\x5f\xb7\x6e\x9d\x83\x08\x1b\x8c\xd2\xe4\xcd\xc8\x82\
\xc3\x11\xb8\x2a\x6f\x46\x6a\x72\x22\xae\x5e\xb5\x0c\x05\xf9\xb9\
\x81\x4c\x19\x9c\x00\xbe\x32\x2c\x39\x4e\xae\x2f\x2a\x2d\x29\x2b\
\x2b\xbb\xec\xff\x67\x61\x42\xc7\x65\xff\xe3\x49\xce\xc8\xbf\x12\
\x40\x82\xde\x7d\x41\x10\x90\x9d\x91\x1a\xf2\x76\x08\x82\x80\xfc\
\x99\x39\x58\x7b\x61\x7e\x1f\x00\x59\x04\xb6\xf5\xc8\xc9\xea\xf7\
\xdc\xc5\x5b\xae\xb3\xbb\x7d\x61\xa6\x07\x97\xbd\xc0\x13\x31\x43\
\xe1\x48\x4d\x49\x84\xd3\xa9\xbf\xde\x6e\x37\xae\x88\x08\x2c\x98\
\x3b\x0b\xab\xaf\x5c\x8c\xf8\xb8\x80\x36\xe8\xad\x90\x19\xbd\x5e\
\x58\xb4\xe5\xb9\xf5\x9b\x36\x99\x3a\x10\x85\x09\xa3\xe4\xb2\x17\
\x78\x80\xae\x32\xba\x9b\x92\xa4\x3b\xf8\x87\x94\xf8\xb8\x58\xac\
\xba\x62\x11\x16\xcd\x2f\x30\x74\xf0\xd1\x81\x00\x2a\x26\xc9\x71\
\x72\x43\x51\xe9\x77\xdd\x6e\x77\x54\x28\xda\x18\xe6\xf2\xe3\xb2\
\x17\x78\x06\x18\x6e\x56\x49\x88\x8f\x9b\xa8\xa6\x8c\x83\x88\x90\
\x95\x91\x8a\xb5\xab\x97\x23\x7f\x66\x4e\x20\x6e\xba\x31\x0c\xec\
\xfb\xb2\x18\x75\xa2\xb0\xb8\xc4\x1d\x8a\x36\x86\xb9\xbc\xb8\xec\
\x05\x9e\xc0\x0c\x27\xe8\x91\xae\x00\xac\xe7\x36\x23\x8a\x22\x0a\
\xf2\x73\x71\xcd\x9a\xe5\xc8\xca\x48\x0d\x60\xfd\x9e\xf2\xc0\xf0\
\x7c\x61\x51\xe9\xbb\x85\x45\x9b\x0d\x35\x9a\x30\xd3\x9b\xcb\x5e\
\xe0\x01\xe8\x2e\x67\x11\x11\x44\x71\xea\x7c\x05\xae\x88\x08\x2c\
\x9a\x5f\x80\x2b\x97\x2e\x08\xd0\x27\x80\x5d\x05\x08\x6f\x17\x16\
\x6d\xf9\xf5\xdd\x9b\x37\x07\x64\x19\x0c\x73\x79\x33\x75\x7e\xed\
\xa1\x82\xa1\x43\xf7\x16\x63\xf0\xf9\x7c\x13\xd9\x1a\x2e\x46\xdd\
\x74\x97\x62\xf1\xfc\x02\x44\x58\x37\x28\x0a\x00\x7d\x4e\xf0\x0a\
\x67\x37\x14\x95\x7e\xef\x53\x9f\xfa\xca\xe4\xab\x30\x61\xa6\x0c\
\x97\xbf\xc0\x03\xf5\x46\x37\x7b\x7a\xfb\x27\xaa\x1d\x96\xc9\xcc\
\x48\xc5\xda\x35\xcb\x31\x33\x27\x33\x10\x37\xdd\x58\x06\xf6\x58\
\x74\x42\xef\xe1\xc2\x7b\x4b\x3f\x15\x8a\xf6\x85\xb9\xf4\xb8\xfc\
\x05\x9e\x50\x67\x74\xbb\xbe\xb1\x05\x53\xf9\x30\x0e\x87\x28\x62\
\x6e\x41\x1e\xae\x5a\xb9\x34\xd0\x15\x85\x79\x90\xd9\xef\xdc\x6e\
\xb7\x1d\x41\x3a\xc3\x5c\xe2\x5c\xf6\x02\xcf\x80\xff\x35\xba\xdf\
\xd1\xd5\x83\xaa\xb3\xb5\x90\xe5\xa9\x7d\x86\x44\x4c\x74\x14\xae\
\x58\xba\x00\xcb\x97\xcc\x47\x74\x54\xa4\xd5\xec\x11\xb2\x33\xe6\
\x86\x50\xb4\x2b\xcc\xa5\xc5\x65\x2f\xf0\x9d\x2d\xb5\x2f\x03\x38\
\x6f\x94\xa6\xa1\xa9\x15\xef\xbc\x77\x08\x2d\xad\xed\x13\xd4\xaa\
\xc0\xf1\xbb\xe9\x8e\x6e\xc3\xb5\xe0\xa6\x2b\xb3\x5b\x43\xd7\xaa\
\x30\x97\x0a\x97\xbd\xc0\xef\xdd\xbb\xd7\x07\xa0\xd2\x2c\xdd\xb0\
\x67\x04\xc7\x4e\x9d\xc5\x81\xc3\x27\x30\x30\x38\x34\x01\x2d\x0b\
\x1c\xff\x36\xdc\xb5\xab\x97\x23\x3b\x93\x3b\x66\xc6\x6d\xa1\x6c\
\x53\x98\x4b\x83\xcb\x5e\xe0\x01\x40\x90\xd8\xe3\x20\xf4\xf1\xa4\
\xed\xea\xee\xc5\xbe\x0f\x8e\xe0\xe4\xe9\x1a\x78\xa7\xa0\x05\x5f\
\x49\x84\xd3\x89\x85\xf3\x66\x63\xcd\x8a\x25\x3c\xcb\x78\x8b\xd7\
\xdf\x77\x9f\xfd\x5b\x02\xc3\x5c\x52\x4c\x0b\x81\xaf\xac\xdc\xde\
\x48\x60\x5f\xe7\x4d\xcf\x18\x43\x63\xf3\xa8\x9a\x5f\xdf\xd4\x3a\
\xa5\x8d\x7a\xc0\xe8\xfc\xde\xeb\x93\xcc\x92\x31\xe6\xa5\x80\x82\
\xef\x85\xb9\x7c\x98\x16\x02\x0f\x00\xbb\xca\xb7\xff\x06\x44\xff\
\x69\x25\x8f\xd7\xeb\x43\xd5\x99\x1a\xec\x3b\x70\x04\x9d\x5d\x3d\
\xa1\x6a\x5a\xd0\xd4\x35\x34\x63\x78\xd8\xec\xc4\x6a\xb6\xed\x85\
\x9d\x3b\x4e\x4c\x48\x83\xc2\x4c\x59\xa6\x8d\xc0\x03\xc0\xee\xf2\
\xad\xdf\x20\xd0\xa3\x00\x2c\x99\xe4\x07\x06\x86\xf0\xe1\x91\x93\
\x38\x74\xf4\x14\x06\x87\x86\x43\xd4\xba\xc0\xf0\x8c\x78\x51\x53\
\xdf\x6c\x96\xac\xd7\x4b\x11\xdf\x9e\x88\xf6\x84\x99\xda\x4c\xbb\
\x60\x89\xbb\x2a\xb6\xfe\x60\xfd\x3d\x25\xaf\x91\x80\xa7\x01\xcc\
\xb1\x92\xb7\xbd\xb3\x1b\x9d\xdd\xbd\x98\x91\x93\x81\x59\x33\x73\
\x82\x8a\x7f\x67\x17\x67\xab\xeb\x20\x49\x26\xea\x3c\xa3\x1f\xbe\
\x58\xf1\xff\x5a\x27\xa2\x3d\x44\x44\x77\x17\x3f\x30\x93\x31\x69\
\x9e\x08\x39\x0f\x8c\x12\x65\xb0\x18\x22\x12\x18\x30\x40\x0c\xdd\
\xc4\x58\xbd\x0f\x54\xe5\x94\x07\x6b\x2a\x2b\x2b\x4d\xe7\x22\x61\
\xec\x63\xda\x9e\x0f\xff\xd0\x43\x0f\x39\x3b\x7a\x86\xbf\x00\xa2\
\xef\xc3\xc0\xdf\x5e\x0f\xa7\xc3\x81\x59\x79\x39\xc8\xcd\xce\x08\
\x28\xca\xad\x1d\xf4\xf4\xf6\xe3\x83\x43\xc7\xcd\x6c\x0c\x67\x07\
\x7b\xe2\x17\xbf\xf4\xd2\x93\x66\x3a\x7f\xc0\x14\xde\x5b\x3a\x97\
\x31\x76\x07\x31\xdc\x04\xe0\x06\xf0\x7f\x9f\x83\x04\xbc\x25\x13\
\xf6\x8a\x02\xfd\xa9\xf2\xd9\xad\x47\x42\xd5\xc6\x30\xa3\x4c\x5b\
\x81\xf7\x53\x5c\x5c\x9c\x3a\xc2\x22\xbe\x0b\xe0\x8b\x00\x2c\x0f\
\xd9\x71\xb1\x31\x98\x57\x90\x87\xc4\x84\x89\xdd\x66\xcb\x18\xc3\
\xfb\x07\x8f\xa3\xb7\xcf\xcc\x35\x98\x0e\xc9\x4c\xd8\xf2\xc2\xce\
\xa7\x0f\xd9\x59\x7f\x69\x69\x69\x64\xdf\x30\xee\x03\xe4\x12\x80\
\xae\xb1\xa5\x50\x86\x83\x00\xdb\xe6\x1d\x72\x3c\xf3\xe2\x8b\x4f\
\x73\xad\xaa\x84\xb1\xc6\xb4\x17\x78\x3f\xeb\x37\xde\xbf\x02\x24\
\xff\x82\x80\x80\xc2\x47\xa5\xa6\x24\x61\x5e\x41\x5e\x60\xc1\x2a\
\x03\xa0\xb9\xb5\x0d\xc7\x4f\x9d\xe3\x4d\x2e\x83\xb0\x07\x24\x3e\
\xb2\xfb\xb9\xa7\xb9\x33\x69\x51\x5a\x5a\x1a\xd9\xeb\x61\x5f\x24\
\x86\x6f\x00\x08\xd5\x32\x5f\x27\x03\x7b\x32\x4a\x94\x7e\xf6\xec\
\xb3\xcf\xf6\x86\xa8\x8e\x69\x49\x58\xe0\x55\x14\x16\x97\x7e\x06\
\x4c\xfe\x25\x40\x79\x56\xf3\x0a\x82\x80\x19\x39\x99\x98\x35\x33\
\x3b\xa4\xf3\x7b\x49\x92\xf0\xce\x7b\x87\xe0\x19\xb1\x74\x98\x25\
\x00\x8c\x00\xd8\x26\x48\xf4\x58\x65\xe5\xd6\x16\xab\x99\x0b\xef\
\x2d\xfd\x14\x64\xf6\x24\x80\x89\x0a\x9d\xdd\x0c\xc2\x37\x76\x97\
\x6f\xab\x98\xa0\xfa\x2e\x7b\xc2\x02\xaf\xc1\x1d\x77\x3c\x14\xed\
\x8a\x19\xfe\x32\x03\x7d\x07\x80\xe5\x4d\x27\x2e\x57\x04\xe6\xe4\
\xcf\x40\x46\x7a\x4a\x48\xe6\xf7\x67\x6b\x1a\x50\x53\xd7\x18\x4c\
\x11\x03\x00\xfd\x97\x20\x45\xfc\x47\x65\xe5\x53\xa6\xeb\x8d\x6e\
\xb7\x3b\x56\x72\x44\xff\x37\x31\x6c\x0e\xa6\xd2\x40\x21\xe0\xcf\
\x52\x04\xdb\xf2\xc2\xf6\xed\xba\x5b\x9d\xc3\xf0\x31\xad\x96\xe5\
\x78\xf9\xc3\x1f\x9e\x1a\xdc\x55\xb1\xfd\x09\x26\xfa\x16\x02\xec\
\xb7\x00\x2c\x79\xde\x78\x2e\xb8\xe9\xbe\x7f\xf0\x38\x7a\x7a\xed\
\x9d\x8a\x0e\x0f\x7b\x50\xd7\x60\xba\x0c\x67\x46\x0c\xc0\x1e\x96\
\x45\xcf\xd9\x0d\x45\x5b\x1e\x2e\x2d\x2d\xd5\xdd\x8d\xe3\x76\xdf\
\xbf\x48\x16\xa3\xdf\x9b\x2c\x61\x07\x00\x06\x7c\x5a\x18\xa1\x0f\
\xdd\xc5\x5b\xd6\x4e\x56\x1b\x2e\x17\xc2\x02\x6f\xc0\x9e\x67\x9f\
\x6d\xd8\x5d\xb1\x7d\x33\x20\xaf\x05\x68\x9f\xd5\xfc\xbd\x7d\xfd\
\xf8\xe0\xd0\x09\x1c\x3f\x75\x16\x23\xd6\xd5\x6f\x4d\xaa\xce\x99\
\xef\xec\xb3\xd0\x3b\xa5\x30\xd0\xe3\x7d\xc3\xac\xaa\xb0\xa8\xe4\
\x41\xb7\xdb\x3d\x66\x1e\xe2\xbe\x77\xcb\x1a\x49\x94\x5f\x03\xb0\
\x20\x90\xb6\xda\xcc\x0c\x99\xd1\xde\xc2\xe2\x92\xf5\x93\xdd\x90\
\x4b\x99\xb0\xc0\x73\xb0\xbb\x62\xc7\xbe\xa5\x0b\xf2\xaf\x21\x86\
\x2d\x04\x58\x5a\xcf\x66\x8c\xa1\xb9\xb5\x1d\x6f\xed\x3f\x88\xea\
\xda\xc6\xa0\xb6\xe1\x76\x75\xf7\xa2\xad\xbd\xcb\x34\x5d\x00\x93\
\x88\x19\x00\x9e\x92\xc5\xe8\x23\x1b\x36\x96\x6e\x20\x22\xda\x50\
\x54\x72\x8b\x2c\xd3\x5e\x02\x2c\x07\xed\x77\x45\x44\x20\x3d\x35\
\x19\xf9\x33\xb3\x31\x7f\x4e\x3e\x16\xcd\x2f\xc0\xe2\xf9\x05\x98\
\x3f\x27\x1f\xf9\x33\xb3\x91\x9e\x96\x1c\xa8\x71\xd3\x05\x86\x9d\
\x85\xc5\x25\x45\x81\x64\x0e\x13\x9e\xc3\x5b\xc6\xed\x76\xc7\x32\
\x31\xe6\xff\x30\xb0\x47\x00\x58\xfe\xd5\x46\x45\x45\x62\x4e\xfe\
\x0c\xa4\xa7\x25\x5b\xca\xc7\x18\xc3\xfe\x03\x47\xd1\x3f\x30\x68\
\xb5\x4a\xeb\x30\x1c\x01\xa1\x00\x00\x77\x60\xbd\xa8\x48\x17\xb2\
\x32\xd2\x90\x9e\x9a\x8c\x98\x18\xbe\xa8\xd9\x43\xc3\x1e\x9c\x6f\
\xeb\x40\x73\x6b\xbb\xd5\x1d\x8a\x5e\xc8\xf2\x67\x76\x3f\xbf\xe3\
\x65\x2b\x99\xc2\x84\x05\x3e\x60\x0a\xef\x2d\x9d\x0b\xc6\x7e\x04\
\x66\x7c\x8c\x95\x1e\xc9\x89\xf1\x98\x37\x27\x1f\x31\xd1\x7c\xc2\
\xd1\xd0\xd4\x8a\x53\x67\x6a\x02\xa9\x2a\xa4\x44\x47\x45\x62\xd6\
\xcc\x9c\xa0\x0c\x94\x8c\x31\xb4\x77\x76\xa3\xba\xb6\x11\x7d\xfd\
\x03\xbc\xd9\xfa\x41\xec\xda\xdd\xe5\xdb\x0f\x07\x54\xe9\x34\x25\
\xac\xd2\x07\xc8\xee\xe7\xb6\x9e\xde\x5d\xbe\xcd\x4d\xc0\xad\x00\
\x8e\x5a\xcd\xdf\x79\x71\x1b\x6e\x35\xbc\x5e\xe3\x6d\xb8\x3e\x9f\
\x0f\xe7\x6a\x83\xb2\xca\xdb\x0e\x11\x61\x76\x5e\x2e\xae\x5a\xb9\
\x0c\x99\x01\x85\xd6\x1e\x5b\x56\x5a\x4a\x12\x56\x5f\xb9\x18\xf3\
\x0a\xf2\x78\xe3\xf3\xc7\x02\xa8\x0c\x87\xee\xb2\x46\x58\xe0\x83\
\x64\x57\xc5\xb6\xbf\x77\xb4\xd4\x5e\x09\xe0\x21\x06\x58\x0a\x99\
\x33\xba\x0d\xf7\x3c\xde\x7e\xef\x90\x61\x6c\xbd\x73\xb5\x8d\xf0\
\x7a\xed\x31\xfa\xd9\x41\x64\xa4\x0b\x2b\x97\x2f\xc2\xac\xbc\x1c\
\x08\x82\x7d\xcb\x8e\xfe\xc0\x1e\x6b\xae\x5c\xc2\xa7\xf9\x30\x9a\
\x2f\x8b\xd1\xbf\xb4\xad\x01\xd3\x80\xb0\xc0\xdb\xc0\xde\xbd\x7b\
\x7d\xbb\x2b\xb6\xfd\x5a\x94\x1c\xf3\x01\x3c\x09\xc0\xd2\x86\x10\
\x9f\xcf\x87\xaa\xb3\xb5\xd8\xf7\xc1\x11\x74\x74\x76\x8f\xb9\x37\
\x30\x38\x84\x86\x26\x63\x3b\x21\x81\x0d\x59\xad\x33\x50\x62\x62\
\xa2\xb0\x72\xf9\x22\x24\xc4\x87\x6e\x60\x8d\x89\x89\xc2\xaa\x2b\
\x17\xf3\x9e\x0a\xb4\x65\xfd\x3d\x5b\xd6\x85\xac\x31\x97\x19\x61\
\x81\xb7\x91\xca\xca\xdf\x74\xee\xae\xd8\xf6\x55\x99\xc9\x4b\x09\
\xf8\x8b\xd5\xfc\x03\x83\x43\x38\x78\xf4\x14\x0e\x1d\xab\xba\xb8\
\x0d\xf7\xf4\xd9\x5a\xd3\x00\x1c\x8c\xf0\xcf\x82\x24\x2c\x03\x61\
\x57\x60\x2d\xe7\x23\x3a\x2a\x12\x2b\x97\x2d\x42\xa4\x2b\x22\x94\
\xd5\x00\x18\x8d\xd6\xbb\x62\xd9\x02\x9e\x03\x37\x89\x04\x7a\x52\
\xbd\xa4\x18\x46\x9b\xb0\xc0\x87\x80\x17\x76\xee\x38\xb1\xab\x62\
\xdb\x27\x41\x28\x04\x50\x6d\x35\x7f\x7b\x47\x17\xf6\x7d\x70\x18\
\x47\x4f\x9c\x41\x87\x79\xe0\x8d\xf7\x96\xce\x9f\xfd\xdb\xca\xca\
\x67\x8e\xef\x2e\xdf\xe6\x66\x8c\xd6\x02\xf8\x47\x00\xcd\x36\xc4\
\xe9\x70\xe0\x8a\xa5\x0b\xe0\x74\x4e\xdc\x8e\x6a\x41\x10\x70\xc5\
\x92\x79\x3c\x4b\x78\x4b\x24\x31\xe6\x9e\x89\x68\xd3\xa5\x4e\x58\
\xe0\x43\xc8\xee\xf2\x6d\x7b\x04\x69\x70\x01\x18\xfb\x1a\x00\x4b\
\x9b\x40\x64\x99\xa1\xb5\xcd\xd4\x93\x94\x09\xc4\xbe\xfe\xd8\x63\
\x8f\x5d\x5c\xdc\xdf\xb3\x73\xeb\xbb\xbb\x2b\xb6\xad\x83\xcc\x6e\
\x03\xf0\xa1\xf5\x56\x8f\x87\x88\xb0\x68\xfe\xec\x09\xdb\x18\xa4\
\xc4\xe9\x74\x62\xc9\xc2\x39\xa6\x46\x41\x02\xfb\x76\x59\x59\x59\
\xf8\xf7\x6c\x42\xf8\x0b\x0a\x31\x95\x95\x95\x23\xbb\x77\x6e\xff\
\x85\x17\x62\x40\x6e\xba\x46\x30\x42\x79\x65\xf9\xf6\x37\xb5\xee\
\xed\x7e\x7e\xfb\x2b\x4b\x17\xcc\x5a\x45\x8c\xdc\x00\xce\x04\x53\
\x4f\x66\x7a\x0a\x52\x53\x92\x82\x29\x22\x28\xe2\xe3\x62\x91\x37\
\xc3\x74\x63\xde\xe2\x43\xa7\x6a\x6e\x99\x88\xf6\x5c\xca\x84\x05\
\x7e\x82\x78\xb1\xe2\xe9\xa6\x0b\x6e\xba\x6b\x00\xbc\x65\x43\x91\
\x83\xa2\x8f\x19\x86\xad\x7a\xec\xb1\xc7\xe4\x5d\x3b\xb7\xee\x4a\
\x89\x77\x2d\x02\xf0\x10\x00\xcb\x4e\xf8\xa2\x28\xa2\x60\xd6\xcc\
\x40\xdb\x68\x1b\xb3\x66\xe6\xc0\x15\x61\x6c\x3b\x10\x18\x9b\x34\
\x7f\xff\x4b\x85\xb0\xc0\x4f\x30\xbb\x2b\x76\xbc\xbf\x67\xe7\xf6\
\xeb\x2f\x8c\xbc\x86\xc7\x60\x19\xc1\x80\xff\xa8\xac\xdc\xce\x95\
\xff\xa9\xa7\x9e\xf2\xee\xae\xd8\xf6\xeb\x68\xa7\x3c\x97\xc0\x1e\
\x01\x43\xb7\x79\xae\x51\x72\xb3\xd2\xe1\x8a\xb0\x7c\xa0\xa5\xed\
\x08\x82\x80\x99\xb9\x99\x66\xc9\xee\xba\xe3\x8e\x87\x02\x39\x76\
\x77\xda\x10\x16\xf8\x49\x80\x31\xc6\x76\xed\xdc\xba\x4b\x90\x06\
\x17\x33\xd0\xbf\x03\xb0\x18\x19\x93\xd5\x8a\xd2\xe0\x4f\xad\xd6\
\xbb\x63\xc7\x8e\x81\x5d\x15\xdb\x9f\x10\x64\x47\x01\x40\x4f\x10\
\xc8\xb4\xde\xdc\xec\x0c\xab\xd5\x84\x8c\xec\xcc\x74\x33\xa7\x9c\
\x18\x47\xec\xc8\xb5\x13\xd5\x9e\x4b\x91\xb0\xc0\x4f\x22\x95\x95\
\x95\xfd\x7b\x2a\xb6\xfe\x9b\x0f\xc2\x3c\x2b\xf3\x7b\x62\xc2\xbf\
\x56\x56\x56\x06\x7c\x3c\xce\xe8\xf2\xe1\xd6\x47\x64\xb0\x1f\x19\
\xa5\x4b\x4e\x8c\x47\xe4\x24\x18\xea\xf4\x70\x38\x44\xa4\xa7\x1a\
\xef\x41\x10\x20\xdf\x3c\x41\xcd\xb9\x24\x09\x0b\xfc\x14\xe0\xf7\
\x15\xcf\xd4\xef\xae\xd8\xbe\x99\xc9\xec\x16\x00\xc6\xbe\xe1\x84\
\xbd\xbb\x76\x6e\xb5\x67\xbd\x9d\x8c\xb7\xbd\xa6\x4c\xa2\xa1\x4e\
\x8f\xd4\x14\x93\xb3\x34\x18\x5d\x3d\x31\x2d\xb9\x34\x09\x0b\xfc\
\x14\x62\xcf\xf3\xdb\xf7\x2e\x5d\x30\xeb\x4a\x62\xd8\x82\x8f\x0e\
\xc0\x1c\x02\xe1\x15\x02\x7b\x44\x10\xb0\x6a\xe9\xfc\x59\xb6\x1d\
\x0a\x49\xcc\x58\xe0\x93\x12\x2c\x07\xf3\x0d\x39\x49\x89\xf1\x66\
\x4b\x74\x53\x61\xef\xfe\x94\x65\xda\xc5\xa5\x9f\xea\x5c\x58\x53\
\xdf\x71\xef\xbd\xf7\xfe\x71\x44\x8e\x58\x3e\xd0\x13\xf7\x4e\xc8\
\x42\x4c\x13\xe6\xe9\x4d\x22\x88\x08\xb1\x9c\xdb\x5c\x27\x92\x08\
\xa7\x13\x11\x4e\x87\x51\x3c\xbf\x4c\xb7\xfb\xa1\x04\x9e\xd0\x5d\
\xd3\x91\xb0\xc0\x4f\x51\x9e\x7b\xee\xb9\x2e\x84\xc0\x63\xce\xcf\
\xe6\xcd\x9b\x63\xc0\x04\x5d\x67\xf5\xa8\x48\xd7\xa4\xc5\xdb\x37\
\x23\x2a\x2a\xca\x30\x80\xa7\x4f\x18\xce\x00\x10\x16\x78\x0d\xc2\
\x2a\xfd\x34\xa5\xc7\xe7\x32\x74\x52\x9f\x48\x17\x5a\xab\x38\x9d\
\xc6\x6e\xf3\x0e\x91\x26\xf6\x90\x80\x4b\x88\xb0\xc0\x4f\x53\x9c\
\x24\xc7\x18\xdd\x17\xf9\xf6\xa4\x4f\x0a\x0e\xd1\xa4\x33\x62\x72\
\x78\x8f\xbc\x0e\x53\xf7\xbf\x1a\x26\xa4\x30\xf2\x8c\x18\xdd\x97\
\xe4\xa9\x7b\x44\xb6\x59\x5c\x40\x99\x59\xf5\x6b\x98\x3e\x84\x05\
\x7e\x9a\x22\x8e\xc4\x18\xc6\xcf\xf6\xf9\x8c\xa3\xf0\x4c\x26\x66\
\x6d\x13\x24\x47\xf8\x98\x2a\x1d\xc2\x02\x3f\x6d\xe9\xea\x07\xa0\
\x6b\xf9\xf2\x8c\x8c\x98\xee\xc3\x9f\x2c\x86\x3c\xc6\x8b\x16\x92\
\xcb\x6b\x1e\xda\x77\x9a\x12\x16\xf8\x69\xca\x85\x63\x9a\x75\xf7\
\xea\xfb\x7c\x52\x20\x47\x59\x85\x1c\x59\x66\x18\x1a\x32\x14\xf8\
\xfe\x17\x9e\x7d\xd6\xf2\x31\x5a\xd3\x85\xb0\xc0\x4f\x6f\xaa\x8c\
\x6e\xda\x7d\x6a\x8e\x1d\xf4\xf4\xf6\x99\x69\x1e\x55\x6c\xaa\xaa\
\x26\x53\x80\xa9\xbb\xf6\x12\x26\xe4\x30\xb0\x0f\x09\x74\xbb\xde\
\xfd\x8e\xce\x1e\x64\xa4\xa5\x4c\x64\x93\x4c\xe9\x34\x8f\x00\x64\
\x4b\xd0\x0f\x3f\x9b\x36\x6d\x8a\xf7\xf8\xc4\x1b\x24\x17\xde\xb9\
\x1c\xce\xb6\x0b\x0b\xfc\x34\xe5\xe1\x87\x1f\xce\x4d\x8a\x8b\xce\
\xec\xee\xd3\xdf\x83\x73\xbe\xbd\x13\xf3\xe7\xe4\x43\x14\xa7\x86\
\x22\xc8\x18\x43\x8b\x59\x14\x20\x86\x9b\x36\x14\x95\xdc\xb2\xab\
\x62\xdb\xdf\x03\xa9\xc3\xed\x76\x8b\x70\x46\x5f\xc1\x64\x76\x2b\
\x23\xba\x15\xcc\x71\x03\x08\x11\xc2\x08\xba\x36\x14\x6d\x79\x82\
\xa4\xa1\x9f\x55\x56\x56\x1a\xae\x70\x4c\x65\xc2\x02\x3f\x8d\x28\
\x2b\x2b\x8b\x18\x18\x18\xb8\x53\x96\xe5\xcd\x00\x3e\x99\x18\x1f\
\x23\xf6\xf4\x0f\xeb\xaa\xc8\x92\x24\xa1\xb5\xad\x03\xd9\x99\x69\
\x13\xdb\x50\x1d\x3a\xbb\x7a\x30\x3c\x6c\xe2\x65\x4c\x28\x60\xc0\
\x2b\x85\xc5\x25\xaf\x08\x84\x47\x2a\x9f\xdb\xf6\x01\x6f\xf9\x65\
\x65\x65\x82\x2c\x46\xef\x83\x8c\x95\x00\xa9\xf7\x2e\x26\x31\xd0\
\xe3\xcc\x11\xbd\x79\xc3\xc6\x92\x7f\xd9\xb5\x73\xdb\x5f\x03\x7a\
\x88\x49\x26\x2c\xf0\xd3\x80\x87\x1f\x7e\x78\x3e\x80\xd2\x0b\x7f\
\xe9\x82\x20\x5c\x14\xf2\xe8\xc8\x08\x0c\x18\x18\xc1\x6a\xeb\x9b\
\x90\x15\xe4\x41\x13\x76\x51\x53\xdf\xc4\x9f\x98\xe1\x56\x99\xe1\
\xbd\xc2\xe2\x92\xdd\xb2\xcc\xbe\xf3\xc2\xce\xed\x86\xf6\x0a\x00\
\x38\x72\xb2\xe6\x01\x00\x2b\x4d\xca\x5d\xc4\x08\x2f\x17\x16\x97\
\xbc\x22\xf8\x84\xaf\x5e\x6a\xa7\x2e\x85\x8f\x9a\xba\x4c\x29\x2d\
\x2d\x8d\xcc\xcc\xcc\xfc\x0c\x80\x07\x19\x63\xb7\x40\xf1\xbf\x66\
\x8c\x81\x31\x06\x22\xc2\xc0\x90\x07\xad\xed\xc6\xf3\xe2\x79\x05\
\x79\x98\x91\x63\x1a\x6d\x26\xa4\x9c\x6f\xef\xc4\x91\xe3\x5c\x3f\
\x49\x2d\x7c\x00\x9e\xf1\x42\x2c\x7b\xb1\xe2\x69\xcd\x5e\xe3\xce\
\x3b\x1f\x88\x73\x46\x4b\x55\x00\xac\x3c\xa8\x17\xc0\xaf\x04\xc9\
\xf5\xe8\xa5\xb2\x59\x27\x3c\xc2\x5f\x66\x7c\xfb\xdb\xdf\x5e\xc4\
\x18\xdb\x9c\x95\x95\xf5\x59\x00\x29\x7e\xc1\x56\x76\xec\x44\x74\
\xf1\x5a\x94\xcb\x09\x87\x43\x84\xcf\xa7\x7f\x8e\xc5\xb9\xda\x06\
\xa4\xa7\x25\x9b\xc6\x94\x0b\x15\x3e\x49\xc2\xe9\xb3\xb5\xc1\x14\
\xe1\x00\xf0\xa0\x13\xd2\xa6\xc2\xa2\x92\xdf\x08\x92\xf0\xc3\xca\
\xca\x67\xda\x94\x09\x9c\xd1\xd2\xa3\xb0\x26\xec\x00\xe0\x04\xf0\
\x15\x59\xf4\xdc\x5b\xb8\x71\xcb\x0f\x04\x79\xe8\xbf\x2e\x2c\x77\
\x4e\x59\xc2\x23\xfc\x65\x40\x59\x59\x59\xbc\x24\x49\x1b\x25\x49\
\xda\x0c\xe0\x62\x88\x27\xe5\x88\xae\x75\xcd\xff\xbe\xa7\x6f\x10\
\x1d\xdd\xfd\x86\x75\x24\xc4\xc7\x62\xe5\xf2\x45\x13\xae\xda\x33\
\xc6\x70\xe4\xc4\x69\xae\x63\xb2\xb9\x21\xf4\x81\xd1\xff\x78\x07\
\x85\x1f\xbd\xf8\xe2\xd3\x7d\x77\x6d\x2c\x29\x10\x09\xc7\x10\xc0\
\x69\xc0\x2a\x3e\x24\xd0\x57\x77\x55\x6c\x7d\xc3\x8e\x66\x86\x82\
\xb0\xc0\x5f\xc2\x3c\xfa\xe8\xa3\x2b\x31\xaa\xb2\x17\x63\xf4\x70\
\x45\xc8\xb2\x7c\x71\xf4\x56\xff\x6f\xfd\x3e\xe8\xea\x51\x5f\x96\
\x65\xd4\x37\x77\xc0\x27\x19\xfb\xa8\x67\x67\xa6\x61\xc1\xdc\x59\
\x13\x2a\xf4\xe7\x6a\x1a\x50\x5d\x17\xb2\x83\x34\xdb\x08\xec\xa7\
\x00\x5d\xcf\x80\x4f\xdb\x54\x26\x63\x84\xe7\x25\x26\x7c\xf3\xf7\
\x15\xcf\xd4\xdb\x54\xa6\x6d\x84\x55\xfa\x4b\x8c\xb2\xb2\xb2\x44\
\x49\x92\xdc\x44\xf4\x05\x22\x5a\xae\x16\x5e\xbf\x30\x2a\x85\xd2\
\x7f\xcf\x6f\xac\x53\xab\xf8\x82\x20\x20\x39\x31\x16\xe7\x3b\x8c\
\xcf\xca\x68\x6a\x69\x83\x28\x8a\x98\x3b\x7b\xe6\x84\x08\x7d\x6d\
\x43\x73\x28\x85\x1d\x00\xd2\x18\xe8\x71\x9b\xcb\x24\x62\xd8\xe8\
\x80\x7c\x67\x61\x51\xe9\x93\x82\x34\xf0\xc3\xca\xca\x4a\x63\xf5\
\x69\x02\x99\x1a\x0b\xac\x61\x4c\x79\xf4\xd1\x47\x57\x96\x95\x95\
\x3d\x05\xa0\x51\x10\x84\xa7\x88\x68\xb9\xff\x9e\x52\xc8\xb5\x04\
\x51\x79\x4d\x2b\x2d\x11\x21\x2e\x26\x0a\x51\x91\xe6\x73\xf4\xfa\
\xc6\x16\x1c\xaf\x3a\x67\xba\x63\x2d\x18\x18\x63\x38\x7d\xb6\x16\
\x67\xce\x05\x1c\xc5\xdb\x36\x88\x08\xd9\x99\x69\xbc\x47\x58\x2b\
\x89\x02\xd8\xc3\xb2\x18\x7d\x7c\xc3\xc6\xd2\x8d\x34\x15\x96\x39\
\x10\x56\xe9\xa7\x34\x3f\xf9\xc9\x4f\x32\x3d\x1e\xcf\x16\x59\x96\
\x3f\x0b\x60\x8e\xd6\x9c\xdc\xff\x59\x6f\xbe\xae\xbc\x4e\x44\x63\
\x54\x7e\x65\x7a\xc6\x18\x7c\x3e\x09\xf5\x2d\x1d\x90\x39\xb6\xc6\
\xc6\xc6\x44\x63\xc9\xc2\x39\x7c\xc7\x3a\x5b\x60\xd8\x33\x82\x63\
\x27\xcf\xa0\xbb\x67\x6a\xb8\xf5\x66\xa4\xa5\x60\xc9\xc2\x39\xf0\
\x8c\x8c\xe0\x6c\x75\x3d\x5a\xce\x77\x04\xb4\xa9\x88\x01\xfb\x45\
\x62\x5f\xab\x2c\xdf\xfe\x4e\x08\x9a\xc9\x4d\x58\xe0\xa7\x18\x65\
\x65\x65\x82\x28\x8a\x37\x13\xd1\x83\x8c\xb1\x7f\x62\x8c\x5d\x3c\
\x05\x42\x4b\x48\xf5\x0c\x72\xfe\x57\xad\xf9\xbc\x56\x3a\x3f\xfd\
\x83\xc3\x68\x69\xe3\x3b\xa7\x82\x88\x30\x33\x27\x13\xf9\x33\xb3\
\xe1\x70\x04\x37\x3b\x94\x65\x19\x75\x0d\xcd\xa8\xa9\x6f\x82\x64\
\x62\x4b\x98\x28\x04\x41\xc0\xd5\xab\x96\x8d\x39\x53\xaf\xb7\xaf\
\x1f\xa7\xce\xd4\xa2\xb7\x2f\x20\x2d\x9d\x01\xec\x59\x41\x12\xbe\
\x59\x59\xb9\x75\x52\x36\xf8\x84\x05\x7e\x8a\xf0\xa3\x1f\xfd\x28\
\x87\x88\x36\x01\xf8\x3c\x63\x2c\xdf\x7f\x5d\x6f\x94\x56\x7e\x36\
\x32\xd0\xf9\xd3\x29\x5f\x95\xe5\xaa\xf3\x33\xc6\xd0\xd5\x33\x80\
\xce\x1e\xfe\x1f\xb4\x28\x8a\xc8\xcd\x4e\x47\x56\x46\x9a\xe5\x11\
\x7f\x68\xd8\x83\xe6\xd6\x36\x34\x34\xb5\xc2\xeb\xb5\xb4\x07\xdf\
\x87\x10\xdb\xa0\x66\xe7\xe5\x62\x56\x5e\x8e\xe6\xbd\x96\xd6\x76\
\x9c\xa9\xae\x0b\x74\x47\xe1\x00\x81\xfe\x6f\x6c\x24\x1e\xdf\xba\
\x75\xeb\x84\x06\xeb\x08\x1b\xed\x26\x11\xb7\xdb\x2d\xae\x58\xb1\
\x62\x1d\x80\x07\x05\x41\xb8\x0b\x80\x43\x6f\xdd\x5c\x89\xd1\x3c\
\x5d\x6d\xbc\xf3\x97\xa7\x44\x79\x4d\x9d\x1e\x00\x92\x13\x63\x21\
\xcb\x32\xba\xfb\x06\xb9\x9e\x43\x92\x24\xd4\xd6\x37\xa3\xb6\xbe\
\x19\x71\xb1\xd1\x48\x4c\x88\x47\x62\x7c\x1c\xa2\xa2\x22\x11\xe9\
\x8a\x80\xc3\x21\x82\x88\xe0\xf3\xf9\xe0\x19\xf1\x62\x70\x70\x18\
\xbd\xfd\xfd\xe8\xec\xea\x45\x5f\xff\x80\x65\x15\x99\x11\x76\x46\
\x30\xe1\x9b\x5e\xc8\xdf\x01\x70\x3f\x42\xf0\x3b\x76\x45\x44\x18\
\x1e\x60\x99\x99\x91\x8a\xb4\xd4\x24\xd4\x35\xb4\xa0\xa6\xbe\x91\
\x6b\x1a\xa4\x20\x86\x81\x3d\xd6\x37\x8c\x7b\x37\x6c\x2c\xfd\xb6\
\x6d\xe7\x0c\x70\x10\x1e\xe1\x27\x81\x9f\xfc\xe4\x27\x73\x19\x63\
\x0f\x30\xc6\x4a\x18\x63\x19\x80\xf1\xe8\xed\xff\xec\x7f\xd5\x1b\
\x99\x95\xaf\x7e\x8c\xd4\x7f\x23\x35\x1f\x00\x3a\xbb\xfb\x2d\x8d\
\xf4\x13\x03\xfb\x6d\x4a\x7c\xe4\x03\x4f\x3d\xf5\x94\x17\x00\xdc\
\xee\x07\xe6\xcb\x0e\xe9\x07\x60\x28\x04\x60\x9b\x61\x6c\xc9\xc2\
\x39\xdc\x3b\x05\x07\x87\x86\x71\xb6\xa6\x1e\xe7\xdb\x3a\x03\xaa\
\x8b\xc0\x5e\x25\x51\xf8\x5a\xe5\xb3\x5b\x8f\x04\x54\x80\x95\xba\
\xc2\x02\x3f\x31\xfc\xf2\x97\xbf\x74\x0d\x0f\x0f\xdf\x01\xe0\x41\
\x00\xb7\xc8\xb2\x3c\xe6\xc7\x69\xe6\x1c\xa3\x16\x72\xad\x0e\xc1\
\xc8\x60\x67\x54\x97\x91\xe0\x77\xf7\x0e\xa0\xa3\xbb\x7f\x2a\x44\
\xbf\x61\x04\x3c\xbe\x7b\xe7\xf6\x7f\xd3\xda\xef\xee\xde\x54\xba\
\x54\x96\xd9\x77\xc1\xb0\x21\xd8\x8a\x12\xe2\xe3\xb0\x72\xf9\x42\
\xcb\x4b\x8f\x5d\xdd\xbd\xa8\x3a\x5b\x8b\xfe\x01\x3e\xcd\x48\x85\
\x0f\xc0\x33\x82\x24\x7c\x47\xed\x05\x68\x27\x61\x81\x0f\x31\x3f\
\xfe\xf1\x8f\x17\x0a\x82\xb0\x05\xc0\x03\x00\x52\xcd\x04\x5b\x79\
\xcf\x68\xf4\xd6\xbb\x67\x36\x6a\x1b\x75\x22\x7a\xf9\x07\x87\x3c\
\x68\xed\xe8\x99\x4c\x63\x5a\x2f\x31\xfa\x2c\x8f\xea\xbb\xfe\x9e\
\x92\x6b\x21\xe0\x71\x02\xae\x0b\xb4\xb2\xd5\x57\x2e\x46\x7c\x5c\
\x60\x81\x6f\x19\x63\x68\x6a\x69\xc3\xd9\x9a\x06\x78\xbd\x01\xcd\
\xef\xbb\xc0\x58\x59\x47\x6b\xdd\x7f\xef\xdd\xbb\xd7\xf6\xc0\x82\
\x61\x81\x0f\x01\x65\x65\x65\x91\x89\x89\x89\x9f\xf1\xf9\x7c\x0f\
\x12\xd1\xad\x80\xfe\xa8\xad\x7c\x55\xdf\x57\x5e\x53\xde\x53\x7b\
\xc9\x59\xb1\xc4\x6b\x69\x0a\x3c\x75\x49\x92\x8c\xb6\xae\x5e\xf4\
\x0f\x4c\x6c\x40\x58\x02\xfe\x40\x12\xfb\x32\xef\xd1\xd8\x7e\x0a\
\xef\xd9\x72\x2b\x04\xfa\x29\x80\x65\x56\xf2\x65\x67\xa6\x61\xe1\
\xbc\xd9\x96\xda\xa8\x85\xd7\xeb\x43\x75\x5d\x23\x1a\x9a\x5a\x03\
\xd5\x8e\x4e\x12\x63\x5f\xdf\xb5\x73\xfb\xff\x06\xdd\x18\x05\x61\
\x81\xb7\x91\x9f\xfe\xf4\xa7\x2b\x45\x51\x7c\x90\x31\x56\x04\x20\
\xce\xca\xfc\x9a\xf7\x55\x4f\xb8\x8d\x04\xd9\xa8\x1c\x65\x7e\x75\
\x1b\xb5\xf2\x0d\x7b\xbc\x68\xef\xea\x85\x67\x24\xe4\x51\x6d\x8f\
\x11\x63\x8f\xec\xda\xb9\xfd\x4f\x81\x16\x50\x56\x56\x26\x1c\x3d\
\x51\xb3\x9e\x11\x7b\x02\xc0\x2c\xb3\xf4\x0e\x87\x88\xab\x57\x2d\
\xb3\x75\x93\xd0\xc0\xe0\x10\x4e\x9f\xad\x45\x87\x79\xa4\x1e\x3d\
\xfe\x24\x31\x7c\xed\x77\x3b\xb7\x9d\xb5\xa3\x3d\x61\x81\x0f\x92\
\x6d\xdb\xb6\x25\xf6\xf4\xf4\x6c\x22\xa2\xcf\x32\xc6\x96\x03\x63\
\x85\x46\xed\x91\xa6\xfe\x6c\xa6\xd6\x1b\xbd\xaa\xf3\xa9\xf3\x6b\
\x2d\xcd\x69\xd5\xa9\x67\x1c\x34\xaa\x63\x70\xc8\x83\xee\xde\x01\
\x0c\x79\xec\x0e\x74\x49\xfb\x88\xe1\xc7\x4b\x16\xe6\xff\xfe\xc2\
\x39\x7b\x41\xe3\x76\xbb\x23\x24\x31\xfa\x35\x02\x0c\x4f\x96\x9d\
\x33\x7b\x26\xf2\x72\xf5\x2d\xf3\xc1\xd0\xde\xd9\x8d\xaa\x33\x35\
\x18\x32\x0b\xe0\xa1\x8d\x17\xc0\xaf\x22\x45\xdf\x77\x9f\x7d\xf6\
\x59\x63\xff\x67\x13\xc2\xcb\x72\x01\xf2\xe4\x93\x4f\xae\xc4\xa8\
\x01\xee\x5e\x22\x8a\xd1\x53\xdb\xd4\xcb\x5f\x7e\x7f\x76\xff\x67\
\x2d\x3f\x78\xa3\xb2\xfc\x02\xea\x4f\xa7\xb7\xe4\xa6\x95\x4e\xab\
\x4e\x3d\xff\x7a\xbd\xe7\xf0\x97\x17\x1d\xe5\x42\x54\x64\x04\x7c\
\x92\x8c\xbe\x81\x21\x0c\x0e\x79\x02\x1e\xf5\x9d\x0e\x11\x11\x4e\
\xb1\x77\x60\xd8\x7b\xd5\xee\xf2\xad\x27\x03\x2a\xc4\xb0\x82\xe8\
\xa5\x24\x63\x8d\x51\x92\xa8\x48\x17\x66\x64\x87\x6e\xcf\x7f\x6a\
\x72\x22\x92\x57\x2d\x43\x63\xf3\x79\x9c\xad\x69\x80\x24\x59\xda\
\x45\xeb\x04\xf0\x95\x61\xc9\xb1\xa1\xb0\xa8\xe4\x7b\x82\x34\xf8\
\x74\xa0\xdb\x70\xc3\x02\x6f\x81\x5f\xfd\xea\x57\x49\xb2\x2c\x6f\
\x00\xf0\x25\x41\x10\x96\x02\xda\x6a\xba\x96\xf0\x68\xad\xad\xab\
\x3f\x6b\x95\xa3\xfc\xac\xbe\xaf\x55\x96\x32\x9a\x8d\x3a\xbf\x51\
\x47\xa1\x4c\xcf\x18\x33\xec\x98\x04\x41\x80\x2c\xcb\x10\x04\x01\
\x4e\x22\x24\x27\xc4\x22\x29\x3e\x06\x92\x2c\x63\x78\x78\x04\x5e\
\x9f\x84\x11\xaf\x0f\x92\x24\x43\x92\x19\x64\xc6\x80\x0b\x65\x12\
\x01\x0e\x51\x18\xfd\x73\x88\x70\x39\x1d\xb8\x50\xed\xbb\xdb\x9f\
\xf9\xb5\xed\xc2\x4e\x44\x74\xf7\xc6\x2d\x3f\x27\x93\x7d\x23\xf3\
\x0a\xf2\x20\x08\xa1\x75\x77\x17\x04\x01\x33\x72\x32\x91\x9e\x96\
\x8c\xea\xda\x46\x34\x36\x9f\x37\xcf\x34\x96\x2c\x00\x4f\xc9\x62\
\xf4\x43\xee\xe2\x2d\x5f\xad\x2c\xdf\xfe\xa6\xd5\x02\xa6\x8d\xc0\
\x97\x95\x95\x09\xc7\x4e\xd7\x2c\x66\x3e\x2c\x60\x60\xf3\x40\x48\
\x67\x0c\xd1\x10\x10\x4b\x0c\xbd\x00\x7a\x01\x34\x11\x63\x27\x49\
\xc6\x31\xbf\x91\xa8\xac\xac\x4c\x48\x4f\x4f\xbf\x19\xa3\xa3\xf9\
\x9d\x44\x14\xa1\x1e\x45\xf5\x04\x48\x89\xd6\x28\xee\xcf\xab\x16\
\x2e\xad\x74\x66\x65\xeb\x39\xd2\xf8\x8d\x7a\x46\x6d\xd0\xba\xa7\
\x44\xa9\x05\x28\xdb\xa7\xb6\x09\x88\x82\x80\x98\xe8\x48\x4d\x9b\
\x82\xb2\x0e\xad\xe9\x05\x00\xfb\x47\x76\x00\x77\x6f\x2c\xd9\x44\
\x60\x86\x16\xfb\xe4\xc4\x78\xa4\xa6\x24\x85\xa2\x7a\x4d\x5c\x11\
\x11\x58\x30\x77\x16\xb2\x33\xd3\x70\xfa\x5c\x5d\x20\xfb\x06\x56\
\xc8\x8c\xde\x28\x2c\x2a\xf9\x13\x13\x1c\x5f\xda\xf3\xdc\x6f\xb8\
\xa3\x83\x5c\xd6\x02\x7f\xe7\x9d\x0f\xc4\x39\xa2\xe5\xf5\x02\xd8\
\x1d\x0c\xb8\x09\x40\x92\xd2\x35\x83\x08\x50\x9f\x8f\xce\x88\xc0\
\x44\x60\x43\x71\x69\x6d\x7c\x5c\xdc\xf9\xfc\x19\x99\xb9\x18\xed\
\x59\xc7\x8d\x76\x7a\x6a\xb2\xde\x67\xad\xf7\x4a\xb4\x46\x79\x75\
\x79\x46\xea\xba\x32\x92\x8d\x96\x00\x6b\x8d\xda\x3c\xed\xd5\xba\
\xaf\x2c\xcf\xec\x59\xf4\x9e\x57\xf5\x1c\xa7\x34\x13\x05\xc1\x1d\
\x77\x3c\x14\x1d\x11\xc3\x7e\x68\x94\x86\x88\x30\x6f\x4e\xbe\xdd\
\x55\x73\x11\x1f\x17\x8b\x15\xcb\x16\xa2\xad\xbd\x0b\xa7\xab\xeb\
\xcc\x03\x74\x8e\xe7\x76\x92\x7d\x37\x17\x16\x95\xfe\x92\x77\x1b\
\xee\x65\x29\xf0\x85\xc5\xa5\x0b\xc0\xd8\xc3\xce\x68\xb8\x01\x44\
\x07\xb2\x28\xc2\x18\xcb\xeb\xe9\xed\xcd\x3b\x74\xac\x17\xae\x08\
\x27\x72\xb2\x32\x30\x23\x27\x03\x0e\x87\x63\x9c\x60\x98\x09\xbe\
\xaa\xdc\x31\xf7\xcc\x3e\x2b\xbd\xef\xb4\x54\x7c\xad\xce\x47\xab\
\x5e\x35\x7a\x1d\x86\xff\x9e\xb2\x4e\xa3\xd1\x5f\xdd\x06\xf5\xb3\
\x1a\xd9\x06\x54\x5a\xc2\x09\xc3\x06\x07\x80\x2b\xc6\xf3\x2d\x06\
\xcc\x34\x4a\x93\x93\x95\x6e\xfb\x8e\x3f\x2b\x10\x11\xd2\xd3\x92\
\x91\x92\x9c\x80\x9a\xfa\x66\xd4\x35\x34\x5b\xdd\x7a\x1c\x8d\xd1\
\x6d\xb8\xf7\x6c\x28\x2a\xf9\xac\x59\x78\xee\xcb\x6a\x3f\xfc\x3f\
\x15\xdd\x3f\x63\x7d\x71\x49\x05\x18\x3b\x06\xa0\x04\x40\xb4\x1d\
\xe5\x7a\x46\xbc\x38\x57\xdb\x80\x37\xf7\x1d\x44\x75\x6d\xe3\x38\
\xe1\xf0\xbf\x2a\xff\x94\xd7\x94\x18\xe5\xd3\xfa\x6c\x76\xcd\xa8\
\x2c\xbd\x7a\x95\x7b\xbb\xb5\xda\xad\x75\x9d\xe7\x39\xb4\xee\xf1\
\x3e\x9b\x20\x08\xb6\xaa\xf4\x77\x15\x95\xe6\x33\xe0\x1b\x46\x69\
\x9c\x4e\x07\x66\xe7\xe7\xda\x59\x6d\xc0\x88\xa2\x88\x82\xfc\x5c\
\xac\x5d\xb5\x0c\xe9\xa9\xc9\x81\x14\x91\xcf\x80\xbf\x15\x16\x97\
\x94\x19\x25\xba\x2c\x04\xbe\xac\xac\x4c\x28\xdc\xb8\xe5\xeb\x0e\
\xc8\xc7\x89\x61\x23\x42\xf4\x5c\x92\x24\xe1\x5c\x6d\x03\xde\xfd\
\xe0\x08\xba\x7a\xfa\x4c\x7f\xf4\x7a\x9d\x81\x9e\xb0\x2a\xd1\xea\
\x34\x94\x6a\xbb\x1a\xad\x32\x01\x8c\x13\x6e\xad\x3a\xf4\xca\xd2\
\x1a\xb9\x79\x9f\x41\x9d\x5f\xfd\x3c\xa3\x06\xbc\x8b\xcf\xd5\xfb\
\xb3\x9f\xfd\xac\x59\xb3\x31\x01\x22\x12\xfb\x31\x00\xc3\xa1\x7b\
\x56\x5e\x2e\x9c\x41\x6e\xeb\xb5\x9b\xc8\x48\x17\x96\x2e\x9a\x8b\
\x15\xcb\x16\x22\x36\xc6\xf2\x78\x45\x60\x78\xb4\xb0\xa8\xe4\x3f\
\xf5\x12\x5c\xf2\x02\xef\x76\xdf\x9f\x76\xe4\x44\xcd\x4b\x20\xfa\
\x29\x2e\xc4\x75\x0b\x35\x43\x43\xc3\xf8\xf0\xf0\x09\x54\xd7\x35\
\x8e\x31\x50\x01\xda\x82\xee\xc7\x6c\xe4\xd5\x12\x24\xa5\x3a\xec\
\x17\x5e\x33\x2d\xc2\x9f\x56\xaf\x4d\xea\xfa\x94\xe9\xd5\x91\x5d\
\xd4\x75\xea\x75\x3e\x5a\x82\xac\x7e\x66\x2d\xf5\xfe\xc2\x7d\x5b\
\xd5\x79\xf7\xbd\x25\x2b\xcd\x7c\xea\x63\xa2\xa3\x90\x9b\x95\x6e\
\x67\xb5\xb6\x92\x94\x18\x8f\x35\x2b\x96\x60\xc1\xdc\x59\x70\x3a\
\x9d\xe6\x19\xc6\xf2\x2f\xeb\x8b\x4a\x1e\xd0\xba\x71\x49\x0b\xbc\
\xdb\xfd\xc0\x7c\x59\x94\xde\x03\xb1\x8f\x4f\x46\xfd\xd5\xb5\x8d\
\x38\x72\xe2\xcc\xb8\xad\x91\x66\xea\xb7\xde\x08\xa9\x4c\xaf\x97\
\x56\x5d\xa6\x55\x75\x5e\x5d\x9f\x3a\x8f\x72\xbe\xae\x97\xcf\xa8\
\x5e\xf5\x7c\x5f\xaf\x9d\xaa\x7b\xf6\x5a\xe8\xbd\xcc\x74\xf3\x09\
\x11\xa1\xaf\x3f\xa0\x4d\x2e\x13\x06\x11\x21\x27\x2b\x1d\xd7\xac\
\x5e\x86\x19\x39\x99\xba\x1a\x99\x66\x5e\xe0\x3f\xef\x2c\x7a\x20\
\x5b\x7d\xfd\x92\x15\xf8\xf5\x1b\xef\x5f\x21\x8b\xd2\x1b\x00\xe5\
\x4d\x66\x3b\xda\x3b\xba\x70\xf0\xe8\x49\x48\x92\xcc\xa5\xe6\x6a\
\x61\x94\x96\xa7\x3c\x33\x61\x53\xbe\x37\x6b\x97\x7a\x84\xe6\x69\
\xab\xf2\x9e\x59\x3d\x5a\xd7\xed\x9e\xbf\x57\x56\x6e\xaf\x03\x19\
\x5b\xfd\xfb\x07\x06\xf1\xde\x87\x47\x71\xfc\xd4\x59\x78\x46\xa6\
\xf6\x51\x71\x0e\x87\x03\xf3\x0a\xf2\x70\xd5\xca\xa5\x48\x49\x4a\
\xe0\xcd\x16\xef\x24\x79\x9c\x0d\x63\xc2\x04\xbe\xb9\x22\x27\xb5\
\xbd\x3c\xe7\x37\x9d\x15\x59\x8b\x83\x2d\xcb\xed\xbe\x6f\x8e\x40\
\xf2\x4b\x00\xa6\xc4\xa1\x67\x3d\xbd\xfd\x38\x74\xac\x6a\x9c\x35\
\xdd\x4c\xf0\x82\x19\xf9\xb5\xae\xf9\x85\xd5\xa8\x0c\xbd\xf6\x01\
\xe3\xe7\xfb\xbc\x6d\xd5\x6b\xa7\x91\xfd\x40\xf5\xbd\xd8\xbf\x06\
\xcf\xe8\x15\x9e\x64\xcd\xad\xed\x78\x7b\xff\x21\x54\xd7\x36\x86\
\x34\x30\xa7\x1d\xc4\x44\x47\xe1\x8a\xa5\x0b\x70\xe5\xd2\x05\x7c\
\x2b\x0b\x8c\x15\xb9\xdd\x6e\x51\x79\x69\xc2\x04\xde\x29\xe3\xcb\
\x00\x1e\x90\x99\x70\xa4\xbd\x3c\xe7\x6f\xed\x15\x39\x9f\x09\xa4\
\x9c\xe2\xe2\xe2\x54\x59\x14\xff\xc6\x80\x0c\x9b\x9b\x18\x14\xdd\
\x3d\xbd\x38\x51\x55\xcd\x3d\x32\x9b\x8d\x7c\x46\xc2\x65\x24\x70\
\x7a\x9d\x01\xcf\x94\x40\xab\x0c\xad\xb2\xb4\xee\xe9\xd9\x00\x8c\
\x3a\x0c\x05\xf6\x0b\x3c\xf1\x09\x3c\x30\xea\x9c\x74\xae\xb6\x01\
\xfb\x3e\x38\x82\xb6\x0e\x1b\x0f\xbc\x08\x11\xc9\x49\x09\x58\xb3\
\x62\x09\x72\xb3\x4d\x45\x20\x4b\xa6\xa8\x75\xca\x0b\x13\x62\xa2\
\x6c\xfd\x6d\x66\x8c\x28\x8a\x5f\xb8\xf0\x91\x00\xdc\x0a\x86\x5b\
\xdb\xcb\x73\x0e\x10\xe8\x17\x29\xce\xc6\xe7\xb0\x81\x99\xfa\x06\
\x13\x11\xad\xbf\x67\xf3\x76\x10\xf2\x03\x6a\x88\x23\x02\x94\x92\
\x0f\xa4\xcc\x04\xc5\xa4\x00\x11\x31\x80\x28\x82\xf9\x46\x80\xe1\
\x3e\xa0\xaf\x0d\xac\xa3\x1a\xe8\x6c\xc4\x38\x8f\x1c\x0e\x5a\xdb\
\x3a\x90\x10\x1f\x8b\x19\x39\x99\xba\xeb\xdb\x7e\xf4\x3c\xe0\xf4\
\xbc\xf8\xf4\x5c\x75\xf5\xfc\xf0\xb5\xf2\x2a\xeb\x37\xaa\x53\x99\
\x46\x2f\xbf\xba\x1c\xad\xb5\x76\x75\xbb\x75\xca\xf6\xf6\xf5\xf5\
\xd9\xb2\x13\x4c\x89\xe0\x8b\xd8\x2b\x8b\x1e\x4b\x71\xef\x06\x87\
\x86\x71\xf8\x58\x15\x92\x12\xe3\x31\xaf\x20\x2f\x10\x2b\xf9\x84\
\x21\x08\x02\xe6\x15\xe4\x61\x68\x68\xd8\x78\x27\x9e\x40\x1f\x07\
\x70\xb1\xf3\x9b\x10\x81\x17\x05\xe1\x73\x00\x52\x35\x6e\xad\x60\
\x60\xdb\xdb\xbd\xd9\x8f\xb2\xf2\xec\x5f\x7a\x9c\xe2\xaf\x73\x37\
\xd4\xeb\x1e\x58\xbe\x7e\xe3\x96\x2f\x03\xf8\x94\xe5\x06\xc4\xa5\
\x81\x0a\xae\x01\x65\x2f\x04\xc4\xf1\x5b\x1f\x69\xcc\xfb\x75\xc0\
\x70\x1f\x58\xed\x01\xb0\x9a\xfd\xc0\x88\xfe\xf9\xe9\x5a\x9c\xa9\
\xae\x43\x72\x52\x02\x62\xa2\xa3\x74\x5d\x57\xd5\xc2\x6e\x24\xd0\
\x5a\x82\xa8\xcc\xa7\xbe\x06\x7c\xe4\xeb\xae\xee\x68\x8c\x04\x5b\
\x59\xa7\xb2\x0d\xea\xf2\x75\xac\xec\xe3\xda\xa5\xee\x28\x0c\x3a\
\x98\x33\xfe\x70\x55\x76\x52\x59\xf9\x54\xcf\xdd\xc5\xa5\x9f\x12\
\xc0\x7e\x0e\x86\x45\x56\xf2\x76\x75\xf7\x62\xff\x81\xa3\xc8\xce\
\x4c\x47\xc1\xac\xa9\xb7\x74\xe7\x87\x88\x90\x93\x9d\x61\xb6\xf5\
\x76\x8c\xe3\x51\xe8\x55\xfa\x5f\xaf\x72\x82\xe8\x6b\x26\xa9\x0a\
\x08\xf4\xf3\x48\xaf\x5c\xd3\x5e\x9e\xf3\xbd\x9e\xf2\xbc\x71\x8e\
\xcd\xdf\xfc\xb7\xb2\x2b\x88\x84\x1f\x5b\xaa\xdb\x11\x09\x5a\x76\
\x3b\x84\x9b\x3e\x0f\x9a\xb1\x5c\x53\xd8\x35\x89\x8c\x03\xcd\xbf\
\x11\xc2\x2d\x5f\x06\xe5\xaf\x06\x34\x46\x36\x3d\x64\x99\xe1\xd4\
\x99\x1a\xcd\x35\x73\x1e\x35\xdf\x68\x4e\xcc\x5b\x86\xfa\xbd\xd6\
\x3d\x75\xf9\x7a\x53\x08\x75\xbd\xea\xe5\x3e\xad\x76\x9a\x3d\x97\
\xea\x35\x24\x3e\xf4\x00\xf0\x42\xf9\xd6\xbf\x75\x34\xd7\x2e\x07\
\xf0\x10\x00\x4b\x61\xa3\x18\x63\x68\x6c\x6e\xc5\xdb\xfb\x0f\xa1\
\xb6\xbe\x69\xca\xce\xef\xe3\x63\x63\x0c\xef\x33\x60\x86\xf2\x73\
\xc8\xbb\xae\x8e\xd8\x96\x22\x00\xbc\x96\xf4\x74\x00\x8f\x79\xe1\
\xfb\x7a\x47\x79\xce\x56\xc1\x99\xf4\xd3\xbd\xe2\xf7\xe7\xc9\xb2\
\xfc\xa0\x0f\xf3\x37\x7e\x00\x00\x20\x00\x49\x44\x41\x54\x2c\x79\
\xd7\x33\x26\x73\x77\x50\x94\x90\x09\x5a\xb5\x01\x88\x0e\x62\x53\
\x84\x23\x12\xb4\xf4\x93\xa0\x8c\xb9\x90\x3f\x78\x01\xf0\xf1\x45\
\x7b\xe9\xea\xee\x45\x5b\x7b\x17\x32\xd2\x53\x74\x37\xac\x18\x8d\
\xb4\xfe\xf4\x4a\xb5\x5d\xad\x29\xf8\xd3\x98\x69\x08\xc0\xf8\x1d\
\x74\x3c\x23\xbc\x56\x3a\xf5\x26\x1a\xe5\xc6\x1f\x65\xbd\x5a\x6d\
\x30\x98\x72\x84\x4c\xe0\x01\xe0\x42\x98\xa8\x5f\xdf\xbd\x65\xcb\
\x1e\xf2\x08\xdf\x27\x62\x0f\xc2\xc2\xef\xde\xe7\xf3\xe1\x4c\x75\
\x3d\x9a\xcf\xb7\x63\xde\xec\x3c\x24\xf3\x5b\xc9\x27\x04\xb3\x35\
\x7a\x22\x36\xc6\x6d\x2f\xc4\x23\x3c\x91\x4c\xf8\xd7\x00\x32\xc6\
\x31\xe0\x2b\x3e\x5f\x6f\xcd\x7c\xef\x6f\xff\x26\x0f\xd4\x6d\xa8\
\xab\x6f\xe2\x6f\x6b\x4a\x3e\xe8\x9a\x92\xe0\x84\x5d\x49\xfa\x1c\
\x08\xd7\x95\x8c\xce\xf9\x39\x39\x57\xdb\x70\xf1\xbd\x91\x41\x4c\
\x7d\x4f\xcb\x71\x45\x2b\x8d\x1a\xbd\x51\x59\x6b\xc4\x57\xbe\x57\
\x76\x40\x46\x1a\x89\x56\x07\xa0\xd7\xd1\xa8\xdb\xa3\xee\x34\x54\
\xf7\x42\x2a\xf0\x7e\x5e\xd8\xbe\xbd\x63\xcf\xce\xad\x5f\x04\xd1\
\x52\x00\x96\xc3\x46\x0d\x0c\x0c\xe1\xc3\x23\x27\xf1\xe1\x91\x93\
\x18\x18\xb0\x36\xcd\x0b\x25\x5e\x9f\xc9\x6c\x88\xa1\x43\xf9\x31\
\xa4\x02\xdf\xfe\x5c\xce\xa7\x89\xb1\x25\x81\xe6\x27\x26\x51\x86\
\xb4\x1f\x2d\x27\x5e\xe2\x57\xa9\xe2\x33\x21\xac\xb9\x07\x70\xd8\
\x7c\x96\x79\x5c\x3a\x84\xab\x8b\xb9\xa7\x05\x03\x83\x43\x68\x6b\
\xef\x34\x55\x69\xd5\x02\xa1\x35\x5a\x1a\x09\xb3\x52\x80\xb4\xd2\
\xea\xa9\xd7\xea\x6b\xfe\xba\xf5\x84\x5e\xaf\x3d\xca\x76\x98\xd5\
\xaf\x7c\x3e\x85\x66\x32\x21\x02\xef\x67\x77\xf9\xd6\x93\xbb\x2b\
\xb6\x7d\x0a\x44\x77\x01\xb0\x6c\x2c\xec\xec\xea\xc1\xfe\x0f\x8f\
\xe2\x4c\x75\x9d\xd5\x20\x16\x21\xc1\x74\x87\x1d\xa3\x89\x13\x78\
\x10\x7b\x38\xd8\x22\xbc\x92\x80\xfd\x8d\x9c\x91\x48\x1c\xae\x51\
\x35\xde\x11\xec\x31\xdf\x3a\x24\x64\x41\x58\xca\x6f\x33\x6c\x6a\
\x69\xd3\x9d\x73\x9b\x8d\xc4\x5a\xcb\x5b\x7a\xf9\xf5\xd2\x28\xcb\
\xd3\xd2\x2c\xd4\xf3\x71\x65\x9d\x5a\xae\xb9\x7a\xe5\x68\xbd\xd7\
\x6a\x93\xb2\x4e\x45\x07\x61\xfb\xb6\x58\x1e\x76\x97\x6f\xfd\xfd\
\x60\x4f\xfc\x62\x30\xfa\x16\x08\x96\x36\xa4\xcb\xb2\x8c\xda\xfa\
\x66\xbc\xf3\xde\x21\x34\xb5\x84\x2c\xa2\x34\x17\x3d\xbd\x26\x3b\
\x62\x09\x63\xf6\x28\x84\x4c\xe0\x3b\x76\xce\xb8\x0a\x41\x84\x0a\
\xf6\x73\xa8\x25\x1d\xc3\x3e\xbe\x29\x17\x2d\xbc\x19\x14\x13\xe2\
\x40\x06\x33\x96\x81\xd2\xe7\x70\x25\x6d\xef\xec\x1e\x13\xaa\xd8\
\x48\xf8\xd5\x02\xc5\xeb\xe2\xaa\x7c\x55\xa2\xa5\x39\xe8\x09\xad\
\x56\x5e\xa3\xa5\x38\x33\xd5\x5f\x6b\x94\x57\x3f\xd7\x05\x9a\x1e\
\x7f\xfc\xf1\x80\xa3\x3b\x06\xcb\x4b\x2f\x3d\xe9\xd9\xbd\x73\xeb\
\xe3\x4c\x94\xe6\x03\xd8\x06\xc0\x92\x65\xce\x33\xe2\xc5\x89\xaa\
\x73\xd8\x7f\xe0\x28\x7a\x7a\x27\xe7\xf0\xcb\x4e\xd3\xe0\x98\xb4\
\x4f\xf9\x29\x64\x02\xcf\x98\xfc\x6d\x3b\xca\x39\x7c\x5e\x6b\x35\
\x6f\x3c\x14\x9b\x02\xca\x5b\x69\x47\x95\xe6\x2c\xba\x0d\xe0\x38\
\xe4\x84\x31\x86\x8e\xce\x1e\x5d\x95\xdb\x48\x70\xf4\x5c\x5c\x8d\
\x54\x77\x9e\x6b\x5a\xe5\xe9\x79\xe8\x99\x4d\x0f\xb4\xf2\x69\xb5\
\x55\x59\x9e\x2a\xcf\x84\xaa\xf3\x7a\xec\xf9\xed\x6f\x9b\x77\x57\
\x6c\x2b\x65\x4c\x58\xcd\x00\xcb\x61\xa3\xfa\xfa\x07\xf0\xfe\xc1\
\xe3\x38\x74\xac\x2a\xd0\x20\x95\x01\xe1\x19\x19\x41\x67\xb7\x49\
\x4c\x4b\x01\x6f\x8c\xfd\x18\x02\x3a\x2a\x72\x16\x80\xe1\x76\x3b\
\xca\xaa\x6a\xe7\xdb\x1b\x4c\xb3\xaf\x06\x68\x62\x1c\x07\x29\x2e\
\x0d\xc8\x9c\xc7\x95\xb6\xb3\xbb\xc7\x50\xed\xd5\x13\x60\xe5\x7d\
\xbd\xd1\x52\x9d\x46\xab\x5c\xad\x72\xf4\xa6\x0c\x4a\xab\xbe\x1a\
\x2d\xa1\xd7\x73\xb6\xd1\x9b\xae\x68\xa4\x9d\x12\x02\xef\x67\xcf\
\xce\x67\x0e\xbc\xb0\x73\xfb\x0d\xc4\xb0\x09\x40\x83\x69\x06\x15\
\xed\x1d\x5d\xd8\xf7\xc1\x61\x9c\xab\x6d\x98\x90\x43\x3b\x1a\x9a\
\xce\xeb\x06\x17\x01\x00\x02\x9a\xf6\x94\x6f\x3b\xa3\xbc\x16\x1a\
\x09\x61\x78\xd8\x8e\xb2\x3b\x06\xa3\xd0\x3d\xcc\x31\x1f\x17\x1c\
\x40\x76\xc0\xb6\xc1\x80\xa0\x19\x57\x70\xa5\xeb\xbe\xa0\xea\x19\
\x09\x82\x99\x90\xfb\xaf\x29\x0d\x63\x7a\xe5\x98\x8d\xcc\x46\xf5\
\xf8\x47\x5f\x3d\xe3\x9d\xde\x9f\x56\xfb\xb4\xa6\x1d\x1a\xf9\xa6\
\x94\xc0\x03\x00\x63\x8c\xed\xda\xb9\xed\xb9\x91\x01\xd7\x7c\x02\
\x7b\x04\x80\xa5\xc3\xf5\x24\x49\x46\x75\x6d\x23\xde\x79\xff\x10\
\x5a\x5a\xdb\x0d\x05\x32\x18\xbc\x5e\x2f\x1a\x9a\x8c\x4f\x9c\x66\
\xc4\x9e\x63\xaa\x06\xd8\x2a\xf0\xaf\xbc\xf2\x4a\xc2\x9b\x7f\xfc\
\xe5\xc3\x32\x89\x5b\xec\x28\xaf\xb9\x9f\x6f\x19\x8c\x52\x66\x02\
\xce\x10\x19\xea\xf4\xea\x4c\x9b\x0d\x08\xa2\x69\xba\xc1\xc1\x61\
\xcd\xa5\x2f\xbd\x11\xdb\x48\x03\x50\x5a\xb8\xb5\xac\xf3\x7a\xf9\
\xb5\x84\x5a\x99\xd6\x2c\xc8\x45\x20\x06\x44\x9e\xfb\xb2\x2c\x4f\
\x8a\xc1\x8e\x87\x3f\xfc\xe1\xa9\xc1\x5d\x15\xdb\x9f\x60\x82\x63\
\x09\x08\x96\x4f\x77\xf5\x78\x46\x70\xec\xd4\x59\x7c\x70\xe8\x04\
\xfa\xfa\x07\x6c\x6f\xdf\xb9\xda\x46\xf8\x7c\xc6\xab\x04\x82\x4f\
\xdc\xa6\xbe\x66\x8b\xe3\xcd\x5f\xff\xfa\xd7\x95\x82\x20\x3c\xc8\
\x18\xdb\x94\xec\x3b\x10\x4d\xe6\x6e\xf1\x5c\x9c\xef\xe7\xf4\x65\
\x4e\xd2\x3e\xc3\x3b\xa4\x88\x4e\x20\x3e\x03\xe8\x6e\x32\x4c\xc6\
\x18\xc3\xd0\x90\x07\x31\x31\xe3\x77\x37\x29\x85\x58\x2d\x14\x5a\
\xae\xb3\x6a\xe1\x57\xbe\xfa\xf3\xa8\xef\xab\xaf\xab\xeb\xd6\xeb\
\x6c\x8c\x5c\x68\xf5\xfc\xfd\xcd\xbe\x07\x65\x39\x8c\x31\x44\x46\
\x46\x56\x19\x66\x9a\x02\x5c\x88\x08\xeb\x5e\x7f\x4f\xc9\x0d\x44\
\xf8\x05\x08\x7c\xaa\xdd\x05\x7a\x7a\xfb\x2e\xb8\xe9\xa6\x61\x76\
\xfe\x0c\xb8\x22\x2c\x07\xb3\x18\x47\x57\x77\x2f\x1a\x9a\x5a\xcd\
\x92\xbd\xa5\x75\x40\x4c\xd0\x23\xfc\xdd\x77\x7f\xf2\xf7\x44\xf4\
\x3e\x80\x07\x1d\x6c\x30\x3a\x65\xf8\xf5\x60\x8b\xbc\x48\xff\x08\
\xdf\x9a\x37\xc5\xf0\x19\xf6\xec\x86\x62\xf9\xea\x1d\xf1\x7a\x4d\
\x55\x6c\x9e\x79\xaf\x5a\x80\x8d\xf2\xe9\x8d\xd8\x5a\xe5\xe9\x4d\
\x0b\xcc\xda\x6a\x36\x2d\x51\x7f\x56\xe5\xf3\x2c\x5a\xb4\xa8\x7e\
\x5c\xe1\x53\x94\x3d\xcf\x6f\x7b\x5d\x90\x07\x57\x01\xf4\x20\x00\
\xcb\x01\xe5\x9b\x5a\xda\xf0\xce\x7b\x87\x50\x5b\x6f\x39\x48\xe5\
\x18\x46\xbc\x5e\x1c\x3f\x65\xee\x3e\x20\x13\x95\x69\x5d\x0f\x5a\
\xe0\x1d\x0e\x71\xae\xff\x1f\x99\x3a\xf4\x77\x88\xcc\xbe\xc3\x06\
\x87\x25\x73\x95\x19\x00\x58\xc4\x24\x45\x1d\x75\xf2\xd5\xab\xdc\
\x27\xcf\x33\x17\xd6\x4a\xab\xbc\x66\xd5\x82\xaf\xbe\x67\xe4\x0f\
\xaf\x2e\xcf\xac\xbd\x46\xf5\x1a\xe5\x01\x70\x7a\xc3\x86\x0d\x93\
\xef\xb9\x62\x81\xca\xca\x4a\x69\x77\xc5\xd6\xff\x27\x48\x83\x05\
\x04\x2a\x03\x60\xc9\x24\x2f\x49\x12\xce\x54\xd7\xe1\xdd\x0f\x8e\
\x04\x74\x96\xbc\x2c\xcb\x38\x7c\xec\x34\x86\x3d\xc6\x01\x3b\x18\
\xf0\xe6\x0b\xe5\x5b\xff\xa6\x75\xcf\x96\x39\x3c\x11\x41\x80\x0f\
\x69\x43\x86\x11\x72\x2d\x23\xf1\xba\xce\x0b\x93\xb4\x9b\x49\xe4\
\xab\x57\xd9\xa3\xeb\x8d\xc0\xea\x6b\xea\xeb\x7a\x02\x6e\x36\x22\
\x6b\xe5\x33\x0a\x43\xa5\x35\xbf\xd7\x2b\xcb\xa8\x7d\x66\xf3\x7a\
\x41\x10\xb8\xce\x2e\x9c\x8a\x54\x56\x56\xf6\xef\xaa\xd8\xfa\x3d\
\x41\x12\x97\x13\xf0\x67\xab\xf9\x87\x86\x86\x71\xe4\xc4\x69\x4b\
\x6e\xba\x3e\x9f\x84\x43\xc7\xaa\x78\xd6\xfb\x25\x82\xfc\x7f\xf4\
\x6e\xda\x66\xb4\x4b\x19\x7e\x1d\x0e\xb9\xdb\xae\xe2\x00\x00\x11\
\x22\xe7\x00\x20\x4d\x52\x88\x22\x1f\x5f\xbd\x4e\xa7\xd3\x70\x14\
\xf7\xc3\xab\x46\xab\xd3\xe8\xa9\xcf\x56\xb4\x06\xad\x32\xf5\xb4\
\x01\xa3\x0e\x48\x6f\x25\x41\x23\xff\x94\x35\xd8\xf1\x52\x59\xf9\
\xf4\xa9\x5d\x15\xdb\x6e\x97\x89\x3e\x89\x00\x56\x1c\x3a\xbb\x7a\
\xb0\xef\xc0\x11\x54\x9d\xa9\x81\xd7\xab\x7f\x2e\xdf\xe0\xd0\x30\
\x0e\x1c\x3e\xce\xe1\x64\x03\x80\xd8\x7f\xee\xae\xd8\xb1\x4f\xef\
\x76\xd0\x02\x2f\x08\x02\x04\x62\x48\x1b\xfc\x4b\xb0\x45\x8d\x23\
\x52\xe4\x3c\x9c\x70\x68\x72\x9c\xb5\x18\x67\xbd\xa2\xa8\x3f\x35\
\xb1\xa2\x0e\x1b\x09\x9e\x8e\xda\xac\x3b\x0d\xe0\x29\x53\xaf\x9d\
\x4a\x0d\x41\x5d\xae\x56\x04\x5f\xad\x67\x90\x65\xf9\x92\x1d\xe1\
\xd5\xbc\x50\xbe\xf5\x2f\x29\xf1\xae\x65\x8c\xe8\x5f\xc0\x60\x69\
\xd4\x63\x8c\xa1\xbe\xa9\x15\xef\xbc\x77\x08\x0d\xcd\x63\xcf\x92\
\xf7\xfa\x7c\xa8\xa9\x6b\xc2\xfe\x03\x47\xf8\x02\x6e\x12\x8e\xc7\
\xb9\x84\x47\x8d\x92\xd8\xa2\x0b\x27\x0c\xef\x47\x84\xcf\xd4\x6a\
\x68\x99\xe4\x28\x4e\x7b\x40\xaf\x65\x1b\x8a\x2d\x50\xdf\x79\xae\
\xb8\x38\x51\x91\x2e\x5d\x15\x57\x6b\x7b\xab\x5a\xa8\xf4\xb6\xc4\
\xaa\xcb\x50\xbf\xf7\x7f\x1e\xd3\xe6\x0b\x42\x67\xe8\xb0\x41\xe3\
\x2d\xf0\xca\xf4\xca\x00\x1b\x46\x2b\x03\x5a\xd3\x02\x7f\x5a\x87\
\xc3\x71\xc9\x8f\xf0\x4a\x2e\x04\xf1\xf8\x79\x71\x71\xf1\xb3\x1e\
\xd9\xf5\x43\x22\xf6\x59\x00\x7c\x46\x28\x8c\x0a\xf7\xa9\xd3\x35\
\xa8\xae\x6d\x44\x42\x5c\x2c\x46\xbc\x5e\xf4\xf5\x0f\x5a\x31\xf0\
\xf5\x00\x70\x6f\xdd\xba\xd5\x50\x68\x6c\x51\xe9\x53\x07\x35\xed\
\x03\x41\x93\x11\xcb\x17\x46\x98\x75\xd4\x86\xa4\x7e\x43\x06\xbb\
\xc0\x06\xcd\x3b\x73\x87\x43\x44\x64\xe4\x78\x1f\x01\x33\x75\x9b\
\x43\x25\x1e\x77\x5f\xfd\x1e\xd0\x8f\x4f\xaf\x4c\xab\xdc\xd0\xc2\
\xdb\x2e\xbd\xf6\x19\x4d\x0f\x94\x7f\x0e\x87\x63\xca\x2f\xc9\x05\
\x42\x79\x79\x79\xfb\x9e\x9d\x5b\x3f\x2f\x33\x79\x29\x18\xbd\x6c\
\x35\xff\xc8\x88\x17\x6d\x1d\x5d\xe8\xe9\xed\xb7\x22\xec\x12\x31\
\xb6\x69\x77\xf9\xb6\x63\x66\x09\x83\x16\x78\x22\x42\x6d\xf2\xd7\
\x71\x3e\xee\x6e\xf8\x04\x7b\xcf\x81\xc8\x8a\xeb\x87\x40\x1c\x63\
\x68\x7f\x3b\xd0\x37\xb1\xa3\x3c\x6b\xe6\x3b\x3b\x21\x2e\x36\x56\
\x57\x90\x95\x98\xa9\xd1\x3c\x6a\xbc\x96\x60\xe9\xad\x91\x6b\x09\
\xa6\xd9\x3d\xa3\x29\x80\xde\x74\x42\xa7\xec\xee\x6f\x7d\xeb\x5b\
\x93\xbb\xcd\x2c\xc4\xbc\xb0\x73\xc7\x89\xdd\x3b\xb7\x7e\x02\x84\
\x42\x00\xd5\x21\xac\x4a\x22\x86\xcf\xed\xda\xb9\xfd\x4f\x3c\x89\
\x6d\x51\xe9\x7d\x14\x8b\xd6\xd8\xbb\x71\x3e\xf6\x0e\x24\x0e\xbd\
\x8b\xb4\xbe\xdf\xc1\x25\x05\xaf\xe2\x47\x39\x7d\xc8\x8d\xef\x43\
\x5d\x4f\xbc\x69\x5a\x56\xf3\x01\x68\xe9\x27\x83\xae\x93\x0b\x26\
\x83\xd5\x1e\xe0\x4a\x9a\x9a\x92\x38\xe6\xb3\x9e\x10\x18\x09\xa6\
\x5e\xd4\x1c\x75\x10\x4b\xa3\x40\x92\x7a\x1d\x8d\xba\x3c\x65\xb9\
\x7d\x03\x43\x18\x1c\x1a\xc6\xd0\x90\x07\x5e\xaf\x17\x32\x63\xf0\
\xf9\x24\x88\xa2\x00\x41\x18\x3d\xe3\xdd\x15\xe1\x44\x64\xa4\x0b\
\xb1\xd1\x91\x10\x45\xd1\xb4\x9e\x0b\x5c\x56\xea\xbc\x11\xbb\xcb\
\xb7\xed\x29\x2d\x2d\xfd\x73\xff\xb0\xfc\x75\x06\xfa\x36\x00\xfe\
\x28\x2a\xe6\x0c\x13\xa3\x7b\x77\xed\xdc\xfa\x02\x6f\x06\x5b\x04\
\xfe\xa3\x30\x47\x4e\x74\x45\x5d\x87\xee\xa8\x6b\x11\x3b\xfc\x21\
\xd2\xfb\x7f\x8f\x68\xef\xb9\xa0\xca\x5e\x98\xda\xc9\x27\xf0\xf5\
\x07\x41\x73\xaf\x05\x22\xcd\xd3\x06\x4d\xc3\x51\x60\x80\x6f\x1d\
\x35\xed\xc2\xb9\xe3\x5a\xc2\xaa\x85\x96\xe0\x29\xaf\x6b\xa5\x57\
\x97\xab\x36\xb0\x29\xcb\x32\x0a\x85\xe5\x93\x24\x74\x74\xf6\xa0\
\xbd\xb3\x1b\xfd\x03\x83\xe3\x4e\xd4\x31\x23\x3a\xca\x85\x84\xf8\
\x58\x24\x27\xc4\x21\x42\xe5\x51\xa6\xec\x08\x04\x41\xb8\x2c\xd5\
\x79\x3d\x2e\xcc\xab\xff\xfd\xce\xa2\x07\xb6\x39\xe1\x7b\x1c\xa0\
\x4d\x00\xc7\x76\x4b\x03\x08\x68\x05\x68\xe3\xae\x9d\x5b\xff\x61\
\x25\x5f\xd0\x02\xaf\x65\xbd\x65\x20\xf4\x45\xae\x40\xaf\xeb\x4a\
\xc4\x78\xab\x90\xd6\xff\x47\xc4\x7b\x0e\x06\x54\xfe\xca\x9c\x56\
\xbc\x7c\x36\xdf\x3c\xa1\xe4\x05\x3b\xfa\x57\xd0\xaa\xc2\x80\xea\
\xe1\xc6\xeb\x81\x7c\x82\xcf\xdf\x20\xd2\x15\x81\x94\xe4\x8f\xf6\
\xe7\xf3\xc6\xac\x33\x1a\x95\xf5\x5c\x6a\xd5\x69\x95\xc2\xad\xde\
\x5b\xaf\x16\xfa\xa1\x61\x0f\x1a\x9a\xcf\xa3\xbd\xa3\x3b\xa8\xcd\
\x1e\x83\x43\x1e\x0c\x0e\x79\xd0\xdc\xda\x81\xd8\x98\x28\x64\xa6\
\x25\x23\x2e\x76\xac\x7b\x34\x63\xec\xb2\xb2\xd0\x5b\xe1\xc5\x8a\
\xa7\x9b\x00\x6c\x2e\x2c\xda\xfc\x24\x20\xfc\x1c\xc0\xb5\x01\x15\
\x44\xd8\x45\x3e\xe1\x8b\x95\x95\xcf\x58\x9e\x16\xd9\x32\xc2\x1b\
\x59\x8e\x07\x9c\xf3\x30\x90\xf4\x0d\x44\x7a\x6b\x91\x36\xf8\x17\
\x24\x0e\xbd\x03\x02\xbf\x83\xd5\xcc\x84\x5e\x64\xc7\xf5\xa3\xa9\
\xcf\xdc\x3e\xc0\x9a\x8f\x83\xea\x0e\x02\x33\x2d\xb9\x3b\x5b\x82\
\x1d\xfa\x23\xe0\xe1\x0b\x76\x90\x9b\x93\xa5\x69\xe1\x56\x8f\xb4\
\x5a\x6a\x3b\x30\x5e\x75\x57\x1b\xc2\x94\xd7\x8d\x7c\xdf\xd5\xda\
\x82\x9f\x11\xaf\x17\xd5\xb5\x8d\x68\xeb\xb0\xd7\x7f\x02\x00\xfa\
\x07\x86\x70\x66\xa0\x11\x31\xd1\x91\xc8\xcd\x4a\x47\x54\x64\xc4\
\xc5\xb6\x4c\xb7\x11\x5e\xcd\xee\x8a\x1d\xef\x13\xd1\xf5\x85\xf7\
\x6c\xb9\x8f\x11\xca\x00\xe4\x73\x66\x7d\x8b\x01\x3f\xde\x53\xbe\
\xed\x0f\x81\xd6\x6d\xfb\x08\xaf\x37\x3a\x0d\x3b\xf3\x50\x9f\xf0\
\x10\x5a\x62\xee\x42\xda\xe0\xcb\x48\x1e\xfa\x07\x04\xc6\xe7\xb8\
\x72\x63\x7e\x3d\x2a\x8e\x2c\xe4\x4a\x2b\x1f\xf9\x33\x28\x2a\x7e\
\x74\x37\x9b\xcd\xb0\x93\x7b\xc1\x9a\xc7\xed\x47\xd0\x84\x08\xc8\
\x9f\x91\x79\xe1\x3d\xdf\xdc\x1c\xd0\x8f\x4a\xab\x95\x4f\x9d\x46\
\x2d\xfc\x5a\x69\xfd\x34\xb7\xb6\xe3\x5c\x6d\x63\xc8\xe3\xb2\x0d\
\x0c\x0e\xa3\xea\x5c\x3d\x52\x93\x13\x90\x93\x99\xea\x6f\xc7\xb4\
\x99\xc3\xeb\x71\x61\xdb\xea\x8e\x87\x1e\x7a\xa8\xa2\xb3\xc7\xe3\
\x06\xc1\xcd\x80\x9b\x31\xf6\x04\x64\x0f\x80\xa3\x00\xf6\x03\xf2\
\x33\xbb\x2b\x76\xbc\x1f\x6c\xbd\xa4\xa5\xc2\xb9\xdd\xf7\xcd\x91\
\x45\x91\x4b\xed\xba\x6f\xe3\x7a\x24\x27\x27\x6a\x8e\x20\xca\x11\
\xc8\xbf\xc4\xe0\xff\x2c\xca\xbd\x48\x1d\x7c\x05\x29\x03\x7f\x85\
\x83\x19\x6f\x1f\xf4\x49\x02\xbe\xf3\xea\x75\x7c\x7b\xe3\x81\xd1\
\x13\x66\x56\x16\x72\x87\xa2\x32\x85\x31\xb0\xaa\x7f\x80\x55\xbd\
\x61\x9e\xf6\x02\x57\xe5\x36\x63\xe3\x15\x8d\xa8\x66\xd7\xa2\x81\
\xad\x81\x8f\x39\x2f\x14\xc5\x34\x5f\xfd\xef\xd5\xdf\x97\x3a\x0d\
\x00\xcd\x7b\x5a\xe5\x68\xa5\x91\x24\x09\x27\xcf\xd4\xa0\x3d\x04\
\xa3\xba\x19\x51\x91\x2e\xe4\xcf\xc8\x64\x59\x99\x19\xf1\x5f\xf8\
\xc2\x17\x2c\xed\x33\x9f\x2e\xdc\x59\xf4\x40\xb6\xc8\xbc\x09\x0e\
\xd9\x41\x49\x49\xce\xd3\x76\x1f\xd2\x11\xb4\xc0\x6f\x2e\x2a\x44\
\xd2\x85\x58\xdd\x7a\x3f\x32\xf5\x3d\xe5\x0f\x56\x60\xc3\x48\x1e\
\x7a\x0d\x69\x83\x7f\x41\x84\x34\x26\xc0\xe6\x18\xde\xa8\xcd\xc5\
\x73\x87\xf9\x46\xf9\xd1\x82\x05\xd0\xfc\x75\xa0\x39\xd7\x20\x28\
\xfb\x88\x77\x08\xec\xe0\x1f\xc1\x5a\xf8\x3d\x27\x1d\xa2\x8c\xc7\
\x6e\x7c\x1b\x69\x31\xa3\x7e\xd2\x5e\xc4\xa0\x4e\x5e\x85\x1a\xf9\
\x5a\x78\x10\xa7\x2b\xa4\xea\x6b\xea\x75\x58\xbd\x34\x63\xec\x27\
\x06\xaf\x23\x23\x5e\x1c\x3a\x56\x85\x81\xc1\xc9\x0b\xb3\x2c\x8a\
\xa2\xec\xf3\x4a\x37\xec\x79\x7e\xdb\x5b\x93\xd6\x88\x69\x8c\x6d\
\xbe\xf4\x5a\x73\x4f\xe5\x75\xbd\xf5\x62\x99\x22\xd1\x16\xf5\x31\
\x9c\x48\xfe\x09\xea\xe2\x1f\xc4\x90\x23\x57\xb3\xfc\xeb\xf2\x1a\
\x91\x9f\x68\x12\xbf\x4b\x89\x2c\x83\x9d\xf8\x3b\xd8\x1b\x4f\x03\
\x9d\x75\xd6\x1f\x88\xc9\x40\xdd\x01\xc8\xaf\xfe\x8f\x25\x61\x07\
\x80\x8f\x15\xd4\x5c\x14\x76\x00\x70\x62\x00\x05\xc2\x6b\x58\x27\
\x3e\x81\xe5\xe2\x2e\xc4\x0a\x1d\xe3\xd6\xad\xcd\x1c\x56\xd4\xe9\
\xf4\x3e\xab\xcb\xf2\xbf\xf7\x8c\x78\x71\xe0\xc8\xc9\x49\x15\x76\
\x00\x90\x24\x49\x20\x01\x7f\xbd\xbb\xb8\xf4\xb6\x49\x6d\xc8\x34\
\x25\xe8\x11\x7e\x4b\xf1\x06\x24\x25\x25\x98\x8e\x56\x7a\x6a\xa6\
\xd6\xbd\xe8\x91\x53\xc8\x18\xfc\x33\x12\x46\x0e\x8d\xa9\xab\xa1\
\x37\x0e\x8f\xbf\xb1\x06\x3e\xfe\x03\x68\x3e\x22\x39\x17\x34\xe3\
\x0a\x50\xc6\x5c\xc0\x15\xa7\x9d\x86\x31\xb0\xfe\x36\xa0\xe9\x04\
\x58\xfd\xc1\x80\x7c\xf4\xb3\xe3\xfa\xf1\xad\xeb\xf7\xc1\x29\xea\
\x7b\x49\x31\x10\xda\xd8\x7c\x9c\x96\x6e\x46\x37\xcb\x1d\xf3\x7d\
\x69\x19\xd8\x94\xf7\xb5\x54\x7e\x75\x1a\x65\x5a\x60\x34\x1c\xd2\
\x07\x87\x4e\x60\x70\xc8\xbe\xad\xcb\x36\x30\x48\x10\x6e\xdb\x55\
\xf1\xcc\xdb\x93\xdd\x90\xe9\x44\xd0\x02\x5f\x72\xaf\x1b\x89\x89\
\xf1\xe3\xd4\x4a\x5e\xb5\xd5\x48\xf5\x8f\xf2\xd6\x20\x75\xf0\x65\
\x24\x7b\xde\x05\x5d\x88\x20\xfc\x5a\x4d\x2e\xb7\x01\x4f\x0f\x8a\
\x49\x02\x62\x52\xc0\x22\x63\x41\x24\x00\x92\x6f\x74\x23\x4c\x5f\
\x1b\x30\xc2\xe7\xce\xab\x45\x84\x28\xe1\x5b\xd7\xef\x47\x56\x1c\
\xff\xf4\xb4\x8b\xe5\xe1\xac\x7c\x23\x5a\xe5\xf9\x60\x6c\xfc\x3a\
\xbd\xd5\x57\x3f\xfe\xff\x81\x2c\xcb\x38\x70\xf8\x84\x79\xfc\xf2\
\xc9\xa1\xcd\x07\x61\xe5\xef\x2b\x9e\xb9\x64\x02\x61\x5c\xea\xd8\
\x32\xc2\x27\x27\x8f\x7a\x93\xf1\xfe\x08\xb5\x46\x32\xa3\x11\x3f\
\x42\x3a\x8f\xf4\xa1\xbf\x21\x65\xe8\x1f\x10\xe0\xc5\xb3\x87\x16\
\xe2\xcd\x3a\x6d\xd5\x7f\xb2\x10\x88\xe1\x73\x2b\x8f\xe0\xca\xac\
\xc0\x3c\x0c\x7b\x59\x26\xaa\xe5\xeb\xd1\x28\x2f\x83\xcc\x04\xae\
\x8e\x92\x47\xf8\xab\xce\xd6\xa2\xae\x61\xcc\x59\x04\xfc\x44\x44\
\x81\xd2\xe7\x81\x52\xf2\xc0\xe2\xd3\x41\x91\x71\xa3\x31\x00\x98\
\x0c\x78\x06\x80\xbe\x76\xb0\xae\x7a\xa0\xb5\x0a\x6c\x20\xe0\x73\
\xd5\xdf\x4a\x89\x77\xad\x0b\xc5\x09\xb2\x61\xc6\x63\xcb\xb2\x9c\
\x99\xa3\x88\xf2\xd5\x6c\x0e\xaa\xb5\x9e\x3f\x22\xa6\xa3\x21\xf6\
\x5e\x34\x47\xdd\x8e\xb4\xe1\x57\xe1\x5e\xfe\x0a\xfa\x47\x22\x70\
\xb0\x25\x3d\xd8\xe6\xdb\x86\x7b\xc9\xc9\x80\x85\x1d\x00\xe2\xa9\
\x05\xcb\xc5\x5d\x98\x27\xfe\x1d\xe7\xa4\xb5\xa8\x93\x56\x43\x82\
\x53\x77\xbd\x5e\xf9\x59\xcf\x9d\xb5\xa3\xb3\x1b\xf5\x8d\xc6\x91\
\x4d\xb5\xa0\xb8\x74\x60\xee\x75\xa0\xac\x85\x17\x03\x75\x8e\xab\
\x21\x22\x06\x88\x4b\x07\x65\x2f\x02\x16\x7d\x0c\xd4\x59\x0b\x76\
\xe6\x2d\xb0\xf3\x96\x4f\x6f\xba\xb6\xa3\xc7\xf3\x2d\x00\xdf\xb7\
\xdc\xd0\x30\x96\xb1\x45\xa5\x4f\x49\x49\xd2\x9c\x77\x6a\xcd\x4d\
\x01\x6d\xeb\xb3\x95\x11\x4d\x64\xc3\x48\x18\x7c\x0d\x7f\x7d\xfb\
\x34\x0e\x34\xf0\xc5\xad\x0f\x15\x02\x31\xdc\xb3\xe4\x24\x6e\xcc\
\xb7\x1c\xc6\xdc\x10\x2f\x62\x50\x2d\x5d\x85\x1a\x69\x2d\x46\x10\
\xcd\xad\x0d\xf9\xdf\x4b\x92\x84\x77\xdf\x3f\x6c\xcd\x48\x27\x3a\
\x41\x0b\x6f\x05\xe5\xaf\x44\xa0\x31\xfe\xd9\xf9\xb3\x60\x87\xff\
\x64\xd5\xfe\x31\x2c\x31\x2c\xf9\xdd\xce\x6d\x96\x7b\x8b\x30\xd6\
\xb0\xc5\x4a\xaf\x35\x7a\x1b\xed\xa2\x32\x3a\x00\x51\xab\x0c\x75\
\x1a\x89\x22\xd1\x19\xf3\x71\xac\xbe\xf5\xf3\x58\x3d\x7f\x02\x7c\
\xe7\x75\x88\x74\xf8\xf0\xb9\x95\x47\x6c\x17\x76\x60\xd4\xb2\x3f\
\x4f\x7c\x15\xb7\x44\xfc\x04\x4b\xc5\xdf\x23\x86\xc6\x5b\xf6\x01\
\xfd\x1d\x73\x0d\xcd\xe7\x2d\x09\x3b\xc5\x24\x41\xb8\xfe\x73\xa0\
\x59\xab\x03\x16\x76\x00\xa0\xf4\x02\x08\x37\x3c\x08\xa4\x15\x58\
\xc9\x16\x29\x12\xfb\x71\xc0\x95\x86\xe1\xc6\x96\xed\xb1\x7a\x41\
\x11\xf5\x96\xe4\xd4\xf9\xd5\xd7\xcd\x62\xae\x5f\x9c\x46\x90\x03\
\x57\xac\xfd\x34\x6e\x5b\x77\x1d\x5c\x4e\xee\x58\x03\xb6\x90\x1b\
\xdf\x87\x6f\x5d\xbf\x3f\x28\x35\x9e\x07\x11\x23\xc8\x13\xdf\xc3\
\xba\x88\x9f\x63\x8d\xf3\xb7\x48\x40\xbd\xe9\x92\x9e\x2c\x33\xd4\
\xd6\x35\xf2\x57\x12\x97\x0a\xba\xa6\x14\x88\xb3\x29\xfa\x6f\x44\
\x14\x84\xab\x8a\x40\x59\x8b\x2c\x64\xa2\x7f\x2a\x2c\x2e\x59\x6c\
\x4f\x03\xc2\xe8\x61\x8b\x2f\xbd\x9e\xfb\xa6\xde\x3d\x2d\x57\x52\
\x3d\xf7\x52\x65\x5e\xe5\x7c\x55\xf9\x3e\x3f\x6f\x06\xd2\xd3\x53\
\xb1\xff\xfd\x83\x38\x7d\xb6\x26\xc8\xa7\x31\xc6\x29\xca\xf8\x78\
\x41\x0d\x3e\x31\xb7\x1a\x0e\x21\xf4\xc7\x09\xf9\x21\x30\x64\x08\
\xa7\x90\xe1\x3a\x85\x2e\x96\x87\xd3\xbe\xeb\xd1\x22\xcd\x07\x30\
\xde\xee\xd1\xdc\x7a\xde\x34\xb2\xe9\xc5\x72\x23\xe3\x40\x57\x6f\
\x02\x22\xed\x8d\x65\x00\x12\x40\x2b\xee\x02\x7b\x77\x10\xe8\xa8\
\xe1\xc9\x21\x80\xd1\xbf\x02\x28\xb1\xb7\x21\x61\x94\xd8\x32\xc2\
\xeb\xa9\xee\x6a\x07\x1c\x2d\xd5\xd3\xff\xde\xff\xea\xcf\xa3\x55\
\xae\x9e\x93\x09\x11\x21\x26\x3a\x1a\x37\x5d\xbf\x16\xb7\x7f\xe2\
\x16\x64\x65\xda\x6f\xcc\x73\x08\x0c\xd7\xce\x6c\xc4\xf7\xd6\xbd\
\x8d\xdb\xe7\x9f\x9d\x50\x61\x57\x93\x44\xb5\x58\xe3\x7c\x16\x37\
\xb9\xfe\x07\x33\xc4\x83\x10\x68\xac\xdb\x72\x63\x33\xaf\xd6\x41\
\xa0\x15\x77\x87\x6e\x4b\xb1\x20\x42\x58\x71\xf7\xa8\x81\x8f\x0b\
\x56\xe8\x76\xbb\x6d\xee\x79\xc2\x28\x09\xd9\x6e\x39\x1e\xd4\x23\
\xb6\xbf\x2c\x75\x99\xea\x57\x65\x7e\x65\x1e\x00\xc8\xca\x4c\xc7\
\xed\x9f\xb8\x05\xad\xe7\xdb\x70\xb2\xea\x2c\x6a\xea\xea\x31\x32\
\xc2\x19\x0c\x53\x83\x94\xe8\x21\x5c\x95\xdb\x8c\xeb\x66\x36\xf2\
\xc7\xd8\x9b\x20\xe2\xa9\x19\x57\x3a\xf7\x60\xbe\xe3\x55\x9c\x93\
\xd6\xa2\xc6\xbb\x12\x7d\x43\x12\xba\x7b\xf8\x76\xf3\x51\xde\x95\
\x40\x4a\x5e\x68\x1b\x19\x19\x0b\x5a\x7c\x1b\xd8\x87\xbf\xe7\x49\
\x1d\x23\x89\x31\x77\x01\xf8\x6d\x68\x1b\x35\x7d\x09\xc9\x7e\x78\
\xf5\x67\x23\xa1\x05\xf4\x03\x2f\x06\x93\x3e\x23\x3d\x0d\xe9\x69\
\xa9\xb8\xf6\xea\x55\x68\x6a\x39\x8f\x96\xe6\x46\xb4\xb7\xd4\xa0\
\xb3\xd7\x83\x21\xaf\xfe\x7c\x3f\x29\xd2\x83\xec\xf8\x3e\xcc\x4b\
\xe9\xc2\xfc\xd4\x2e\xe4\x25\xf4\xc0\x62\x3f\x36\xe1\x44\x53\x17\
\x96\x38\x5e\xc2\x3c\xf1\x35\xfc\xbe\xe9\x6a\x30\xc6\xa1\xb8\x09\
\x0e\xd0\xfc\x1b\x43\xdf\x38\x00\x94\xb3\x14\xec\xec\x3b\x40\xaf\
\xb9\xe6\x41\x60\x9f\x44\x58\xe0\x43\x46\xc8\xf7\xc3\xab\xdf\xeb\
\xdd\xd3\xb3\x03\x68\xcd\xe7\xb5\xea\xd5\xd2\x10\x00\xc0\xe1\x70\
\x60\x46\x4e\x16\x72\xb3\x33\x01\xac\x84\x00\x09\x91\x7d\xef\x20\
\xba\xe7\x1f\xc0\x48\x27\x86\x7d\x0e\xc4\x44\xf8\xe0\x12\x25\x24\
\x46\x0e\xc3\xe5\xb8\xa4\x0e\x43\x19\x43\x04\x0d\xa0\xab\xab\x0d\
\x40\x86\x79\xe2\xdc\x65\xfa\x2e\xc6\x76\x43\x04\x2a\xb8\x1a\xec\
\xc3\x17\xcd\x93\x02\x37\x13\x11\x31\xa3\x7f\x7c\x98\x80\xb1\xcd\
\xf1\xc6\x8f\x91\x6a\xaf\xa5\xc2\xfb\xcb\x50\xde\x57\xaf\xdf\xeb\
\x95\xab\xfe\x4d\x68\x95\xad\xbe\xce\xc8\x81\xc1\xb8\xeb\x30\x18\
\x7b\x0d\x12\xbc\x87\x91\x3b\xfc\x12\xe2\xa4\xe0\xc2\x70\x4d\x25\
\xaa\xbb\x12\xcd\x13\x01\xa0\xdc\xa5\x21\x6e\x89\xaa\xbe\xcc\x85\
\x60\xe2\x4b\x80\x64\xec\x50\xc7\x80\x8c\x0d\x1b\xee\xcb\x47\x68\
\x03\x3f\x4e\x5b\x42\x12\x00\x03\xd0\x77\xaf\x55\xe6\x51\xe7\x33\
\xf2\xd6\x53\x6b\x01\x7e\x94\x31\xd2\xf5\xca\x54\xa7\x1d\x4d\x24\
\xa0\x27\xe2\x0a\x74\x3b\x97\x23\xd6\x77\x1a\xd9\x9e\xbf\x20\xd1\
\x7b\x04\xe0\x8a\x34\x3f\x35\x19\xf6\x39\xd0\xe3\xe1\x88\x19\xe0\
\x88\x00\x25\xcf\x08\x7d\x83\x54\x75\x22\x79\x26\xd0\x66\xee\x5b\
\xe3\x73\x88\xf3\x11\x16\xf8\x90\x60\xeb\xa1\x6c\x5a\xaa\xb5\x1a\
\x33\x15\x5d\xf9\xaa\x2e\xcb\x6c\x3e\xaf\x65\xe4\xfb\x28\xc0\xe6\
\x28\xca\xcf\xfe\x74\xfd\x8e\xb9\xa8\x72\xcc\x45\x94\xd4\x88\x2c\
\xcf\xcb\x48\xf1\xee\x87\x5d\x47\x5e\x4f\x24\x6d\x03\x51\xe0\x52\
\x84\x13\xb2\x82\x72\xae\x09\x14\x4a\xca\x06\xe3\x10\x78\x02\xe6\
\x02\xb0\xff\x28\xa3\x30\xf6\x1d\x26\xa9\xb5\xdc\xe6\xff\xac\x95\
\x8e\xe7\xcc\x32\xa3\xb2\x2e\x3e\x80\xce\x11\x4a\x5a\x75\x9b\xbd\
\x1f\x14\xb2\x71\x36\xaa\x14\x1f\xc6\x3d\x8e\x06\xd7\xed\x90\x68\
\x92\x4e\xa5\x0d\x90\x01\x2f\xdf\xd9\xe3\x14\x9b\x12\xe2\x96\xe8\
\x10\xc3\x59\x2f\x93\x27\xd7\x5f\xfa\x32\xc6\x56\xa3\x9d\x12\xa5\
\xfa\x6c\x64\x94\x33\xb3\xb6\x9b\x69\x0c\x3c\x65\xaa\xf3\x2a\xa7\
\x00\x6a\x5f\x01\xc6\x18\x7c\x94\x88\xc6\xc8\x3b\xd0\xe2\xba\x0d\
\xa9\x23\x6f\x21\xdb\xf3\x32\x22\xd8\xe4\x9c\x5f\x67\x05\x8f\x8f\
\xd3\xdb\x70\x8a\x1f\xaf\x2d\x30\x9a\x20\x6b\xe2\xf4\xc3\xb6\x39\
\xbc\xf2\xbd\x5f\x48\x95\x11\x5a\xf5\x54\x71\xe5\xe6\x0f\xbd\xa5\
\x3d\xb5\x5a\xae\xae\x8b\xa7\x83\xd0\x53\xeb\xf5\x0c\x7d\x00\x20\
\x51\x14\x5a\x5d\xb7\xa2\x35\xe2\x46\xa4\x7a\xdf\x47\xb6\xe7\x25\
\x44\xc9\xa1\x75\xa5\x0d\x06\x99\x67\x39\x0e\x80\x8d\x81\x8e\x2c\
\x41\x82\xc0\x65\x21\x61\x04\x3e\x55\x25\x8c\x65\x6c\x9b\xc3\xeb\
\x8d\xe8\x46\xcb\x6f\xfe\xfb\xea\xeb\x4a\x21\xb7\x32\x72\xab\xe7\
\xf3\x7a\x5b\x73\x95\xde\x7c\x7a\x1d\x92\x32\x1f\xc8\x89\x36\xe7\
\xd5\x68\x77\x5e\x85\x04\xef\x61\xe4\x78\x5e\x42\x9c\x5c\x63\xed\
\x0b\x9a\x00\x5c\x0e\x4e\x07\x23\xdf\xe4\x38\x10\x31\x9f\x87\x2f\
\x21\x81\xcf\x73\x28\x8c\x65\x6c\x53\xe9\x95\xaf\x66\x1e\x74\xfe\
\x57\x2d\x4b\xbe\x5a\xf0\x8c\x46\x6f\xad\xce\xc3\x8a\xd1\x50\xad\
\x59\x18\xf9\x02\x8c\xa6\x01\xba\x9d\xcb\x2f\x5a\xf6\x73\x46\x5e\
\x46\x92\xef\x28\xa6\x8a\x65\x3f\x92\x57\xe0\x07\x27\x69\x7a\x32\
\xc0\x59\xaf\x4c\x53\x7f\xfe\x74\x89\x12\x12\x95\xde\x8f\x9e\xe0\
\x1b\x2d\xd5\x99\x0b\xdd\xd8\x39\xb7\x5a\xab\x30\x53\xf5\x81\xf1\
\x96\x7a\x7f\x7e\xad\x4e\x48\xeb\x99\xfa\x07\x06\x71\xb6\x35\x02\
\xaf\x74\x5c\x8b\x81\x9e\xf9\x18\x18\xe8\xc6\xb0\x47\xc2\x88\x24\
\x82\x31\xc0\xe5\x90\x10\x13\xe1\x45\x6a\xf4\x10\xd2\x63\x06\x91\
\x9f\xd0\x83\x79\x69\x5d\x48\x89\x0a\x6d\x00\xc9\x94\x68\xbe\xf2\
\x59\x6f\x6b\x70\xe7\x1c\x05\x4a\x2f\x5f\xe4\x1d\x02\x6a\x42\xdb\
\x90\xe9\x8b\xad\x8e\x37\x3c\x5e\x71\xfe\xf7\x5a\xe8\xb9\xcc\x2a\
\xf3\xab\xf3\x6a\xd9\x09\xf4\xf2\x19\x09\xbf\x9e\x8d\xc0\xcf\xc0\
\xc0\x20\x4e\x9f\xad\xc1\xb9\x9a\x3a\x74\xf7\xa8\xa3\xe7\x12\x94\
\x5f\xe5\xa0\xd7\x81\x41\xaf\x03\x6d\x03\x51\x38\xd1\x96\x8c\xd7\
\x30\x1a\x8e\x2b\x23\x76\x00\x6b\xb2\x5b\x70\xf5\x8c\x66\x6e\xe1\
\xb4\x42\x82\x6b\x04\x51\x4e\x1f\x86\xbc\x26\xff\xd6\xa1\x9e\xd1\
\xb3\xf1\x62\x26\xd2\x18\xce\xc0\xda\x6b\xf9\x52\x0a\xf2\xb4\x3f\
\xa8\x22\x54\xd8\xea\x78\xe3\x47\xcf\x43\x4e\x39\x22\xfb\x3f\x1b\
\xb9\xd6\x6a\x8d\xea\x7a\x9d\x8a\xba\x43\x31\x1a\xfd\x95\x98\x5d\
\xef\xec\xea\xc6\xe1\xa3\x27\x70\xae\xa6\xde\xca\x79\xdd\x9a\xb4\
\xf6\xc7\xe0\x8f\x55\x05\xf8\xd3\xe9\x02\x2c\x49\x6f\xc7\xa7\xe7\
\x9d\x43\x7e\xa2\xbd\xda\x6b\x6e\x7c\x1f\x4e\x77\x24\x99\xa6\x63\
\x4d\xc7\x40\x73\xaf\xb7\xb5\x6e\x43\x3a\xea\x78\x8f\xe8\x1a\x1a\
\xec\x4e\xb8\xac\x05\xbe\xb4\xb4\x34\xb2\x73\x58\x48\x76\x49\x23\
\xd1\xb2\x43\x88\x06\x39\xfa\x65\x87\xaf\xe7\x77\x3b\x76\x74\x86\
\xda\xa5\x38\x68\x81\x37\x12\x58\xad\xd1\x5a\x6f\x44\x55\xa6\x37\
\x9a\xf7\x2b\xd3\x6a\x95\xc1\xe3\xb2\xab\x44\x6b\x05\x00\x00\x3c\
\x9e\x11\x1c\x38\x74\x14\xc7\x4e\xd8\x7f\x0c\x1a\x63\xc0\x91\xd6\
\x54\x1c\x69\x4d\xc5\x8a\xec\x56\x6c\x5c\x72\x0a\xf1\x2e\x4e\x83\
\x96\x09\xf3\x53\xba\xf8\x04\xbe\xf6\x00\xa8\xe0\x9a\x8b\x31\xeb\
\x42\x0d\xab\x7e\x8f\x37\xe9\xdb\x2f\xbd\xf4\xa4\x3d\x5f\xc6\x14\
\x60\xdd\xba\x75\x8e\xe4\xf4\xbc\xab\x20\x60\x9d\x00\x5c\xcb\x80\
\xf9\x00\xf2\x9c\x90\x04\x59\x14\x47\xcd\x3f\x4c\x82\x30\x42\x58\
\xbf\x71\xcb\x60\xe1\xc6\x92\x2a\x10\x8e\x02\xb4\x57\x02\x5e\xfd\
\x5d\xc5\xd6\x1a\x3b\xdb\x13\x32\x5f\x7a\x23\x83\x9a\xf2\xb3\xde\
\xe8\x6b\xa4\x86\xfb\xef\x6b\x95\xad\xee\x50\xb4\x34\x0d\xbd\xe7\
\xf0\x73\xae\xa6\x0e\x6f\xbc\xbd\x1f\x1e\xce\x20\x12\xc1\x70\xa0\
\x29\x03\x27\xcf\xa7\xa0\x68\xd9\x09\xac\xce\xb1\x1e\x70\x52\xcd\
\xc2\xb4\x0e\xfc\xa9\x8a\xe3\x5c\xbd\xa1\x1e\xb0\xba\x03\xa0\xfc\
\xd5\x41\xd7\x69\x4a\x6f\x0b\x58\xf3\x09\xae\xa4\x04\xf6\xb7\x10\
\xb7\x66\x42\x28\x2c\xde\xb2\x0c\x10\xee\x4f\xc9\xcc\x2b\x02\x90\
\x0e\x70\x99\x76\xa3\x41\xb8\x02\xc0\x15\x00\xdb\x24\x02\x28\x2c\
\x2a\xdd\x07\x26\x3f\x2b\xc8\x91\xbf\xad\xac\x7c\x2a\x68\x75\x30\
\x64\xbe\xf4\x6a\xf4\x46\x74\xbd\xa5\x34\x33\x47\x1b\x75\xd9\x5a\
\xda\x81\x5f\xad\xe7\x9d\x0e\xc8\xb2\x8c\x77\xf6\x1f\xc0\xd1\xe3\
\x13\xab\x51\x0e\xfa\x1c\x78\xfa\xc0\x52\x54\x75\x24\xe1\x9e\x25\
\x27\xe1\x10\x02\xd7\xea\x66\x27\xf7\x20\x39\x6a\x18\x9d\x43\x91\
\xa6\x69\xd9\xa9\x7f\x80\x32\x17\xda\x1f\xed\x66\x4c\x25\x32\xe4\
\xc3\x2f\x81\x73\x25\x83\xf9\x20\x3c\x1f\xba\xc6\x84\x9e\xf5\x1b\
\x4b\xaf\x16\x88\x7d\x07\xa0\x4f\x01\xcc\x06\xdb\x28\xbb\x0a\x44\
\x57\xc9\xa2\xe7\x87\x1b\x8a\x4a\x7e\x49\x92\xe3\x67\x95\x95\xbf\
\xe9\x0c\xb4\x34\x5b\x3d\x30\x8c\x46\x53\xbf\x00\x12\xd1\x98\x98\
\x75\x4a\x0d\x41\xeb\x9a\xba\x6c\x75\x5a\xf5\x35\x2d\x57\xdb\x8b\
\x0f\xab\x51\xaf\xff\xbe\x24\xc9\xf8\xeb\xdf\x5f\x9f\x70\x61\x57\
\xf2\x46\x6d\x2e\xfe\x6b\xdf\x0a\x0c\xfb\x02\xef\x87\x09\x0c\x57\
\xcd\xe0\x8c\x43\x3f\x32\x04\xf9\xc3\xdf\x01\x2c\x74\xd1\x7b\x58\
\xd5\x6b\x40\x17\x67\x90\x4f\xc2\x1b\x76\xab\xb0\x13\x85\xdb\xfd\
\xd9\xe4\xc2\xa2\x92\xa7\x88\xd8\xdb\x0c\xf8\x34\x60\xfb\x42\x48\
\x02\x03\xbe\x23\x8b\xbe\x33\x85\x1b\xb7\x7c\xb5\xac\xac\x2c\x20\
\xd9\xb5\x45\xe0\xd5\x7e\xf1\x6a\x81\xd3\x12\x60\x2d\xf4\xf2\xf2\
\x94\xa5\xd7\x41\x68\x95\xa3\xc6\xe7\x93\xf0\xe7\x97\xff\x8e\xda\
\x7a\x0b\x81\x1f\x43\xc4\xc9\xf6\x64\xfc\xe2\xdd\x95\xfc\x6e\xb2\
\x1a\xdc\x98\x57\x0f\x87\xc1\x51\x57\x63\x68\xaf\x1e\x1d\x81\x43\
\x61\x2b\xaa\x3b\x08\x76\xfa\x4d\xee\xe4\x8c\xb1\x9f\xdb\xdf\x88\
\xd0\x53\x58\x5c\xfa\x19\x59\xf4\x55\x01\x78\x10\xf6\x0b\xba\x9a\
\x24\x10\xfd\xfc\xe8\xc9\x73\x7f\x73\xbb\x4b\x33\xad\x66\xb6\x25\
\xa6\x9d\xfa\xd5\x4c\xf8\x95\xef\x95\x7f\x5a\xea\xbc\xd1\x88\x6f\
\xa4\x21\x68\xd5\xe7\x7f\x55\x47\xc5\x7d\xf5\xb5\xb7\xd0\xdc\x72\
\x3e\xd8\xaf\xc2\x36\xaa\xbb\xe2\xf1\xab\xf7\xae\x80\x4f\x0a\xec\
\xdf\x93\x18\xe9\xc1\xda\xdc\x26\xfe\x0c\x75\x07\xc0\x0e\xfe\xc1\
\xd6\x91\x9e\x55\xef\x87\x7c\xe8\x8f\x56\x3a\x92\xa3\x2f\xec\xdc\
\xc1\x15\x07\x6b\xaa\x40\x44\xb4\x61\x63\xc9\x13\x60\xec\x45\x00\
\x13\xba\x23\x89\x81\x6e\x66\x22\x3b\xe8\x2e\xde\x72\x9d\x95\x7c\
\x21\x51\xe9\xfd\xef\x8d\x84\x5b\xaf\xa3\xd0\xb3\xc8\xf3\x62\xe4\
\x8e\xab\xd5\x69\xbc\xf5\xee\xfb\x38\x57\x13\xc0\xe9\xb2\x6a\x22\
\xa2\x80\xe8\xc4\xd1\x3f\xce\x4d\x22\x46\x9c\x6c\x4f\x46\xe5\xb1\
\xf9\x01\xe7\xff\xf4\xbc\x73\xfc\x9e\x77\x00\x58\xc3\x21\xb0\xb7\
\xb6\x05\x73\x64\xd4\x28\x3e\x0f\xd8\x87\x2f\x82\x1d\xfd\x0b\xac\
\x78\x20\x32\xe0\x91\x50\x2f\x49\xd9\xc9\xba\x75\xeb\x1c\xeb\x37\
\x6e\xfe\x0d\x23\x7c\x13\xa1\x1f\xd5\x35\x61\x40\x86\xcc\xe8\x95\
\xf5\x45\x5b\x0a\x79\xf3\xd8\xe6\x4b\xaf\x67\x65\xf7\xbf\xf7\xa7\
\x31\xfb\x9f\x6a\x95\xe3\x47\xe9\x5f\x6f\xe4\x03\xaf\x4c\xab\xd5\
\x26\xff\xeb\xb9\x9a\x3a\x1c\x39\x66\xed\x28\xe8\x8b\xed\x8c\x8a\
\x07\x72\x96\x02\xa9\xb3\x40\x89\x59\xe3\x85\xdc\xeb\x01\xeb\x69\
\x06\xda\xce\x01\x4d\x47\xc1\x06\xbb\x2d\xd7\xf1\x7a\x6d\x2e\xe6\
\xa5\x76\x62\x55\xb6\xf5\x0d\x3b\x89\x91\x1e\x7c\x7a\xde\x39\xec\
\x39\x3e\x8f\x3b\x0f\xeb\x6a\x00\x5e\xfb\xff\x80\x82\xab\x41\xb3\
\xae\xb6\xb6\xab\x4e\x96\x80\x86\x43\x90\x4f\xbe\xc6\xbb\xde\xae\
\x80\x5e\xdc\x53\xb1\xf5\xcf\x16\x33\x4d\x1a\x6e\xb7\x5b\x4c\xc9\
\x9c\xf9\x3c\x40\x77\x4f\x76\x5b\x00\xb8\x08\x54\x51\x58\x5c\xea\
\xdb\x5d\xbe\xd5\x54\x43\xb2\x7d\x59\x4e\x79\x5d\xcf\xf7\xdd\xcc\
\xa2\xaf\xa7\xde\xab\xd3\xf8\x31\x5b\xc2\x53\xdf\x23\x22\x0c\x0f\
\x7b\xb0\xf7\xf5\xb7\x4d\x3b\xa0\x71\xc4\xa5\x42\x98\x77\x13\x90\
\xbd\x10\x86\x1d\xbb\xd3\x05\x4a\xcd\x07\x52\xf3\x81\x85\xeb\x80\
\x96\x53\x60\x27\xff\x01\xf4\x59\x9b\x3a\xec\x38\x7c\x25\xd2\x33\
\x9a\x30\x53\x3c\x6c\xad\x9d\x00\x6e\x9e\x55\x87\x0f\x5b\xd2\x71\
\xae\x93\x2f\xec\x15\x00\x40\xf2\x82\x55\xbd\x01\x76\x6e\xdf\xa8\
\x05\x3f\x7b\x21\x28\x25\x0f\x70\x68\x44\xd2\x91\x25\xa0\xbb\x11\
\xac\xa5\x0a\x68\x3c\x02\x36\x6c\x7d\xcf\x4b\x4c\x84\x17\x8f\x5c\
\xb7\x2f\xa6\xb3\x22\x77\x6d\x72\x51\xc3\x3b\x96\x0b\x98\x04\x64\
\x31\xea\x57\x53\x44\xd8\xfd\x38\xc0\x58\xc5\xfa\x7b\x4a\x3e\xbe\
\xe7\xf9\x6d\xaf\x1b\x25\x0c\xfa\x6c\xb9\x2f\x3d\x74\x3f\xd2\xd2\
\x46\xa7\x2f\x6a\x3f\x74\xe5\xab\x7a\x64\x56\xde\xd7\xca\x63\x56\
\x9e\xd1\xab\xd9\x7b\xc6\x18\xf6\xbe\xfe\x0e\x8e\x1e\xb7\x30\xba\
\x0b\x02\x68\xee\x8d\xa0\xb9\xd7\x22\xe0\x68\x31\xb2\x0c\x56\xfd\
\x2e\xd8\xc9\xbd\xa3\xc2\xc2\xc9\xac\xbc\x19\xb8\x75\x65\x0a\x72\
\xa4\x7f\x20\x43\xfe\xe0\xe2\xd1\xd9\x3c\x74\x0e\x45\xe2\x47\xaf\
\x5f\x8d\x81\x91\x20\x76\x9c\x12\x8d\xc6\xae\x8f\x8a\x03\x89\x11\
\x80\x2c\x81\x79\xfa\x81\x81\xae\xa0\xe6\xfd\x04\x86\x2f\x5d\x75\
\x10\x8b\xd3\xdb\xfd\x97\xde\x02\xe1\x89\xd4\xa2\xa6\x3f\x85\xc6\
\x8a\x18\x3c\xeb\x8b\xb7\x7c\x81\x18\xfd\x77\x50\x85\x38\xa3\x80\
\xb8\x94\xd1\x78\xfd\x82\x08\xf8\x46\x40\x43\xbd\x60\x83\x1d\x80\
\x14\x54\xa4\xa5\x36\x41\x62\x57\x56\x56\x6e\xd7\xb5\x3e\x07\x2d\
\xf0\x5f\xfe\xfc\x03\x48\x4d\x1d\xf5\xc9\x0e\x56\x80\x81\xc0\x0f\
\x9a\xd4\xba\xe6\xef\x64\xfc\x65\xfa\xef\x77\x75\xf7\xe0\xd9\x9d\
\x2f\xf0\x8f\xee\xce\x28\xd0\x6a\xf7\xe8\x48\x67\x07\x9d\x0d\x90\
\xf7\x57\x00\x5e\x3e\x7f\x7a\x22\xc2\x27\x6e\xbd\x11\x49\x89\xf1\
\x70\xc9\x6d\xc8\x95\x5e\x43\x96\xf4\x36\x04\xf0\x9d\xb0\x7c\xba\
\x23\x09\xbf\x78\x77\x05\x7c\xf2\xe4\xec\x83\xd7\x63\xfd\xe2\x2a\
\xdc\x36\x7b\xbc\x7f\x3d\x23\x3a\x4a\x4c\xfe\x65\x77\x52\xcc\xf6\
\x39\x9f\x3c\x3d\x65\xbc\xee\xdc\xf7\x96\x5e\x21\xcb\xec\x1d\x00\
\xe6\x4e\x0e\x6a\xe2\x33\x40\x33\x96\x83\xd2\xe7\x02\x7a\x11\x87\
\x64\x1f\x58\x67\xc3\xa8\x93\x52\xc3\x91\xc0\xb6\x31\x13\x5e\x17\
\x7c\x83\x37\x57\x56\x56\x6a\xf6\x1c\xb6\x9f\x3c\xa3\x65\x8c\xd3\
\xcb\xa7\x2e\x03\x30\x3f\x68\xd2\xcc\x00\xa8\x65\xa4\x53\xa7\x7b\
\xff\xc0\x61\x7e\x61\x77\x44\x42\xb8\xe6\x3e\xfb\x84\x1d\x00\x92\
\x73\x21\x5c\x5b\xca\x6d\xdc\x63\x8c\xe1\xf8\xc9\xd1\xfe\xd7\x23\
\xa4\xe1\x8c\x63\x3d\xde\x8d\xf8\x1e\x6a\xc4\x4f\xc0\x0b\xf3\x32\
\xe6\xa6\x74\xe1\x81\x15\x47\x21\xd0\xd4\x19\x34\x6f\x9b\x5d\xab\
\x29\xec\x00\x40\x8c\x2d\x01\xe8\xa9\xc4\xce\xc1\x9a\xf6\xf2\x9c\
\xef\x75\xed\x2a\x48\x98\xe0\xe6\x8d\xc3\xed\x76\x8b\xb2\xcc\x9e\
\x86\x55\x61\x8f\xcf\x00\x5d\x75\x2f\x84\x1b\x1f\x02\xcd\xbe\x5a\
\x5f\xd8\x81\xd1\xb3\x02\x52\xf3\x21\x2c\xfd\x24\x84\xdb\xbe\x0a\
\x9a\xbf\x0e\x10\x2d\x6a\x66\x0c\x37\xc8\x42\xd4\x3f\xeb\x56\x61\
\xad\x34\x8d\xf2\x0d\x7c\xe2\xf5\x96\xd7\x94\x73\x69\xa3\x35\x75\
\xa3\x4e\x43\xcb\x2e\x60\x36\xf7\x27\x22\x0c\x0d\x0d\xe3\xd4\x69\
\xce\x53\x89\x05\x01\xc2\x9a\x7b\x80\x78\xcb\xcb\x9d\xe6\xc4\xa5\
\x42\x58\x53\xc4\x3d\x3d\xa8\xad\x6f\x1c\x73\x1a\xac\x97\xe2\x50\
\x23\x7e\x12\xef\x3a\xbf\x87\xd3\xe2\x5d\xf0\x90\xf1\x3c\xfd\xca\
\xac\x56\x7c\x7e\xf5\x21\x38\x79\xd7\xe7\x43\xc8\xc7\xe7\xd4\x60\
\xfd\x62\x8e\x3d\x0a\x84\x4c\x00\x8f\x49\xde\xe1\xba\x8e\xf2\x9c\
\x5f\xb4\xef\x9c\x99\x1d\xf2\xc6\xe9\x20\x8b\xd1\x9f\x07\xb0\x82\
\x3b\x03\x09\xa0\xf9\x37\x8e\x9e\xc8\x9b\x6e\xe9\x24\xdd\x51\x1c\
\x2e\xd0\xbc\xeb\x41\x37\xfd\x33\x90\x9c\x6b\x31\x33\xfd\xe0\xce\
\xe2\xcf\x69\x1e\x4e\x10\xb4\xc0\x1b\x79\xcd\xf9\x5f\x05\x61\x7c\
\x35\x66\xda\x80\xd9\xb2\x9d\xfa\x9a\xde\xda\xbb\xfa\x7e\xd5\x99\
\x73\xdc\xbb\xde\x68\xee\xf5\xa1\x3d\x8a\x29\x39\x17\xb4\x60\x1d\
\x77\xf2\xda\xba\x86\x71\xcf\x27\x0b\x51\x68\x14\x6f\xc2\x3e\xe7\
\xa3\x38\x21\xde\x8b\x01\xd2\xef\x9c\x96\x65\xb4\xe1\x6b\x57\x7f\
\x80\x04\x57\xe8\xf7\x08\x68\xe1\x10\x64\x6c\x5a\x7e\x02\x77\x2d\
\xe4\x9a\x2d\x2a\x89\x67\xc0\x57\x20\x4b\xe7\xda\xcb\x73\x77\x74\
\x54\xe4\x2c\x08\x45\xfb\xf4\x70\xbb\xdd\x51\x04\x7c\x97\x3b\x83\
\xe8\x04\xad\xd9\x08\x9a\x77\x23\xa0\xf1\xdb\xb7\x02\x45\x27\x42\
\xb8\xa6\x04\x94\xbb\xdc\x42\x26\x24\x46\xc8\xde\x47\xb4\x6e\x85\
\x64\x1d\x9e\x47\xc5\x56\xbe\x2a\xd3\x6a\x8d\xfa\x7a\xe9\x94\xf7\
\x94\x1a\x83\x51\xe7\x70\xe2\xd4\x19\xbe\x87\x89\x4d\x01\xcd\xb1\
\xe4\xd3\x10\x10\x34\x7b\x2d\x28\x8e\xef\xf0\xcb\xea\xda\x51\x17\
\x55\x65\x27\xea\x7f\x2e\x19\x22\x5a\xc5\x35\x78\xcf\xf9\x08\x8e\
\x38\x3e\x87\x1e\x9a\xa5\x59\x46\x41\x72\x37\xbe\x73\xd3\x3b\x58\
\x94\xd6\x61\xcf\x03\x70\x92\x1e\x33\x88\x87\xaf\xdb\x8f\xeb\x66\
\x72\xba\xd9\x6a\xe3\x02\xd8\x7d\x8c\xe1\x58\x7b\x79\xce\x1f\x3b\
\x9f\xcb\xbd\xda\xae\xf6\x19\x21\x39\x62\x3e\xcb\xb8\x8e\xf3\x01\
\x20\x8a\x10\xd6\x6c\x04\xa5\xcf\xb1\xaf\x01\x24\x80\xae\xb8\x03\
\x98\x79\x05\x77\x16\x46\x78\xd0\xed\xbe\x3f\x4d\x7d\x3d\x24\x61\
\xaa\x95\xd7\xd4\x2a\xb7\xff\x4f\xfd\x83\xd5\x12\x72\x23\x97\x5d\
\xad\xba\xb4\xee\x29\xdf\x0f\x0d\x0f\xa3\xad\x9d\xef\x87\x2e\xcc\
\xbd\x61\x62\xb6\x8e\x0a\x02\x30\xff\x06\xae\xa4\x3d\xbd\x7d\x18\
\x1a\xfa\xc8\x90\xa3\xfd\xfc\x84\x76\x5a\x8c\x03\x8e\xaf\xe2\x7d\
\xc7\x37\xd0\x22\xac\x06\x53\xfd\x9b\xe3\x22\x46\xf0\x95\xab\x0f\
\xe0\xc1\x95\x87\x6d\xdb\x96\xab\x87\x48\x0c\xeb\x66\xd5\xe1\x3b\
\x37\xbe\x8b\x19\x09\xb6\x85\xaa\x13\x00\xdc\x2e\x13\x7b\xa7\xbd\
\x3c\xe7\xcd\xf6\x8a\x9c\xcf\x8c\x2e\x25\xd8\x0f\x11\x11\x31\xf6\
\x65\xee\x86\x2d\xf9\x34\x90\xaa\xdd\xd9\x06\xd9\x10\x08\x4b\x6f\
\xb7\x62\x4b\x8a\x96\x05\xf6\x80\xfa\xa2\x6d\x02\xaf\x7c\x55\xdf\
\xd3\x12\x3e\xbd\xcf\x4a\x21\xd7\x9b\x8f\x1b\xd5\x63\xa4\x0d\x34\
\x34\x36\x73\x19\xeb\xc8\x15\x03\x64\x2f\x36\x4d\x67\x17\x94\xb5\
\x70\xd4\x91\x87\x83\x96\xf3\xed\xdc\x1a\x52\xbf\x30\x13\x27\xc4\
\x7b\xf1\xae\xf8\x2d\x34\x08\x37\x40\x56\xb9\x5d\xac\xc8\x6e\x45\
\xd9\xba\xb7\x71\xc7\x82\x33\x88\x89\xe0\xb3\xf8\xf3\xe2\x10\x65\
\x5c\x9f\xd7\x80\xef\xdf\xfc\x16\xee\x59\x72\x0a\x11\x62\xfa\x9c\
\xc6\x64\x00\x00\x20\x00\x49\x44\x41\x54\xc8\x0e\xf6\xb8\x16\x0c\
\x7f\x68\x2f\xcf\x3e\xd8\x51\x9e\xbb\x19\xbf\x5e\x65\x6b\xc4\xdb\
\x0d\x45\x9b\xaf\xc6\xe8\xc1\x18\xa6\x50\xf6\x62\x4b\xa3\xb0\x65\
\x04\x01\xb4\xe2\x2e\x6d\x9f\x08\xcd\xf4\xec\xbe\x71\x97\xec\x6a\
\x8b\xde\x5c\xdb\x6c\x7e\xaf\x7e\x55\x7b\xd6\x19\x95\xa5\xd6\x02\
\x94\x6d\xd1\x2a\xbb\xad\x8d\x53\x8d\xcd\x5e\x1c\xf4\xdc\xcb\x1a\
\x04\xe4\xf0\x75\x30\x5d\x5d\x1f\x79\xec\x69\x69\x36\xca\xeb\xfe\
\xef\x72\x88\x52\x51\x25\xdc\x85\xb7\x1d\x8f\xa2\x5a\xf8\x38\x7c\
\x8a\x03\x36\xa2\x9c\x3e\x7c\x6a\x6e\x35\xfe\xe3\xd6\x37\xb0\x65\
\xf9\x31\xcc\x4f\xed\x02\x05\x11\x94\x33\x3b\xae\x1f\x77\x2d\x3c\
\x8d\x1f\xde\xfc\x26\xee\x5d\x76\x22\x24\xa1\xbc\x74\x58\xc6\xc0\
\xb6\xb7\xc7\x36\x9f\xee\x28\xcf\x79\xd8\x2e\xcb\xbe\xcc\x68\x23\
\x57\x42\x31\x02\x58\xfc\x31\x3b\xaa\x34\x26\x32\x1e\x34\x8f\x4f\
\x23\x04\xc3\x22\xf7\xa6\xd2\x31\x87\x08\xda\xe6\x69\xa7\x17\x90\
\xc2\xff\xde\xe8\xf5\x62\xfb\x14\xd7\xf5\x8e\x88\x52\xe7\x57\xd6\
\x39\xe6\x59\x35\xb4\x83\xce\x6e\x3e\xf7\x56\x0a\x85\x4a\x66\x5a\
\xe7\x6c\xb0\x33\xe6\x8e\x66\x3d\x7d\xfd\x9a\xd3\x25\x3f\x46\xab\
\x14\x23\x2c\x0e\xd5\xc2\x27\x50\xc7\x6e\x42\x16\xdb\x87\x3c\xb6\
\x17\xae\x0b\x07\x6c\x44\x88\x12\xd6\xce\x6c\xc2\xda\x99\x4d\xe8\
\xf7\x44\xe0\x54\x47\x12\xaa\x3a\x92\xd1\xd4\x17\x83\x96\xbe\x18\
\xf4\x8d\x44\x8c\x2b\x2f\xd2\xe1\x43\x46\xec\x20\xb2\x62\xfb\x31\
\x27\xa5\x07\xf3\x53\x3a\x90\x16\x33\x61\x02\xae\x47\x1e\x03\x1e\
\x97\xbc\xc3\xdf\xee\x28\xcf\xd9\xc6\x64\xe7\xe3\xa9\x9b\x6a\x38\
\xf7\x0b\x6b\x72\x0b\x4f\x22\xca\x5b\x01\x8a\x9c\x98\xf3\x33\x28\
\x7f\x15\x70\xf6\x6d\x30\xcf\x80\x69\x5a\x59\x62\xb7\x02\x38\xe2\
\xff\x6c\xeb\xd9\x72\x46\x07\x4f\x28\xe1\x11\x5a\xbd\x88\x35\x46\
\xaf\xea\x3a\x94\xe5\x30\xc6\xd0\xdd\xad\x0e\x3e\xa9\x0d\x4b\xc8\
\x9a\xf8\xdd\x10\x09\x59\x5c\xc9\xfa\x07\x46\xff\xc9\x66\x1d\xac\
\xf2\xbd\xfa\x55\xa2\x48\xd4\xe3\x06\x34\xd2\xb5\xc8\x60\x1f\x22\
\x4f\xfe\x3b\x62\xf0\x91\xbf\x7e\xac\x6b\x04\x2b\xb3\x5b\xb1\x52\
\xe1\xc3\x2f\xc9\x04\x8f\x24\x62\xc8\xeb\x44\xa4\xc3\x07\x97\x43\
\x82\x43\x98\x9c\x25\x3e\x9f\x4c\x18\x91\x44\x88\xc4\x8c\x8e\xf7\
\x1e\xb5\xec\x0b\xde\x87\xda\xcb\x73\x2b\x21\xb3\x1f\xa5\x6e\x6a\
\xb4\x14\xec\xe0\xee\xcd\x9b\xd3\x05\x08\x8b\xb8\x12\xe7\xad\xb4\
\x52\x74\x70\x88\x4e\x20\x77\x39\x70\xf6\x6d\xf3\xb4\x0c\xeb\x00\
\xfc\xcc\xff\x31\x24\xbe\xf4\x46\xc2\x6e\x86\xd2\xda\xae\xf6\xb2\
\xf3\x97\xad\xa7\x19\x18\x95\x03\x00\x23\x5e\x8e\x79\xaa\x28\x4e\
\x58\x4f\x3d\x86\x88\x68\xc0\xe9\x02\xbc\xc6\x46\x34\xef\xc8\xe8\
\x33\x68\x69\x3c\x7e\x94\xdf\x9d\xd1\xff\x82\xc1\x81\x16\x5a\x8d\
\x16\x5a\x89\x14\x76\x1c\x79\xf2\x2b\x48\x84\xb6\x33\x8c\x28\x30\
\x44\x0b\x3e\x44\x3b\xf9\x77\xe0\x05\xcb\x88\x24\xe2\x74\x47\x12\
\x4e\x77\x26\xa2\xa1\x27\x0e\xad\x03\x31\xe8\x1c\x8c\x84\xa4\x0a\
\x24\x13\xef\xf2\x20\x2d\x66\x08\x99\xb1\x03\x98\x93\xdc\x8d\x79\
\xa9\x63\x42\x82\xbb\x00\x76\x1f\x04\xdc\xdb\x5e\x9e\xf3\x12\x09\
\xc2\x0f\x53\x36\xd6\xef\xe3\xa9\x5f\xf0\xd0\x32\x08\x1c\x7d\x7f\
\x42\xe6\x84\x9f\xd7\x47\x39\x8b\xc1\x78\x04\x9e\xd8\x32\xe5\xc7\
\x90\x84\xb8\x32\x32\x8c\xe9\xa9\xff\xea\x11\x59\x5d\xbe\xff\x9e\
\x32\x9d\xde\x28\xa7\x57\xef\xc8\x08\xc7\xfa\xb3\xe8\x0a\x95\xc1\
\xd7\x1c\x47\xa4\xb9\xc0\xfb\x7c\x41\x75\xa8\xea\xff\xd3\xe8\x77\
\x36\x6a\xd9\x6f\x13\x16\x21\x11\xd5\xc8\x67\xaf\x22\x95\x9d\x80\
\x95\xed\xad\x76\x21\x31\xc2\xe1\xd6\x34\xec\xab\xcf\xc2\xd1\xf3\
\x69\xf0\xc9\xe6\xcf\xda\xeb\x71\xa1\xd7\xe3\xc2\xd9\xce\x44\xbc\
\x55\x97\x03\x60\xd4\x96\xb0\x76\x46\x13\xd6\xe4\x36\xfb\xfd\x0e\
\x04\x00\xb7\x33\x59\xbe\xbd\xbd\x3c\x87\xcf\x67\x5f\x20\xae\xfd\
\xc9\x93\x31\x05\x44\x42\xe6\xa8\xa7\xa6\xa9\x7b\x36\xcd\xb8\xe3\
\x8e\x87\xa2\xff\xf0\x87\xa7\x06\x81\x10\x1d\x17\xcd\xf3\x83\xd4\
\x13\x50\xb3\xb9\xb8\xd6\x14\x80\x67\x94\xe3\x76\xa5\x9d\xcc\x3d\
\x1b\x5c\x75\x93\xe6\xf3\xaa\x9f\xd3\xaf\xdd\x18\xc5\xf4\x53\x6b\
\x52\x44\x84\x1e\xcc\xc6\x41\xcc\x42\x2c\xb5\x20\x8f\xed\x45\x06\
\x3b\x00\xc1\xc2\x66\x9d\x40\xf1\xc9\x02\xde\xac\xcb\xc1\xdf\xce\
\xe4\xa1\x63\x28\xf8\x78\x02\x4d\x7d\xb1\xd8\x73\x7c\x1e\x5e\x3c\
\x35\x07\x6b\x73\x9b\xf0\x89\x39\x35\x4a\x03\xe2\xa8\x65\xbf\x22\
\xfb\x10\xb1\xdc\xff\x4c\xc9\x6e\x2c\xc7\x4d\x6c\x9c\xea\x42\x0c\
\x33\xb9\xa2\xd2\xc5\xf3\xf9\x51\xd8\x0b\x01\x71\x69\x40\xa7\x69\
\x2c\x07\x21\x32\xd2\x37\x03\xc0\x29\xc0\x26\x5f\x7a\x2d\x4f\x3a\
\xbd\xb4\xca\xf7\x7a\x4b\x69\x7a\x79\x94\x9f\xb5\xac\xf3\x7a\xe9\
\xfd\x7f\xae\x88\xf1\x86\xa7\x71\xf8\x3c\x98\x8c\x91\x6d\xb4\x6e\
\xf3\xcd\x12\x4e\xe7\x68\x1f\xad\xf7\x9c\xea\xff\x85\xd1\x6a\x89\
\x56\x3a\xff\xfb\x7e\x64\xe2\x18\x15\xe1\x4d\xe1\xbb\x38\x47\x1f\
\x83\x2f\x80\xfd\x22\xbc\x9c\x6c\x4f\xc6\x0f\x5e\xbb\x1a\x3b\x8f\
\x2c\xb0\x45\xd8\x95\xf8\x24\x01\x6f\xd4\xe6\xe2\xd1\x57\xaf\xc5\
\xf3\x47\xe7\x8f\x0d\x1d\xc6\xb0\x9c\x81\x6d\xef\x68\xca\x3e\xdd\
\x56\x9e\xfd\xd5\xd6\xdf\x66\xc6\x28\xf3\x32\x02\xd7\xdc\x8e\xa2\
\x2c\x6c\x3f\xb6\x11\x8a\xe6\xab\x57\x12\xe4\x8b\x6b\xbe\xb6\x2e\
\xcb\xa9\x97\xc9\xb4\x7e\x64\x7a\x4b\x66\x46\x69\xd5\x7f\x5a\x4e\
\x3b\x3c\xc2\xef\x72\x71\xac\x5f\x32\x19\x08\x20\x58\x45\xd0\x0c\
\xf7\x03\x3e\xf3\x29\x87\x2b\x22\x42\xf7\xfb\xf3\xc3\x73\x5d\xfd\
\x1d\x2a\xef\x2b\xf1\xb0\x38\x9c\xc5\xc7\xf0\x06\x7d\x07\x27\x71\
\x07\x3c\xe0\xf3\x17\xe0\x61\xd8\xe7\xc0\x33\x07\x96\xe0\xe7\xef\
\xac\x44\x6b\x7f\x8c\x79\x86\x20\x90\x18\x61\x6f\xf5\x4c\xfc\xf0\
\xf5\xb5\xa8\xe9\x1e\xbb\x62\xc7\x80\x7c\x02\xfd\x5c\x14\xc5\x9a\
\xb6\xf2\x9c\xc7\xdb\x76\xa5\x5f\xf0\x4f\x66\x5c\xe1\x7c\x99\xd5\
\x0d\x2e\x76\xe1\xe0\x18\xc0\x00\x80\xc9\x17\x9f\xc3\xf6\x98\x76\
\xea\xeb\xca\xcf\x46\x3f\x2c\xb5\xda\xc9\x93\x46\x5d\xbf\x59\xa7\
\x91\x98\xc8\xf7\x63\x65\x3d\xc1\xac\xe2\x04\x06\xeb\xe1\x8b\x41\
\x17\x17\x37\xfa\xbf\x33\xfa\xde\xfd\x02\x6d\xf4\x5d\x02\xd0\x15\
\x7a\xad\xef\x51\xa2\x28\xd4\xd3\x0d\x78\x83\xbe\x8d\xa3\xd8\x88\
\x01\x8c\xf3\xda\xb4\x44\x53\x5f\x2c\xfe\xfd\xf5\xab\xb0\xbf\x91\
\x6f\x75\xc2\x2e\xda\x06\xa2\xf0\x7f\xdf\x5a\x8d\x7f\xd4\xcc\xd0\
\xba\x9d\x4a\xc0\xc3\xe4\x75\xd6\xb4\x97\xe7\xee\x88\x8d\xf4\x45\
\xf3\x94\x49\x21\x8c\xfa\x6b\x04\xe3\x3e\x09\x89\x2e\x8e\x24\x21\
\xf1\xb4\xd3\xfa\xf1\x28\x3f\x2b\xf3\xa9\xd3\x18\x85\x92\xe6\x55\
\xe7\xb5\x84\x81\x88\x90\x92\x64\x7e\x22\x0b\x00\xb0\xf3\xe7\x38\
\x9f\xdc\x46\xda\xf8\x76\xf0\x25\xc4\xc5\x1a\x7e\x3f\x7a\x8e\x4b\
\x5a\x1a\x98\xd2\x0e\xa0\xa5\x25\x69\x69\x4f\x0c\x0e\x34\xd3\x2a\
\xbc\x8d\x7f\xc5\x01\x56\x82\x6e\xa6\x29\x38\x86\x54\x77\xc5\xe3\
\xa7\x6f\xaf\xc2\xf9\x01\x2e\x79\xb2\x1d\x9f\x4c\xd8\x79\x64\x01\
\x9e\x3f\x3a\x1f\x4c\xdb\x08\xef\x02\xd8\x7d\x6b\xb2\x9a\xf9\xa2\
\xda\x8c\x0c\xda\xda\x3e\x5e\x88\xb3\x5e\x46\x62\xbf\xff\x7d\x48\
\x7c\xe9\xf5\x54\x6c\xe5\x52\x99\x72\xae\xe9\xff\xa1\xea\x69\x09\
\x7a\x3f\x6a\xa3\x4e\x41\x4b\xe8\x33\x33\x39\x8d\x2b\xcd\x27\x00\
\x79\xe2\x96\x9f\xc0\x64\xa0\xe9\x38\x57\x52\x7f\xb0\x11\x40\x7b\
\x34\xd6\x9b\xc3\x5f\xac\x4a\xf1\xdd\x69\xa5\xd5\xfa\xff\x69\x7d\
\x97\x0c\x84\x0e\x61\x09\xf6\xd3\x57\xb0\x1f\x5f\x40\x1b\x4c\x42\
\x7e\x5d\xe0\x74\x47\x12\x7e\xf6\xce\xaa\xe0\x22\xf0\xd8\xc4\xde\
\xea\x99\xd8\x79\x44\x7f\xe3\x5d\x74\x84\x97\x6b\x39\x84\xf5\x4f\
\xec\x46\xa4\x8b\xf5\x0e\xb4\x9b\x27\x02\x40\x0e\xcf\xc5\x06\xda\
\xbe\x5b\x4e\x4b\xf0\xb5\x5c\x64\xb5\xd2\x2b\xcb\x31\xab\xc3\x28\
\xbd\x5e\x27\x90\x37\x23\xd7\xb0\xec\x8b\x78\x87\x80\xfa\x43\xe6\
\xe9\x6c\x82\x35\x1c\xe1\xf2\x9a\x22\x22\x64\x67\x65\x8e\x79\x36\
\xad\xd5\x07\x23\x97\x64\xe5\x3d\x9e\xe9\x93\x56\xa7\xa2\xfe\xfe\
\xbb\x31\x0b\x07\x58\x29\xde\x62\x5f\x43\x13\x56\x82\x31\xd2\xd4\
\x35\x9b\xfa\x62\xf1\xab\xf7\xae\xc0\x88\x34\x31\xe7\xd9\xf1\xf0\
\x5a\x4d\xae\xee\xd1\x5c\x19\x31\x9c\x23\x68\xf7\x24\x9c\x67\xe0\
\x1b\x06\xfa\xb9\x0e\xa0\x19\x78\xe1\xb9\xe7\x2e\x36\xd0\xb6\x39\
\xbc\xfa\x3d\xcf\x67\xe5\x35\xb5\xba\x69\xa4\x8a\xea\x75\x18\x5a\
\x82\xa0\xcc\x1f\x19\xe9\x42\x76\x16\xdf\x2e\x47\x76\xfa\x0d\x40\
\x9a\x80\x7d\xe3\x92\x77\xf4\x74\x16\x0e\x92\x93\x12\x11\x15\xe9\
\xd2\x1d\x7d\x79\xa6\x39\xea\x7b\x46\xd3\x25\xab\xd3\xa6\x01\xca\
\xc6\x11\x76\x0f\xf6\xe3\x73\x65\x04\x3c\x09\xe0\xa2\xc4\x0c\x8c\
\x38\xf1\x5f\xfb\xae\xc4\xa0\xd9\x51\xd6\x66\x38\xa3\x46\x03\x92\
\x24\xe5\x02\x09\x59\x17\x2c\xd5\xc1\xf9\x4d\xfc\xe9\x54\x01\x3e\
\x6c\x1e\xff\xbb\xc8\x8c\x35\xef\x84\x01\x00\xed\xd5\x96\x62\x14\
\xda\x42\xeb\x59\xde\x78\x82\x55\x4c\x31\x2a\xd8\xb2\x0e\xaf\x35\
\x62\xe8\xbd\x57\x33\xde\x09\x44\x3f\xbf\xf2\xb3\x96\x60\x2b\xcb\
\x53\x97\xe9\x7f\x5d\xbc\x70\x3e\x1a\x9b\xcc\x0f\x6d\x64\x43\xbd\
\xc0\x89\xbd\xa0\x25\x1f\xb7\xf8\x6d\x58\x83\x55\xbd\xce\xbd\x2a\
\x30\x67\x76\x1e\x88\xc6\xae\xad\x8f\x2b\x4f\x63\x7d\x5e\x8d\xde\
\x14\x4a\x2b\x9d\xba\x6c\x75\x7e\xf5\xf7\x4d\x44\xe8\xc1\xdc\xf7\
\x53\x8a\x1b\x5f\x6a\xae\xc8\xf9\x81\x93\xe1\x4b\x8c\xe1\x8b\xdb\
\x0f\x2e\x4e\xe5\x39\xef\x6e\x7c\x23\x04\x20\x63\x2e\x84\xac\x45\
\xa3\x11\x80\x35\xbc\x20\x49\xf2\x82\x75\x35\x02\xe7\x4f\x83\x35\
\x1e\x19\x5d\xf1\xb0\xc8\x8e\x43\x8b\x30\x23\xa1\x0f\xa9\xd1\x1f\
\x8d\xea\xd9\xf1\xfd\x70\x39\x24\xf3\x53\x80\x46\x86\xc0\x5a\xab\
\x40\x59\x0b\x2d\xd7\x1b\x28\x72\x03\xb7\x06\x3a\xc6\x1d\xcf\x76\
\xa3\x9d\xd6\x5c\x52\x6b\xf4\xd1\x1a\x29\xf4\x46\x17\x9e\x91\x5d\
\x9d\x56\x5d\xb7\xff\x6f\xc9\xa2\x05\x10\x45\x3e\x95\x92\xd5\xec\
\x07\x6b\x09\xdd\x59\x73\xec\xfc\x19\xb0\x33\x1c\xee\x91\x18\x1d\
\x79\xe7\x16\xcc\x02\xa0\x3f\xe5\xd1\x73\xc6\xd1\x53\xc5\xf5\x46\
\x6b\xf5\xff\xcf\x7f\xcd\x6c\x0a\xa6\x10\xfc\x1a\x00\xc8\x2a\x6a\
\x6c\x4f\x2d\x6e\xfc\xde\x57\xff\x72\xdb\x37\x0f\xb7\x5a\xb4\xea\
\x93\x00\xe4\xaf\x06\xdd\xf2\x15\x08\xab\xef\x01\x72\x97\x6a\x0a\
\x3b\x80\xd1\x08\x33\xa9\xf9\xa0\x45\xb7\x41\xb8\xe5\xab\xa0\xe5\
\xb7\x5b\x76\x8f\x1e\xf2\x3a\xf0\xec\xa1\xb1\x02\x2b\x12\xc3\x9c\
\x64\xce\x83\x39\xce\x4e\x60\x84\xed\xbe\xf3\xdc\x46\x5e\x62\xf4\
\xaa\xf2\xb3\x2d\x21\xae\xb4\x50\xc7\xac\xd3\xfa\xc1\x8d\x69\x98\
\xc1\x0f\xd1\xe8\xbd\x3a\xbd\xde\x8f\xdb\x4f\x64\xa4\x0b\x57\x2c\
\xe3\xdc\xeb\xce\x18\xd8\x81\x17\xc0\x3a\x6a\xf9\xd2\x5b\xa1\xab\
\x01\xec\x83\xdd\xe0\x75\xf2\x99\x5b\x90\x8f\xa8\xa8\xd1\x11\x92\
\x67\x7e\xad\x14\x5a\xad\xef\x93\xc7\x59\xca\xa8\x33\xd5\xab\x83\
\x31\x06\x59\x96\x2f\x7e\x61\x77\x95\x96\x26\x7a\x7d\xf8\x0f\xae\
\x87\xf4\x13\x9b\x0a\xe1\xfa\xcf\x42\x58\xfa\x49\xee\x38\x01\x17\
\x11\x44\xd0\xcc\x15\xa0\x75\x5f\x00\xcd\xbc\xd2\x52\xd6\x93\xed\
\xc9\x78\xbf\x71\x6c\x88\xb0\xa5\x19\x7c\x86\x31\xd6\xd5\x00\xd6\
\xcc\x67\x78\x0d\x16\x76\xec\x15\x5e\x8f\xd0\x61\x92\x23\xfe\xae\
\xbc\x60\xbb\xe3\x8d\x96\xc0\x69\xfd\x50\xcc\xb4\x01\xbd\x72\xb4\
\xd6\x8e\xd5\x75\xa8\xdb\xa5\x2e\x77\xed\x9a\x95\xdc\xa3\x3c\x24\
\x2f\xd8\xbe\x72\xa0\x39\xb0\x13\x6a\xb4\x60\xad\x55\x90\xdf\x79\
\x96\xcb\xd1\x06\x18\x15\xce\x2b\x96\x2d\xd6\xd5\x6c\x78\x3a\x52\
\xbd\xef\x53\xeb\x7f\xa1\xf5\xff\xd2\x2a\x53\xab\x2e\x22\x6a\xbd\
\xef\xbe\xfb\x2e\x4e\x7e\x1d\xc3\xec\x1b\xdc\xe1\xa1\x00\x50\xfa\
\x1c\x08\xd7\x7f\x76\xd4\x57\x3c\x18\x1c\x2e\xd0\xf2\xcf\x80\x96\
\xdf\x0e\x2b\xe7\x08\xfc\xee\xe4\x1c\x48\x0a\xff\xfd\xd5\xd9\x2d\
\xfc\xc7\x77\x1f\x7d\x19\xf0\x84\x76\x89\x8e\x35\x1c\x02\x6b\xe3\
\x0c\xd3\x46\xf8\xa3\xfa\x4c\x79\x5b\x55\x7a\xad\xcf\x7a\x3f\x50\
\xbd\x72\xf4\xd2\x58\xc9\x63\x34\xd2\x33\xc6\x10\x1f\x1f\x87\x35\
\xab\x2c\xf4\xfe\x92\x17\xf2\x07\xbb\xc0\x8e\xfe\x2f\xb7\x90\x6a\
\x97\x33\x02\x76\xec\x6f\x60\xef\x3d\x6f\xc9\x20\xb8\x68\xc1\x5c\
\x24\x26\x7c\x34\xd2\xe9\x7d\x4f\x7a\x21\xc1\x78\xff\x3f\x46\x69\
\xcc\x3a\x0c\x45\x9e\x1a\x7f\x3e\xb7\xfb\xa1\x04\xc6\xf0\x25\xde\
\xe7\xa4\x8c\x79\xa0\x35\x1b\xf9\x3d\xc8\x78\xca\x9c\xb9\x02\x74\
\xe5\x3f\x81\xd7\xb0\xd7\x31\x18\x85\xf7\x14\xa3\x7c\x4c\x84\x17\
\x4b\x33\xf8\x4e\x0b\x62\xc3\x7d\x60\x1f\xbe\x10\xd4\xe1\x1c\x86\
\xf4\xb4\x80\x1d\xfe\x5f\xee\xe4\x24\xb3\xad\xea\x6b\xb6\x7a\xda\
\x99\x09\x9f\x3a\x1f\xcf\x9c\xdd\x48\x63\x30\x1a\xf1\xb4\xda\xa9\
\xfc\xbb\xfe\x9a\x35\x88\x8f\xb7\x30\xcf\x63\x0c\xac\xfa\x3d\xc8\
\x7b\xff\x1b\xac\xe6\x3d\x40\xb2\x10\x12\x4a\xf6\x01\xb5\x1f\x40\
\xde\xfb\x2b\xb0\x73\xef\x58\xda\xa0\x13\x1d\x15\x85\xd5\x2b\x3e\
\x8a\x58\xca\x33\xb2\xeb\x7d\xdf\x7a\x9d\x20\x4f\x39\x46\xdf\xbd\
\xf2\x3a\x80\xea\x8b\x8f\x2d\x0c\x97\x80\xc0\xe7\xf0\x9d\x90\x09\
\x5a\xb9\xde\xd2\x68\xcc\x0b\xe5\x2c\x01\x2d\xb8\x99\x3b\xfd\x2b\
\xe7\xc6\xc6\x8d\xfb\xc4\x9c\x1a\xee\xbc\xac\xed\x1c\xd8\x81\xdf\
\xd9\x2f\xf4\x7d\xed\x90\xf7\x97\xf3\x0f\x14\x0c\x07\x77\x3f\xbf\
\xe3\x2f\xea\xcb\xb6\x59\xe9\xb5\x2c\xb8\xca\xeb\xca\xb4\x80\x76\
\x00\x07\xf5\x48\xac\xbc\xa7\xb5\x1b\xce\x1f\x6e\x5a\x5d\xbf\xf2\
\x55\xab\x0c\xc6\x18\x9c\x4e\x27\xee\xf8\xd4\xc7\xf0\xdc\xf3\x16\
\x4e\xa0\x01\x80\xe1\x3e\xb0\x23\xff\x0b\x76\xf2\x55\x50\xc6\x02\
\x20\xbd\x60\x74\x79\x28\x26\xe9\xa3\x1f\xab\x2c\x03\x43\xdd\x40\
\x77\x33\x58\xdb\x59\xb0\xe6\x93\x81\x9d\x22\x02\x60\xdd\x0d\x6b\
\xe1\x72\x45\x8c\x5b\x99\x50\x3e\x93\x3a\x3a\x90\x96\xeb\xb1\xd9\
\xb6\x63\x40\xfb\xb0\x4e\x7f\x5a\xad\x40\x1a\x5a\x2b\x29\x82\x20\
\xd4\x28\x2a\xd9\xcc\xf5\x90\xa2\x13\xb4\x62\xbd\xf5\x43\x17\x2c\
\x40\x73\xae\x01\x6b\x3f\x37\xba\x84\x66\x42\x43\x6f\x1c\x9a\xfa\
\x62\x91\x1d\x37\x6a\xed\xcf\x4b\xec\xc5\xe2\xf4\x76\x1c\x3b\x9f\
\xca\x55\x17\x6b\x3a\x06\xe6\x1d\x86\xb0\xf2\x6e\x5b\x4e\x12\x46\
\x7b\x35\xe4\x0f\xfe\xff\xf6\xae\x3d\x38\xab\xe3\xba\xff\xf6\xfb\
\x3e\xbd\x41\x60\xf4\x00\xf3\x90\x05\x01\x03\x26\x02\xdb\x18\x8c\
\x01\x3b\xd4\x83\x63\xe3\xd0\xa4\x4d\x10\x83\x84\x4b\xf0\x78\x4a\
\x66\x3a\x9d\x49\xec\x64\x26\xe9\x1f\x0d\x69\x26\x99\x4c\xfa\x98\
\xd6\x6e\xfa\xc0\x99\x1a\x10\x63\x89\xc8\x80\x33\xe3\x26\x71\x3c\
\x75\x6a\x1c\x3a\x31\xc4\x18\x6c\xa0\x60\x30\x96\x2a\x24\x01\x42\
\x02\x84\xd0\x5b\xdf\xdd\xfe\x21\x5d\x58\xad\xce\xd9\xdd\x2b\xee\
\x27\x41\x74\x7f\x33\x9a\xef\xde\xbd\x67\xcf\x3e\x74\xcf\x9e\xb3\
\x7b\xcf\x9e\xdd\x03\xf4\x04\x88\x26\x14\xc3\x0f\x24\xf1\x62\x8f\
\xc8\x7e\x78\x5d\x7b\xb8\xbc\x7c\xfa\xcb\x6d\x2a\xdb\x25\xfa\x0b\
\xc5\xf3\x9e\xa2\xe9\x78\x6c\xc5\x32\xec\x3f\x30\x8c\x15\xd6\xde\
\x6e\xc8\xfa\x0f\x81\x81\xcf\x23\x12\xe8\x0f\x60\x31\xf0\x2c\x0c\
\x2c\x7e\xa0\x04\x45\x33\xa6\xdd\xb8\xb7\xf5\xab\x9e\xa6\x0e\x8a\
\xea\x33\x2e\xa8\x08\xc5\xcb\xd4\x97\xfa\xa0\x33\x50\x56\x2d\x00\
\xac\x5f\xff\xdc\x5c\xc4\xdd\x0e\x6e\x10\xb3\x97\xa7\x3e\x80\x84\
\x10\x10\x25\x4f\x43\xbe\xf3\x6f\x4e\xda\xf7\xf7\xf5\x53\xf0\xa5\
\xf9\x37\xe7\xca\xa5\x0b\x4e\xe3\xe3\xe6\x3c\xa7\xfd\xf9\x00\x80\
\x4b\x67\x21\xf7\x6f\x83\x28\x79\x1a\x98\xec\x7e\x82\xef\x20\x24\
\x7b\x20\x4f\xef\x87\x3c\x7b\x30\x90\xc5\x20\x20\x7f\xf3\x5a\xe5\
\xce\xbd\xd4\xb3\x50\x5d\x6b\x5d\x4d\x6d\x93\x99\x4e\xf1\xa6\xca\
\x30\xf1\xb3\xcd\x51\xd5\xeb\x15\x8f\x2c\xc1\xc2\x12\xb7\x28\x46\
\x56\xf4\x76\x87\x26\xec\xb3\x67\x15\xe3\x61\x65\x9d\x81\x6b\x9f\
\xfa\x4c\xbd\x07\x68\x57\x66\xdb\x34\x49\xe7\x47\x5d\x53\xe5\x2b\
\xbf\x35\x00\xe0\xc5\xfa\x9e\x70\x6a\x68\x5a\x06\xc4\xcc\x11\x09\
\x2f\xdf\x3f\xa8\xcc\x58\x68\x27\x04\x70\xb2\x79\xd2\xa0\xfb\x29\
\xe3\xda\xb1\xfa\x33\xb5\x81\xca\x93\x9d\xd7\xe0\x1d\xda\x0d\xf9\
\xbb\x8a\x81\xcf\x68\x8e\x96\x64\x4f\x27\xe4\xd9\xdf\xc1\x7b\xfb\
\x5f\xfa\xe3\x1c\x06\x9b\x1e\x74\x27\xa5\x64\xd7\x4d\x52\x16\x00\
\xc3\xa4\xed\xa9\xd0\x4c\x36\x93\x9d\xa2\xa1\xd2\x4c\x81\x21\xa8\
\x5f\x21\x04\xd6\x3e\xb5\x1a\x5d\x9d\x5d\x38\xfd\xc9\x28\x6c\x9a\
\x21\x50\x34\x7d\x1a\x9e\x78\xfc\x51\x00\xb4\xf6\x35\x0d\x8e\xba\
\x87\xa1\x7f\xaf\x6b\x7a\xae\x3f\x4c\xfc\x28\x13\x1f\x18\x32\xfd\
\xaa\xed\xbf\xc1\x1f\xb9\xb4\x55\x4c\x5f\x74\xd3\x32\x1a\x01\x88\
\xe2\xa5\x90\x75\x47\xad\x74\x75\xad\xb9\xe8\xe8\x4b\x20\x3b\x71\
\x73\x4f\xc5\xda\x7b\xcf\xe2\xd4\xa5\x3c\xd4\x5e\x0d\xf6\xa9\x50\
\x36\xd7\x42\x36\xd7\x02\x99\xe3\xfb\x0f\xa8\x98\x34\x03\xc8\xc9\
\xeb\x0f\x87\x2e\x62\x40\xb2\x0f\xb2\xb3\x15\x68\xbb\x08\x34\xd7\
\xf4\xd3\x0e\xd7\x73\x4f\xca\x6f\xed\xdb\x5d\x71\x92\x7b\x1c\xda\
\x1c\xbe\xbf\x2c\x7b\x74\x5a\xdb\x5c\x9d\x9a\x8f\xab\x74\x5c\xd9\
\xa6\xba\x99\x06\x05\xdf\x1c\x5d\xf7\xa7\x6b\xf1\xcb\x5f\xbf\x8d\
\xa3\x1f\x9d\x08\xda\xfc\x50\x31\x6b\x66\x11\x3e\xff\xf8\x63\x43\
\xbe\x93\xbb\xf4\x21\x40\x9b\xed\xfa\x3c\xdf\x20\xac\xac\xf0\xeb\
\xa0\xb6\xdf\x4a\x29\x65\x67\x67\xe7\x40\x08\x16\xe1\x14\xa0\x5d\
\x4c\xfb\xac\x0b\x59\x68\x10\x13\xa6\x00\xe3\xf2\xac\x1b\x5e\x3c\
\x29\xd0\xd0\x3a\x1e\x73\xf2\x6e\x3a\xde\x24\x62\x12\x7f\xbe\xf8\
\x23\xfc\xe8\xdd\x87\x71\xbd\x77\x18\xeb\x0d\x5d\x6d\x90\x75\x47\
\x80\xba\x23\x00\x52\x12\x66\xa5\x7a\xcf\xee\x9d\x3f\x31\x11\x84\
\x76\x7a\xac\x7a\x4d\x99\x98\xfa\x3d\xe7\x6e\x6b\x33\x4d\xb9\x3c\
\x2e\x66\x3d\x57\x67\xff\xf7\x0b\x4f\xad\xc6\xaa\x47\x97\x5b\x5f\
\xf6\x54\x40\x08\x81\xa5\x0f\xdd\x8f\xa7\x3f\xff\x38\x12\x89\x84\
\x53\x9d\xd5\x67\xd4\xf7\x73\xf5\x99\x4e\x0f\xf0\xfd\xea\xd2\xd7\
\xea\xb5\x72\xdf\xb8\x79\xf3\xe6\xae\x67\x9f\x7d\x36\x13\x80\xfd\
\x88\x94\x44\x06\x30\x61\x14\xce\x87\x74\x8c\x41\x77\xb1\x7d\x68\
\x50\x8e\xbc\xec\x4e\xfc\xe5\xb2\x0f\x4c\xd1\x72\x47\x07\x02\xef\
\x8e\xcf\x14\x5f\xb5\x91\xa5\x2c\x00\x06\x40\xef\x5b\x37\xcd\x25\
\xfd\x81\xc0\x74\x40\xa5\xcb\x7c\xd2\x46\xcf\x09\x0c\x00\xac\x5c\
\xbe\x14\xcf\x6c\xf8\x0a\x26\x04\xf9\x64\x77\x8b\x18\x97\x93\x83\
\x3f\x59\xfb\x24\x96\x2d\x79\x90\x15\x40\xb5\xae\xfe\xaf\x6b\xfb\
\x4d\x83\xab\x49\xd8\x39\x5a\x3d\x5d\x79\x5e\x0b\x00\xad\x9d\x5e\
\x11\x00\xbb\x67\x53\x6e\xc1\x08\x1f\xf8\x31\x00\x47\xa7\x9e\x96\
\x76\xda\xf7\xbf\x78\xe2\x35\x7c\x6d\xf1\x87\xa9\x3c\x4d\x27\x10\
\x24\x70\x28\x99\x21\xbe\xb4\x7d\xfb\x76\xeb\xa7\xa0\x94\x38\xde\
\xa8\x69\xae\x5a\x57\xa5\xa5\xd2\x0c\x5a\x65\x08\x3f\xce\xad\x97\
\xab\x97\x5e\xa7\xa2\x19\xd3\xf0\xb5\xe7\x36\x61\xc5\xb2\x25\xee\
\x1e\x79\xc3\x40\x3c\x1e\xc7\xe2\x07\x4a\xb0\xa9\xfc\x2b\x98\x31\
\x7d\xea\x90\x76\x50\xf5\xe4\xea\xec\x32\x38\xaa\xf4\xfa\xa0\x4a\
\xf1\xf6\x69\x5c\x17\xfc\xa4\x94\x35\x00\x10\x13\xd2\x6d\x92\x9b\
\xed\x16\x90\x24\x74\x38\xc6\xa0\xeb\xec\xe3\x67\xbc\xf7\x15\xb6\
\xe0\x85\xe5\xef\x87\x7e\x44\xd7\x30\xf0\x76\x5f\x47\x7c\xf5\xeb\
\xdb\xb7\x3b\xed\xc0\x0a\xf5\x3b\xbc\xfe\x3d\xd8\x4f\xe7\xb4\x8c\
\xeb\x22\x1c\xc7\x8f\xfa\xa5\x78\xe9\xdf\xe0\xb9\x36\xa8\x48\x4f\
\x4f\xc3\xaa\xc7\x96\xe3\x81\xfb\x3f\x8b\xf7\x0e\x7d\x80\x0f\x8f\
\x9d\x40\x6f\x6f\x38\x41\x31\xe2\xf1\x38\x16\xcc\x9f\x8b\x25\x0f\
\x2e\xbc\x11\xb2\x8a\x9a\x5f\x73\xed\xd7\xa1\x7e\x3f\x57\x79\xe8\
\x7e\x0a\xd4\x20\xcb\xf1\x36\xd1\x72\x3c\x7d\x0d\x2f\x10\x1f\x27\
\x1d\x66\xa8\x22\x1e\x9e\x47\x5d\x10\x88\xb4\x0c\xa7\xf9\x73\x57\
\xd2\x2c\x1e\xc5\x13\xaf\xe1\x3b\x2b\x0f\xe2\xe5\xc3\x8b\x70\xae\
\x75\x64\xcf\x32\x10\x02\x58\x32\xf5\xc2\x89\xd2\x85\x27\x5e\x98\
\xb9\xe9\x9c\xf3\x29\x9d\xa1\x7f\x87\xe7\xae\x4d\x56\x80\x0b\x3f\
\x60\xe8\xa2\xa0\x0f\xce\x29\xc5\xc6\xcf\xa5\x6d\x13\x72\x73\xf1\
\xe4\xea\x55\xf8\xdc\xca\x47\x70\xea\xf4\x19\x1c\x3b\x71\x0a\xf5\
\x0d\xe7\x9d\xcf\x98\xf7\x11\x8b\xc5\x70\xf7\x94\x42\xcc\x9f\x3b\
\x07\xf7\xce\x9e\x39\x28\xa0\xa6\x6d\x50\xa3\xda\xa9\x0e\x64\x2a\
\x74\x1a\xae\x4f\x6c\x03\x80\x8d\x96\x19\x40\x6b\x01\xc0\xf3\xa4\
\xe7\xe6\x30\x37\x4a\xd1\x81\x99\x41\x5f\x87\x10\x76\xba\x82\x9c\
\x4e\x7c\x7b\xe5\x21\xfc\xfc\xd4\x1c\xfc\x77\xcd\x8c\x41\x7e\xf8\
\xa9\xc2\xa4\xac\x2e\x6c\x5c\x78\x12\x0b\x0a\x9b\x17\x00\x38\xda\
\x5c\x39\xed\x17\x02\x78\x31\xaf\xbc\xe1\xbf\x6c\x79\x43\x15\x78\
\x4a\x03\x71\x2f\xb3\xfa\x9c\x7a\x99\xf4\x3c\xa6\x7b\x8a\x97\x6a\
\x71\xe8\xe5\xba\xae\x4c\xab\x74\x99\x99\x19\x58\x54\xb2\x00\x8b\
\x4a\x16\xa0\xa7\xa7\x07\xe7\xea\x1b\x71\xfe\x62\x13\x5a\x5a\x2e\
\xe3\xca\xd5\x56\x74\x75\x77\xa3\xa7\xa7\x17\x90\x12\xe9\x19\xe9\
\xc8\xcc\xc8\xc0\x84\xdc\x5c\x4c\xba\x6b\x22\x0a\x0b\xf3\x31\x63\
\xda\xd4\x1b\x21\xa6\x55\xde\xae\x2b\xee\x36\x1a\x5f\xa3\x73\x83\
\xa3\xa9\xfd\x3a\xfc\xff\x25\xe5\xc9\xa8\xd3\x69\xf5\xab\x01\x00\
\x11\x93\x6d\x70\xf0\x5d\x97\xbd\x5d\x23\x7f\xa4\x17\x00\xe9\xe8\
\xb1\x96\x19\x77\xb3\xe8\x12\x31\x0f\xeb\xee\xfb\x18\xcb\xa6\x37\
\xe2\x67\xc7\xe7\xe2\x4c\x4b\x6a\xa6\x2a\x69\x71\x0f\x8f\xcf\xac\
\xc3\x17\xee\xfd\x54\x5d\x3f\x10\x00\xd6\x4a\x60\x6d\x73\xe5\xb4\
\xc3\x02\xe2\xa5\xbc\xb4\x86\x57\x51\x2a\xc9\x05\x86\xd0\x5d\x6b\
\xa9\x67\x3e\x28\xad\xa0\xbe\x34\x26\x41\xf4\x05\x98\x3a\x58\xc1\
\x36\x75\xd0\xeb\xa9\x9e\x81\xa7\xd7\x81\xab\xbb\x7a\x9d\x9e\x9e\
\x8e\xcf\xcc\x2a\xc6\xac\x99\x37\x17\xa2\x55\x7e\xfa\xaf\x0f\xbf\
\xee\x36\x8d\xae\xd2\xd8\xa6\x2e\x14\x1d\xd7\xef\xfa\x35\xd5\x36\
\xb5\x6e\xfa\x59\x81\xd4\xaf\x9a\xdf\xf3\xbc\x5a\x00\x48\x22\x76\
\x25\xee\xa2\xbd\xdd\x42\x34\x85\x8f\x0e\xb7\x72\x73\x02\x1e\xab\
\x35\x3d\xb7\x0d\xdf\x5c\xfe\x3e\xce\xb4\xdc\x85\x5f\x9d\x99\x89\
\x93\x97\x26\x71\x41\x32\x03\x21\x3b\xad\x0f\x2b\xef\xa9\xc7\xea\
\x59\x75\xc8\xcd\x30\x3a\x76\x2d\x96\x90\x3b\x9b\x7b\xa7\xfe\xb5\
\xac\x9c\xfa\x93\xf6\x9e\x8c\x6d\xc5\x9b\x6b\x06\x2d\xe4\xa5\xc4\
\xb5\x56\x85\xcb\x9c\xdb\x45\xeb\xeb\xe5\x71\x66\x3c\x35\x18\x50\
\xf9\xfd\x6b\x93\x90\xd8\xda\x41\xd1\xea\xfc\x29\xd7\x56\xaa\x1c\
\x53\xd9\xfe\x73\xae\xcf\x5c\xac\x24\xbd\x0d\x7a\xba\xcb\xda\x81\
\x3e\x60\x6a\xb4\xc9\xe6\xe6\xe6\x73\x00\x70\xff\xbc\xe2\xba\x63\
\xa7\x6a\xba\x00\xcb\xe9\x15\x6d\x4d\xfd\xbb\x0f\x43\xdc\x1d\xe7\
\x84\x2b\x6e\x31\xe8\x0a\xc7\x0d\x6f\xab\xeb\x9c\xbc\x2b\x98\x93\
\x77\x05\x97\x3b\x33\xf1\xfb\x86\x29\xf8\xe8\x62\x01\x6a\xaf\x4c\
\x18\x72\x26\x9e\x09\x39\xe9\xbd\x98\x9b\x7f\x19\x0f\x4d\xbd\x80\
\x85\x85\xcd\x48\xc4\x03\x4d\x21\x67\x0b\x88\x7f\x1a\x9f\xde\xf3\
\x8d\x4f\x7e\x35\x67\xde\xec\x35\x67\x6e\x8c\x12\xa1\x3a\xde\x00\
\xbc\x9f\xb6\x4d\xd8\x4d\x02\x45\xcd\x3f\xf5\x6b\x15\x94\xe0\x53\
\x75\x36\x95\x11\xb4\xdd\x14\x5c\xe6\xe2\xfa\x9c\x9b\x0b\x5f\xc5\
\xcc\x99\x59\x0b\xca\x36\x00\xe8\xed\x0d\xa1\xfd\xf5\x5b\xb6\x6c\
\xe9\x05\x80\xad\x5b\xb7\x7a\xeb\xca\x36\x7f\x02\xc0\xec\x55\x23\
\x3d\xc8\x96\x1a\x88\xc9\x4e\x47\xb8\x85\x03\xcf\x83\xbc\x64\xdf\
\x40\x03\x00\x93\x73\x1c\x63\xda\x31\x98\x94\xd5\x85\x27\x67\xd7\
\xe2\xc9\xd9\xb5\xe8\xee\x8b\xa3\xe6\xea\x04\x5c\xb8\x9e\x8d\xa6\
\xf6\x1c\x5c\xef\x4e\x43\x77\x5f\x02\x3d\x5e\x1c\x59\x89\x3e\x64\
\x24\xfa\x70\x57\x56\x17\xa6\x8c\xeb\xc0\xb4\xf1\x6d\x98\x9a\xdb\
\x0e\x71\xab\x6b\x1c\x02\xbf\x51\x85\x1d\x48\x81\x6b\xad\x09\x26\
\x0d\x6c\x33\x45\x6f\xe5\x05\xb5\xcd\xcf\x29\x7a\xaa\x6d\x2e\x16\
\x4c\x10\x98\xfa\xc3\x34\xf8\x71\x6d\x30\x0d\x84\xd4\x54\x81\xcb\
\x4b\xc1\x34\x15\x1b\xf8\xad\xd5\xb2\x1c\x84\x4d\xe0\x01\xc8\xfa\
\x63\x23\x2a\xf0\xf2\xd2\x59\xa0\xc7\x2e\xc8\xe9\xf1\x24\xa6\x8d\
\x0f\x1e\x1b\x8f\x43\x46\x22\x89\x79\xf9\x97\x31\x2f\x7f\xc4\xa6\
\x31\x9e\xf0\xbc\x7f\xd0\x13\x43\x8d\x78\x63\xba\xd7\x85\x97\x12\
\x6c\xd3\xcb\x27\xc4\x50\x6f\x32\x8a\x86\x4a\x53\x79\xab\xbf\x2e\
\xe7\xb0\x71\x41\x25\x4c\x65\xda\xea\xa5\xf2\xa7\xd2\x4c\xf5\xe1\
\xda\x05\x98\x4f\x92\x01\x86\xae\x2d\x98\xca\xd3\xcb\xa1\xca\xd4\
\xe6\xfb\xb5\x83\x3b\x40\xbe\x03\x17\x9c\x3f\x05\xb4\x8f\xe0\x5c\
\xfe\x53\xb7\x9d\x91\xd3\x27\xb4\x5d\x0d\x68\x46\xdf\x56\x10\x42\
\xee\x9b\xb4\x71\x68\xcc\xad\xd0\x0f\x93\x34\xbd\x98\xdc\xcb\xa3\
\xa7\x73\x9e\x76\x9c\xd6\xb2\xbd\xb4\xb6\x67\x9c\x20\x53\x56\x04\
\x25\x48\x54\x9b\xf4\x41\xcc\xa5\xae\xba\x20\xba\x08\xa3\x29\x8d\
\xfb\x5f\x70\x03\xa7\x4a\x6f\x72\xd5\xf5\x7f\x35\xc7\x9c\x41\xc7\
\x98\x7a\x09\xf9\x16\x00\xfb\xaa\x97\xf4\x20\x3f\x7e\xc7\x4a\x16\
\x06\x64\xd3\xd9\xfe\x8d\x29\x0e\xf8\xf4\xf2\xc4\xef\x4b\x81\x47\
\x01\xfc\x27\x46\xed\xfb\xe1\xf0\x21\x05\x7e\x4c\xa5\x87\x7e\x10\
\x85\x7a\xad\x0f\x04\xb6\x7c\x26\xc1\x53\xaf\x4d\x07\x2d\xe8\xf7\
\x94\x96\xa6\xf8\xfa\xd0\xb5\xbe\x9e\xd7\x24\xc8\x2e\xc2\x4d\xf5\
\x05\xc5\x03\xe0\x3d\x06\xa9\x7e\xe2\xfa\xcf\xd4\x56\x5b\x5f\xb8\
\xd0\x2b\xcf\xea\xd5\xfb\x7d\x15\x15\x4d\x90\xf2\xad\x21\x95\x21\
\x20\x1b\x8e\x43\x36\x39\xc6\x69\x1b\x2e\xfa\xba\x81\xe3\xbf\x74\
\xa5\x4e\xca\x44\x72\x77\x41\x59\xc3\x81\xfc\xf2\x86\x3f\x4e\xca\
\xd8\x22\x40\xec\x02\x30\xea\x6e\x75\x2e\x90\xc0\x5b\xf9\x1b\x1a\
\xdf\xa7\x9e\x85\xee\x4b\xcf\x09\xad\x7a\xcd\x09\x89\x9e\x47\xd5\
\x7c\x2e\xe7\xc9\x51\x75\x31\xd5\x95\xbb\xe6\x34\x23\x57\x5f\x7d\
\xba\xc2\xd5\x91\xe2\xa5\x7b\xc9\xb9\xf6\x8f\x0f\x3d\x6a\xac\xa9\
\xfd\xfa\x0e\x37\x6e\xf0\x70\x1d\xb8\xb4\xfb\x73\x43\xda\x8d\xd8\
\x0e\xb2\xd2\x04\xe4\x91\x9f\x03\x1d\x8e\x21\xa1\x03\x43\x42\x1e\
\x7d\x03\xb2\xdd\x91\xbf\x94\xbf\xde\xbb\x6b\xd7\x8d\x13\x45\x27\
\x6f\x3c\x77\x2c\xbf\xbc\x7e\x93\x4c\xeb\x2d\x02\xf0\x37\x00\x5a\
\xf9\xcc\xa3\x0f\xe1\xc5\xd8\x28\xc1\xa1\xef\x96\x53\xd3\xd5\xe7\
\xba\xc6\xe7\x68\x5c\xb5\xa3\x4b\xb9\xae\xbf\x5c\x99\x26\x6d\xa9\
\x6a\x5f\x1b\x4f\x93\x56\xa6\xea\x44\x5d\x73\xbc\x29\x2b\xc0\xb5\
\xbd\x7a\xba\x29\x08\xa6\xc3\xff\x76\xa8\xc0\x7b\xed\xfb\x00\xb8\
\xa9\xee\x9e\x0e\x78\xef\xbd\x0a\x74\x39\x7b\x89\xba\x41\x4a\xc8\
\x63\x6f\x06\x0a\x21\x1d\x8b\xc9\xbf\xa5\xd2\x0b\x4a\x9b\x2e\xe4\
\x97\x37\x7c\x2f\x26\xbb\x8a\x24\xe4\x37\x00\xb8\x1d\xf9\x3b\x92\
\x90\x38\x98\xff\xcc\xb9\x77\xb8\xc7\xa1\x2f\xda\x99\x5e\x14\x35\
\x8d\x7b\xf9\x75\xda\x20\xe7\xcd\xab\xf7\xfa\xaa\xb9\x8b\x26\x37\
\xf1\x33\x09\xb0\x8b\x70\xe8\xcf\x4c\xd3\x0c\x4a\x90\x75\x5e\xb6\
\xfa\xba\xf6\x97\x0a\xdb\x4a\xbd\x69\x01\x33\x27\x27\xa7\x5e\xa7\
\xaf\xae\xae\x4e\x02\xc2\x3d\x26\x7d\xfb\x65\x78\x07\x5e\x01\xae\
\x5d\x74\xce\x62\x44\xb2\x17\xf2\xc8\xeb\xfd\x41\x47\x5d\x21\xf0\
\x6e\x75\x65\xc5\x7e\x13\xc9\xa4\x8d\x2d\xd7\x0a\xca\x1b\x5f\xbc\
\x7a\x57\xf6\x2c\x01\xf1\x55\x00\xa9\x3b\xad\x24\x28\x62\xf8\xa1\
\xf9\x71\x08\x70\xd1\xca\xdc\x33\xdb\xfc\x9a\xe3\xa1\x83\x5b\x64\
\xe2\xf8\x72\x82\xa1\xd3\x53\xfc\x6c\x75\xf5\xeb\x63\xcb\x4b\x95\
\xcd\xf1\x1c\xce\xa0\xc3\x09\x3e\xb7\x36\xc0\x1d\xd5\xad\xe6\xa3\
\x20\x84\xb8\xbe\x6a\xd5\x2a\x72\xb7\x56\x2c\xd9\xbe\x13\xc0\x07\
\x64\x46\x0a\x9d\xad\xf0\x0e\xbc\x02\x59\x73\x08\xb7\x14\xf9\xf5\
\x6a\x03\xe4\x6f\xff\x03\xb2\xe1\x78\x90\x5c\x49\xe9\xc5\x9e\x77\
\x25\x9e\xbd\xe6\x4c\x77\x5e\x79\x7d\x45\xfe\x99\xc6\xfb\x20\xf0\
\x45\x48\x1c\x0c\x5e\xd1\x10\x21\x71\x32\xff\x74\xe3\x2f\x4c\x24\
\xa1\x1f\x26\x49\x09\x89\xeb\x8a\xb5\x8b\xe0\x71\xf9\x83\x2c\x70\
\xd9\xb4\x26\x57\x86\x0b\x5f\xd3\x60\xc6\xb5\xcf\xe6\x15\x48\x9d\
\x12\xe3\x32\x40\xb9\x0e\x46\xa6\x81\x94\xab\xbf\xc6\x7f\x88\x39\
\xef\xa3\x5f\xcb\x7b\x7f\x01\xc0\x5d\x7a\x93\xbd\x90\xc7\xdf\x84\
\xb7\xff\x65\xc8\xc6\x13\xc1\x04\xff\xda\x45\x78\x47\x5e\x87\xf7\
\xdb\x57\x20\xdb\xdc\xe2\xc9\x2b\xf8\xf7\xbd\xbb\x5f\x71\x1f\x9c\
\x7c\x6c\x95\x5e\x7e\x59\xc3\x1b\xf9\x1b\x1b\x96\x8d\xea\xca\xbe\
\x90\x3f\xc4\x56\x73\x67\x85\xe2\x5a\x4b\x09\xb6\xea\xae\xa9\x6a\
\x15\x9f\xce\xcf\xeb\xe2\x75\xa7\x3e\xf3\xc1\x39\xba\x50\x34\x36\
\x4f\x37\x3d\x9f\x9a\xae\x3e\xa3\xb4\x9c\x9f\xa6\x44\x6d\x1d\x44\
\xa7\x97\xc3\xf5\x9f\xee\xaa\xaa\xbb\xaf\x72\x6d\xd3\xeb\xac\x96\
\xc7\xe5\x77\xe9\x4b\x93\x6b\xad\xfe\xff\x85\x41\xe0\x01\x60\x4f\
\x55\xc5\xc1\x75\xe5\x9b\x7f\x00\x89\xef\x9a\xe8\x86\xa0\xad\x09\
\xf2\xf0\x5e\xc8\x8c\x6c\x60\xf2\x3c\xc4\xf2\xee\x81\xcc\x2d\x84\
\xc8\xcc\x05\xd2\x33\x81\xbe\x5e\xc8\x9e\x0e\xe0\x7a\x0b\x70\xa5\
\x0e\xf2\xe2\x19\xa0\xd5\x7e\x50\x28\x83\x93\xd9\x69\xde\xb7\x87\
\x9b\xd9\x47\x41\x59\xc3\x01\x00\x07\x9a\xaa\x66\x2c\x8c\x49\xf9\
\x2d\x40\x96\x21\x64\x07\x37\x06\x35\xf9\x53\xcf\xff\xcc\x46\x94\
\x92\xcd\x33\x36\x8f\x2f\x95\xce\x24\x44\xea\xb5\x6d\xaf\x3d\x27\
\x58\xdc\x8b\xac\x9b\xb6\xea\x0b\x4c\x09\x04\x97\x97\x5a\xa1\xb7\
\x79\xc8\xe9\x6d\x74\xa1\x73\x19\x44\x28\x1a\x1d\x26\x2f\x42\xcd\
\x91\x66\x50\xfd\xa8\x7e\x51\xd2\x86\xcc\xdf\x75\xc4\xfa\x3a\xbe\
\x2f\xe3\x59\x2b\x25\x84\xfb\x89\x10\x3e\xba\x3b\x80\xba\x0f\xe0\
\xd5\xf5\x2b\xdf\x14\xa8\xce\x76\x4f\x7a\xeb\x2b\x2a\x2a\x6e\xcd\
\x97\x56\x41\x61\xd9\xb9\x8f\x00\x6c\xba\xb0\xfb\xee\xef\xa6\x79\
\xb1\xe7\x25\xf0\x1c\x80\xa1\x31\xb3\x42\x82\x80\xf8\x3b\xac\x92\
\x56\xbf\x87\xd0\xbf\xc3\x53\x66\x2b\x67\x06\xeb\xe9\x2e\x27\xce\
\x72\xa6\x2c\x57\x1e\x25\xac\xdc\x41\x8a\x36\xd3\x38\x88\x19\x6d\
\x6a\xb3\xa9\xef\x5c\xdb\x0b\xd0\xeb\x04\xb6\x3a\x52\x7c\xd5\x7e\
\xb1\xfd\x8f\x00\xd2\xe5\xd9\xa8\xe1\x81\x7e\xd3\x5e\x24\x33\xbf\
\x0c\x09\x7b\xc8\xd8\x91\x45\xaf\x90\xb2\x74\xdf\xee\x8a\x40\x93\
\x7d\x57\x4c\xd9\x70\xbe\x36\xaf\xbc\xe1\xeb\xbd\x02\xc5\x02\xf8\
\x0e\x24\x86\x6d\x82\x18\x70\xb1\x33\x4d\xec\x70\x21\x0c\x75\xd1\
\x4e\xbd\x57\x7f\xd5\x6b\x6a\xf5\xd9\x87\xfe\xa9\xcb\xf4\x12\xeb\
\x7c\xb9\x67\xaa\x37\x18\xf7\x22\xbb\xf0\xa2\xf2\x71\x42\xcd\xe5\
\xd3\x79\xa8\xe9\xd4\x80\x45\xe5\xa7\x84\x9e\xea\x27\x5b\x3e\x1f\
\x26\xff\x06\xd7\xf4\x78\x3c\x6e\xd5\xf0\x00\x50\x5d\xbd\xad\x35\
\xe6\xc9\xb5\x00\xce\xb8\xd0\x8f\x00\xfa\x24\xc4\xe6\xd7\x76\xef\
\x74\x3f\xb0\x6d\x98\xb8\xbb\xac\xa1\x39\xaf\xbc\xe1\xc7\x57\x27\
\x65\x17\x8b\xfe\x95\xfd\xd3\x61\xf1\x16\xc0\x3f\x4e\x2f\x3d\xe7\
\xb4\xc9\x3f\xa5\x67\xcb\x99\xd2\xb8\xbc\x26\x81\x56\xd3\x4c\x83\
\x0c\xc5\xc7\xf4\x99\xcb\x54\x6f\xd3\x60\xc3\xf1\xe0\x78\x72\x7e\
\x08\xdc\xa2\x9c\x89\x3f\x47\xef\xc3\xa4\xfd\xd5\x3f\x6a\x90\x35\
\x0d\x46\x14\x1f\x17\x0d\xef\xa3\xba\x7a\x67\x83\x97\x2e\x1f\x01\
\xf0\x9e\x6b\x9e\x14\xa1\x1b\x02\x1b\xf6\x56\x6d\xaf\x1c\xc9\x42\
\x95\x95\xfd\xf9\x10\xf8\x22\x20\x02\x7c\x33\x24\x71\x2d\xde\x93\
\xbe\xcd\x95\x38\xd4\x20\x96\x2e\xda\x2e\x88\x66\x74\x15\x42\x93\
\x56\xa3\x84\xcd\x45\xc3\x72\xbc\x74\xbe\xd4\xfc\xda\xd4\x1f\xa6\
\x01\xc4\x45\xe0\xd4\xf6\xb8\x08\xaa\x69\xb0\x02\xec\xe7\xc4\xbb\
\xfc\x6f\x85\xc3\x1c\x5e\xc5\xbe\x9d\x3b\x5b\x62\xc9\x8e\x27\x00\
\x54\x05\xc9\x17\x22\x3e\x8d\xc5\xb0\x62\x4f\xe5\x0e\xf2\x38\xa6\
\x11\x81\xbf\xb2\x5f\x5e\xbf\x54\x59\xd9\x0f\x0c\x21\xe5\x3f\x4f\
\xdc\x5c\xe3\x14\xc0\x12\x48\x81\x6b\x2d\x67\x96\x53\x26\xb5\x4e\
\x6b\xfa\x0e\xac\xc2\x65\x43\x0b\x57\x57\x17\x8d\x6c\xa2\xe5\x04\
\xda\x26\x5c\x41\xb5\x26\x45\x43\xf5\x81\xfe\xdc\xb4\xa3\xd0\xd4\
\xaf\x2e\xff\x2f\x8e\x9f\xe7\x79\xce\x1a\xde\x47\x75\x75\xf5\xf5\
\x3d\x55\x3b\xca\x01\xb1\x05\x23\xea\xaa\x2a\x2b\x63\xc9\x8c\x07\
\xab\x5f\xdd\x71\x78\xe4\xca\x34\xc3\xf7\xd9\x97\x10\x0f\xa0\xdf\
\x67\xdf\x35\xd4\x4e\x97\x97\xde\x67\x3c\x78\x42\x47\xa8\x9e\x76\
\xba\x26\x55\xd3\xd5\xfb\x1b\x85\x6b\x7e\xe0\xae\x9e\x5e\x2e\x21\
\x96\x39\x01\xa4\xe8\xa8\x53\x54\xd4\x6b\x93\xc6\xb4\x09\xae\x69\
\x10\xa2\xf8\xea\x82\x6c\xfb\xd3\x69\xa9\xc5\x49\x97\x81\x90\xeb\
\x1f\x80\x9f\x1e\x0c\xa0\x6d\xcd\x9a\x35\xd7\x58\xe6\x16\xec\xa9\
\xda\xfe\x53\x99\x48\xce\x97\x02\xaf\x22\xc8\xb7\xfa\xa0\x10\xf8\
\x5f\x01\xac\xde\x53\xb5\x73\x63\x75\xf5\xb6\xdb\xd2\x17\xbe\xa0\
\xbc\xfe\x68\x7e\x79\xfd\xa6\x64\x32\x79\xaf\x00\x5e\x02\x60\x0c\
\xb9\x23\x24\x7e\x5a\x50\xda\x14\x68\x11\x30\xa5\x71\xe9\x29\x4d\
\x63\x31\x0d\x8d\x02\xa4\x7f\x26\xa2\xca\x37\x69\x2e\x17\x8d\x66\
\xa2\xd5\xcb\xe3\x34\x29\xf7\xe9\x4b\x1d\x14\x6d\x16\x83\x69\xdf\
\x01\xd7\x2e\x9d\x37\xd7\x37\x5c\x5e\xae\xce\x54\xba\xdf\x67\xd0\
\xb6\xc5\x0e\x07\x7b\x77\xed\x3a\xbf\xb7\x72\xc7\x33\x10\x58\x08\
\xc8\x4a\x84\xba\x2b\x4d\x7e\x28\x21\x37\x94\xcc\x9d\x59\xf2\x5a\
\xd5\x8e\xb7\xc3\xe3\x9b\x3a\x4c\xfe\xb3\x0b\x35\x79\xe5\x0d\x5f\
\xef\x4b\xf3\x8a\xd1\xbf\x59\x87\x0a\x18\xd0\x1b\x17\x72\x48\x80\
\x0b\x1b\x42\x73\xbc\xb1\x39\x82\xf8\xf7\x7a\x5e\x0a\x41\x1c\x43\
\xd4\xb2\xa9\xef\xc8\xae\x65\x52\xbc\xfc\xb6\x99\xa2\xb7\xaa\xed\
\xb7\xd5\xdb\xf4\xdd\x5c\xad\x1b\xe5\x6f\x60\xa2\xe1\xe8\x28\xab\
\x85\x73\x00\x52\xf3\x50\x4e\x44\xfa\xa0\xab\xe4\x09\x34\x7f\x37\
\x61\x4f\xe5\x8e\x13\x00\x36\x7e\x79\xd3\xa6\xe7\x63\xbd\xb1\x0d\
\x12\x28\x15\xc0\x32\x04\x7f\x4f\x6b\x00\xbc\x01\x78\xbb\xf6\x54\
\x55\x90\xdb\x44\xef\x04\x4c\x29\x3d\x7f\x09\xc0\xf7\x2e\xbd\x56\
\xf8\xf7\xe8\x4d\x3c\x27\x20\x5e\x00\x50\x04\x00\x52\xa0\x72\x62\
\x59\xe3\xff\x05\xe5\x39\x62\x71\xe9\x75\x7a\x53\x9a\x49\xab\xb8\
\x3a\xcb\x50\x7c\x38\x0f\x3f\xfd\x39\x57\xb6\x4a\x47\x0d\x0e\x9c\
\x67\x20\xe7\x30\x13\xb4\x7e\xb6\xbc\xa6\xc1\x46\xfd\x3f\x70\x4e\
\x4c\x54\x9b\x39\xa7\x26\x65\x70\x08\x3c\x7f\xb7\x61\x5f\x45\x45\
\x13\xfa\x4d\xda\x97\xd6\xaf\x5f\x3f\xae\x2f\x91\xb3\x32\xe6\xa1\
\x04\x42\xce\x15\x40\x91\x04\xc6\x03\x32\x0b\x10\x7d\x02\xb2\x55\
\x0a\xd1\x02\xe0\xb4\xf0\x70\xb2\x4f\x88\xff\x79\xbd\x6a\x7b\x6d\
\xd8\x75\x1a\x4d\x14\x94\x36\x5d\x07\xf0\x22\x5e\x7e\xe8\x5f\x5b\
\xc6\x5d\x28\x93\x90\xdf\x8c\xc5\x24\x19\xe0\xc2\x86\x50\x3d\xed\
\x28\xad\xc2\xbd\xb8\x9c\xa0\x98\xf2\xa8\xf9\xd4\x32\x54\x50\xf5\
\x30\x79\xfe\x51\xfc\x39\x7e\x2e\xe5\xea\x7c\x6e\xa5\xfd\x26\xaf\
\x38\x0e\xb6\xf6\xbb\xf0\x72\xb1\xca\x94\xe9\x55\x68\x1a\x9e\x42\
\x75\x75\xf5\x75\x00\x6f\x0e\xfc\x8d\x6d\x6c\x79\xbf\x37\x0f\xa8\
\x40\xff\xdf\xb0\x90\xb2\x30\xd5\x9c\x86\x33\x09\xb3\x89\x27\xf5\
\xab\xd2\x50\x3c\x28\x8d\x64\xd2\xaa\x7a\x9a\x9e\x8f\x12\x7c\x4e\
\x6b\x72\x9a\xf1\x56\x06\x1c\xfd\x60\x0d\x53\x5f\x52\xbe\xf8\xc3\
\x19\x60\x39\x3e\xfe\xb3\xe1\xac\xd0\x47\x18\x3d\xa4\x7c\x7b\xac\
\x10\x6e\x8b\x54\x7a\x1e\x8a\x37\x45\x7b\xa3\x21\xc4\xc1\x87\x54\
\x5d\x38\xfe\x7a\x7b\xa8\x6d\xbb\x54\x1e\x2a\xbf\x9f\xae\x0e\x0c\
\x5c\x1b\x6c\x6d\xa3\xfa\xd6\xd4\x26\xae\x2e\xb6\xf6\x73\xfc\xb9\
\xfc\xfe\x75\x2c\x16\x4b\xa9\x86\x8f\x10\x2e\x52\x16\xa6\xda\x64\
\x2a\x52\x66\xb2\x9e\x5f\xe5\xa1\xff\xba\x5a\x08\xfa\xc9\x29\xa6\
\xba\xe8\xe5\x72\x9a\x5f\x5d\xd0\xe2\xea\xad\x83\xb2\x0a\x28\x2b\
\x85\x33\xbf\x4d\xd6\x0d\xd7\x7e\x57\x6b\x8b\xba\x56\xe9\x4c\xbc\
\xa5\x94\x91\x86\xbf\xc3\x90\x92\x6d\x7b\xaa\x09\x6a\x5b\xe1\x06\
\xdc\xb6\xba\xfa\xe0\xe6\xb7\xdc\xcb\xcd\x99\xae\xb6\x85\x37\xd3\
\x80\xc4\x0d\x4c\x7a\xfb\x29\x7e\x14\x6c\x0b\x63\x26\xbe\xae\xbc\
\x4c\xed\xe7\xfa\x90\xaa\xb3\x5e\x6e\x56\x56\x56\xa4\xe1\xef\x20\
\x84\x32\x87\xe7\xce\x20\xf3\x9f\xab\x70\x15\x48\xf5\x3e\xc8\x80\
\x40\x09\xaa\x4a\xab\xcf\xb9\x75\xa7\x1b\xca\x9a\xb0\x0d\x32\x3a\
\x38\x8d\x4c\xd5\x53\xaf\x1b\xb5\x2d\xd5\x05\x94\x90\x72\x03\x02\
\xd5\x2e\xd3\x40\x60\xe8\x87\xab\x2b\x56\xac\x08\x39\x08\x5d\x84\
\x54\x22\xa5\x26\x3d\x65\x46\xda\x9e\x73\x1a\xd5\x55\x00\x39\xed\
\xa4\xd7\x81\x33\xcb\xa9\x32\xf5\xfa\xaa\x69\x26\x61\xe6\xda\xc3\
\xb5\x9f\xcb\xcf\xd5\x85\x9a\x7a\xb8\x58\x54\xa6\xf6\x98\xda\x40\
\x0c\x20\x91\x76\xbf\xc3\x10\x6a\xc4\x1b\xc0\x6d\x8e\xa8\xbf\x48\
\xba\x56\xa3\xe8\x38\x53\x5c\x85\x8d\x4e\x4d\x33\xad\x3e\xbb\x08\
\xaa\x8b\xd9\xeb\x32\x3d\xe0\x04\xdb\xc5\x7c\x0f\x62\x3d\x99\xca\
\x32\xb5\x53\xef\x1b\xad\x0d\xd1\xfc\xfd\x0e\x43\xa8\x01\x30\x6e\
\x30\xb5\x6c\x82\xe1\xcc\x7d\x2a\xaf\x9a\xe6\xe7\xd1\x07\x19\x1f\
\x5c\xba\xfe\xcc\x64\x26\xab\xcf\xa8\x6b\xee\x39\x45\xa3\xd7\xc7\
\xd4\x7e\xaa\x9f\xb8\x7a\x50\x6d\x51\x07\x17\x8a\x0f\xd7\xff\x1c\
\x3f\x1d\xfe\xd7\x0f\xcd\x75\x37\x12\xf8\x3b\x0c\x29\x3d\x2e\x9a\
\xd2\x22\xfa\x33\x4a\x8b\xa8\x7c\x75\xb3\x95\x32\x2f\x55\x0d\xea\
\x32\x7f\x35\x69\x4c\xce\x8c\xe7\xb4\xad\x49\xfb\x03\x83\x4d\x6c\
\xae\x1f\x4c\xed\xa7\xea\xa1\xd7\xd7\xd6\x16\xaa\xaf\x38\x0d\x6f\
\x9a\x12\x11\x83\x4c\x64\xd2\xdf\x61\x48\xc9\x7e\x78\x35\xdd\xa4\
\x75\xa8\xbc\x14\x0f\x6e\x63\x0b\xa5\xdd\x4c\x11\x60\x82\x58\x1a\
\x7a\x3a\xa7\x95\x29\x41\xd0\x79\xb8\x6a\x79\xc0\xbc\xbd\x95\xbb\
\x37\xd5\xcf\xa6\xd9\xb9\x76\x52\xf4\x3a\x5c\x23\xdd\x44\xb8\x7d\
\x20\x28\x0d\xbc\xae\x6c\xd3\xc3\x40\xcc\xae\x71\xe1\x24\x00\x00\
\x00\xe8\x49\x44\x41\x54\x29\x22\xc9\xd2\xc5\x0f\x22\x3b\x27\x0b\
\x80\xd9\x25\xd4\x34\xcf\xa5\xc0\xcd\xaf\x5d\x68\xc3\x4a\x37\x95\
\x19\x94\xff\xad\x96\x19\xb4\xbf\x4c\xbc\x82\x94\x6b\x7a\xd6\xd0\
\x78\xe1\xcd\xab\xad\xad\xb7\xdf\xe9\x2b\x11\xe0\xa5\xc9\xbf\x1a\
\xd8\x93\x30\x08\xa4\x49\x2f\xfa\xbc\x71\x32\xe1\xa6\xfc\x0f\x1d\
\x0e\x1e\xc6\x3b\xc2\x1f\x0c\x9e\x02\xdc\x3e\x1b\x46\x18\x59\x24\
\xba\xbc\x1f\x01\x18\x22\xf0\x29\x59\xb4\x8b\x10\x21\xc2\xed\x89\
\x48\xe0\x23\x44\x18\x43\x88\x04\x3e\x42\x84\x31\x84\x48\xe0\x23\
\x44\x18\x43\x88\x04\x3e\x42\x84\x31\x84\x48\xe0\x23\x44\x18\x43\
\x88\x04\x3e\x42\x84\x31\x84\x48\xe0\x23\x44\x18\x43\x20\x1d\x6f\
\xa4\x8c\x5f\x12\x70\x3b\xe5\xd2\x03\x8e\xc5\x00\xa7\x83\xec\x22\
\x44\x88\x30\x52\x48\x5c\xa7\x52\x49\xd7\xda\x08\x11\x22\xfc\x61\
\x22\x32\xe9\x23\x44\x18\x43\x88\x04\x3e\x42\x84\x31\x84\x48\xe0\
\x23\x44\x18\x43\x88\x04\x3e\x42\x84\x31\x84\x48\xe0\x23\x44\x18\
\x43\x88\x04\x3e\x42\x84\x31\x84\xff\x07\x7f\x29\x57\xe1\x02\x80\
\x1c\x6c\x00\x00\x00\x00\x49\x45\x4e\x44\xae\x42\x60\x82\
\x00\x00\x11\x5f\
\x89\
\x50\x4e\x47\x0d\x0a\x1a\x0a\x00\x00\x00\x0d\x49\x48\x44\x52\x00\
\x00\x00\x80\x00\x00\x00\x18\x08\x06\x00\x00\x00\x32\x0b\xf5\xe5\
\x00\x00\x00\xc6\x7a\x54\x58\x74\x52\x61\x77\x20\x70\x72\x6f\x66\
\x69\x6c\x65\x20\x74\x79\x70\x65\x20\x65\x78\x69\x66\x00\x00\x78\
\xda\x6d\x50\xdb\x0d\xc3\x20\x0c\xfc\xf7\x14\x1d\x01\x3f\x20\x66\
\x1c\xd2\x50\xa9\x1b\x74\xfc\x1a\x6c\xaa\x24\xea\x49\x18\xe3\x33\
\xc7\x61\xe8\x9f\xf7\x0b\x1e\x03\x84\x02\x92\x37\x2d\xb5\x94\x64\
\x90\x2a\x95\x9a\x25\x9a\x1c\x6d\x46\x4c\x32\xe3\xc4\xa2\xec\x7c\
\xa9\x03\x2e\x86\xac\xc4\xb6\x73\x5c\x28\xd1\xbf\xea\xf8\x13\xf0\
\xad\x59\x96\x4f\x42\xfa\x0c\x62\xbf\x12\x55\x42\x5f\x6f\x42\xf1\
\x10\x0f\x47\x64\xc9\x11\x42\x35\x84\x98\x9c\xc0\x10\x68\xfe\xad\
\x54\xaa\x6e\xe7\x2f\xec\x3d\x5d\xa1\xbe\x60\x04\xf2\xd6\xe1\xca\
\x5d\xdc\xce\xb2\xd9\xf4\x8e\x6c\xef\x30\x51\x67\xe4\x64\x91\x59\
\xdc\x00\x8f\x25\xc0\xcd\x08\x9c\x71\x34\x22\x8b\xe5\x89\xf3\xac\
\x68\x38\xb1\x81\xfc\x9b\xd3\x02\x7c\x01\x1b\x31\x59\x7a\x6e\xb6\
\xd9\xd6\x00\x00\x01\x84\x69\x43\x43\x50\x49\x43\x43\x20\x70\x72\
\x6f\x66\x69\x6c\x65\x00\x00\x78\x9c\x7d\x91\x3d\x48\xc3\x40\x1c\
\xc5\x5f\xd3\x4a\xa5\xb6\x38\xd8\x41\xc4\x21\x43\x75\xb2\x8b\x8a\
\x38\xd6\x2a\x14\xa1\x42\xa8\x15\x5a\x75\x30\xb9\xf4\x0b\x9a\xb4\
\x24\x29\x2e\x8e\x82\x6b\xc1\xc1\x8f\xc5\xaa\x83\x8b\xb3\xae\x0e\
\xae\x82\x20\xf8\x01\xe2\xec\xe0\xa4\xe8\x22\x25\xfe\x2f\x29\xb4\
\x88\xf1\xe0\xb8\x1f\xef\xee\x3d\xee\xde\x01\x42\xab\xca\x34\x33\
\x90\x00\x34\xdd\x32\x32\xa9\xa4\x98\xcb\xaf\x8a\xc1\x57\x0c\x20\
\x84\x08\xfc\x08\xc8\xcc\xac\xcf\x49\x52\x1a\x9e\xe3\xeb\x1e\x3e\
\xbe\xde\xc5\x79\x96\xf7\xb9\x3f\x47\x44\x2d\x98\x0c\xf0\x89\xc4\
\x09\x56\x37\x2c\xe2\x0d\xe2\x99\x4d\xab\xce\x79\x9f\x38\xca\xca\
\xb2\x4a\x7c\x4e\x3c\x61\xd0\x05\x89\x1f\xb9\xae\xb8\xfc\xc6\xb9\
\xe4\xb0\xc0\x33\xa3\x46\x36\x33\x4f\x1c\x25\x16\x4b\x3d\xac\xf4\
\x30\x2b\x1b\x1a\xf1\x34\x71\x4c\xd5\x74\xca\x17\x72\x2e\xab\x9c\
\xb7\x38\x6b\xd5\x06\xeb\xdc\x93\xbf\x30\x5c\xd0\x57\x96\xb9\x4e\
\x73\x14\x29\x2c\x62\x09\x12\x44\x28\x68\xa0\x82\x2a\x2c\xc4\x69\
\xd5\x49\x31\x91\xa1\xfd\xa4\x87\x7f\xc4\xf1\x4b\xe4\x52\xc8\x55\
\x01\x23\xc7\x02\x6a\xd0\x20\x3b\x7e\xf0\x3f\xf8\xdd\xad\x59\x9c\
\x9a\x74\x93\xc2\x49\xa0\xef\xc5\xb6\x3f\xc6\x80\xe0\x2e\xd0\x6e\
\xda\xf6\xf7\xb1\x6d\xb7\x4f\x00\xff\x33\x70\xa5\x77\xfd\xb5\x16\
\x30\xfb\x49\x7a\xb3\xab\xc5\x8e\x80\xc1\x6d\xe0\xe2\xba\xab\x29\
\x7b\xc0\xe5\x0e\x30\xfc\x54\x97\x0d\xd9\x91\xfc\x34\x85\x62\x11\
\x78\x3f\xa3\x6f\xca\x03\x43\xb7\x40\x68\xcd\xed\xad\xb3\x8f\xd3\
\x07\x20\x4b\x5d\xa5\x6f\x80\x83\x43\x60\xbc\x44\xd9\xeb\x1e\xef\
\xee\xef\xed\xed\xdf\x33\x9d\xfe\x7e\x00\x04\x7e\x72\x7a\x94\x27\
\xeb\x40\x00\x00\x0d\x7a\x69\x54\x58\x74\x58\x4d\x4c\x3a\x63\x6f\
\x6d\x2e\x61\x64\x6f\x62\x65\x2e\x78\x6d\x70\x00\x00\x00\x00\x00\
\x3c\x3f\x78\x70\x61\x63\x6b\x65\x74\x20\x62\x65\x67\x69\x6e\x3d\
\x22\xef\xbb\xbf\x22\x20\x69\x64\x3d\x22\x57\x35\x4d\x30\x4d\x70\
\x43\x65\x68\x69\x48\x7a\x72\x65\x53\x7a\x4e\x54\x63\x7a\x6b\x63\
\x39\x64\x22\x3f\x3e\x0a\x3c\x78\x3a\x78\x6d\x70\x6d\x65\x74\x61\
\x20\x78\x6d\x6c\x6e\x73\x3a\x78\x3d\x22\x61\x64\x6f\x62\x65\x3a\
\x6e\x73\x3a\x6d\x65\x74\x61\x2f\x22\x20\x78\x3a\x78\x6d\x70\x74\
\x6b\x3d\x22\x58\x4d\x50\x20\x43\x6f\x72\x65\x20\x34\x2e\x34\x2e\
\x30\x2d\x45\x78\x69\x76\x32\x22\x3e\x0a\x20\x3c\x72\x64\x66\x3a\
\x52\x44\x46\x20\x78\x6d\x6c\x6e\x73\x3a\x72\x64\x66\x3d\x22\x68\
\x74\x74\x70\x3a\x2f\x2f\x77\x77\x77\x2e\x77\x33\x2e\x6f\x72\x67\
\x2f\x31\x39\x39\x39\x2f\x30\x32\x2f\x32\x32\x2d\x72\x64\x66\x2d\
\x73\x79\x6e\x74\x61\x78\x2d\x6e\x73\x23\x22\x3e\x0a\x20\x20\x3c\
\x72\x64\x66\x3a\x44\x65\x73\x63\x72\x69\x70\x74\x69\x6f\x6e\x20\
\x72\x64\x66\x3a\x61\x62\x6f\x75\x74\x3d\x22\x22\x0a\x20\x20\x20\
\x20\x78\x6d\x6c\x6e\x73\x3a\x78\x6d\x70\x4d\x4d\x3d\x22\x68\x74\
\x74\x70\x3a\x2f\x2f\x6e\x73\x2e\x61\x64\x6f\x62\x65\x2e\x63\x6f\
\x6d\x2f\x78\x61\x70\x2f\x31\x2e\x30\x2f\x6d\x6d\x2f\x22\x0a\x20\
\x20\x20\x20\x78\x6d\x6c\x6e\x73\x3a\x73\x74\x45\x76\x74\x3d\x22\
\x68\x74\x74\x70\x3a\x2f\x2f\x6e\x73\x2e\x61\x64\x6f\x62\x65\x2e\
\x63\x6f\x6d\x2f\x78\x61\x70\x2f\x31\x2e\x30\x2f\x73\x54\x79\x70\
\x65\x2f\x52\x65\x73\x6f\x75\x72\x63\x65\x45\x76\x65\x6e\x74\x23\
\x22\x0a\x20\x20\x20\x20\x78\x6d\x6c\x6e\x73\x3a\x47\x49\x4d\x50\
\x3d\x22\x68\x74\x74\x70\x3a\x2f\x2f\x77\x77\x77\x2e\x67\x69\x6d\
\x70\x2e\x6f\x72\x67\x2f\x78\x6d\x70\x2f\x22\x0a\x20\x20\x20\x20\
\x78\x6d\x6c\x6e\x73\x3a\x64\x63\x3d\x22\x68\x74\x74\x70\x3a\x2f\
\x2f\x70\x75\x72\x6c\x2e\x6f\x72\x67\x2f\x64\x63\x2f\x65\x6c\x65\
\x6d\x65\x6e\x74\x73\x2f\x31\x2e\x31\x2f\x22\x0a\x20\x20\x20\x20\
\x78\x6d\x6c\x6e\x73\x3a\x74\x69\x66\x66\x3d\x22\x68\x74\x74\x70\
\x3a\x2f\x2f\x6e\x73\x2e\x61\x64\x6f\x62\x65\x2e\x63\x6f\x6d\x2f\
\x74\x69\x66\x66\x2f\x31\x2e\x30\x2f\x22\x0a\x20\x20\x20\x20\x78\
\x6d\x6c\x6e\x73\x3a\x78\x6d\x70\x3d\x22\x68\x74\x74\x70\x3a\x2f\
\x2f\x6e\x73\x2e\x61\x64\x6f\x62\x65\x2e\x63\x6f\x6d\x2f\x78\x61\
\x70\x2f\x31\x2e\x30\x2f\x22\x0a\x20\x20\x20\x78\x6d\x70\x4d\x4d\
\x3a\x44\x6f\x63\x75\x6d\x65\x6e\x74\x49\x44\x3d\x22\x67\x69\x6d\
\x70\x3a\x64\x6f\x63\x69\x64\x3a\x67\x69\x6d\x70\x3a\x66\x61\x65\
\x34\x34\x66\x65\x66\x2d\x32\x39\x65\x39\x2d\x34\x36\x33\x65\x2d\
\x62\x36\x35\x38\x2d\x63\x62\x30\x30\x37\x34\x38\x30\x30\x61\x30\
\x61\x22\x0a\x20\x20\x20\x78\x6d\x70\x4d\x4d\x3a\x49\x6e\x73\x74\
\x61\x6e\x63\x65\x49\x44\x3d\x22\x78\x6d\x70\x2e\x69\x69\x64\x3a\
\x33\x62\x35\x36\x65\x31\x39\x32\x2d\x31\x34\x36\x33\x2d\x34\x61\
\x36\x62\x2d\x38\x31\x30\x65\x2d\x34\x32\x64\x64\x62\x65\x62\x33\
\x63\x32\x63\x33\x22\x0a\x20\x20\x20\x78\x6d\x70\x4d\x4d\x3a\x4f\
\x72\x69\x67\x69\x6e\x61\x6c\x44\x6f\x63\x75\x6d\x65\x6e\x74\x49\
\x44\x3d\x22\x78\x6d\x70\x2e\x64\x69\x64\x3a\x36\x33\x65\x62\x63\
\x61\x37\x36\x2d\x35\x30\x66\x66\x2d\x34\x65\x65\x63\x2d\x39\x64\
\x61\x63\x2d\x33\x34\x65\x30\x63\x30\x38\x36\x37\x37\x30\x64\x22\
\x0a\x20\x20\x20\x47\x49\x4d\x50\x3a\x41\x50\x49\x3d\x22\x32\x2e\
\x30\x22\x0a\x20\x20\x20\x47\x49\x4d\x50\x3a\x50\x6c\x61\x74\x66\
\x6f\x72\x6d\x3d\x22\x4d\x61\x63\x20\x4f\x53\x22\x0a\x20\x20\x20\
\x47\x49\x4d\x50\x3a\x54\x69\x6d\x65\x53\x74\x61\x6d\x70\x3d\x22\
\x31\x37\x33\x31\x32\x34\x33\x39\x31\x39\x31\x37\x31\x31\x38\x37\
\x22\x0a\x20\x20\x20\x47\x49\x4d\x50\x3a\x56\x65\x72\x73\x69\x6f\
\x6e\x3d\x22\x32\x2e\x31\x30\x2e\x33\x34\x22\x0a\x20\x20\x20\x64\
\x63\x3a\x46\x6f\x72\x6d\x61\x74\x3d\x22\x69\x6d\x61\x67\x65\x2f\
\x70\x6e\x67\x22\x0a\x20\x20\x20\x74\x69\x66\x66\x3a\x4f\x72\x69\
\x65\x6e\x74\x61\x74\x69\x6f\x6e\x3d\x22\x31\x22\x0a\x20\x20\x20\
\x78\x6d\x70\x3a\x43\x72\x65\x61\x74\x6f\x72\x54\x6f\x6f\x6c\x3d\
\x22\x47\x49\x4d\x50\x20\x32\x2e\x31\x30\x22\x0a\x20\x20\x20\x78\
\x6d\x70\x3a\x4d\x65\x74\x61\x64\x61\x74\x61\x44\x61\x74\x65\x3d\
\x22\x32\x30\x32\x34\x3a\x31\x31\x3a\x31\x30\x54\x31\x34\x3a\x30\
\x35\x3a\x31\x38\x2b\x30\x31\x3a\x30\x30\x22\x0a\x20\x20\x20\x78\
\x6d\x70\x3a\x4d\x6f\x64\x69\x66\x79\x44\x61\x74\x65\x3d\x22\x32\
\x30\x32\x34\x3a\x31\x31\x3a\x31\x30\x54\x31\x34\x3a\x30\x35\x3a\
\x31\x38\x2b\x30\x31\x3a\x30\x30\x22\x3e\x0a\x20\x20\x20\x3c\x78\
\x6d\x70\x4d\x4d\x3a\x48\x69\x73\x74\x6f\x72\x79\x3e\x0a\x20\x20\
\x20\x20\x3c\x72\x64\x66\x3a\x53\x65\x71\x3e\x0a\x20\x20\x20\x20\
\x20\x3c\x72\x64\x66\x3a\x6c\x69\x0a\x20\x20\x20\x20\x20\x20\x73\
\x74\x45\x76\x74\x3a\x61\x63\x74\x69\x6f\x6e\x3d\x22\x73\x61\x76\
\x65\x64\x22\x0a\x20\x20\x20\x20\x20\x20\x73\x74\x45\x76\x74\x3a\
\x63\x68\x61\x6e\x67\x65\x64\x3d\x22\x2f\x22\x0a\x20\x20\x20\x20\
\x20\x20\x73\x74\x45\x76\x74\x3a\x69\x6e\x73\x74\x61\x6e\x63\x65\
\x49\x44\x3d\x22\x78\x6d\x70\x2e\x69\x69\x64\x3a\x31\x62\x61\x62\
\x32\x32\x66\x31\x2d\x35\x39\x33\x61\x2d\x34\x65\x32\x34\x2d\x38\
\x30\x61\x33\x2d\x36\x39\x65\x65\x61\x38\x61\x36\x63\x61\x30\x37\
\x22\x0a\x20\x20\x20\x20\x20\x20\x73\x74\x45\x76\x74\x3a\x73\x6f\
\x66\x74\x77\x61\x72\x65\x41\x67\x65\x6e\x74\x3d\x22\x47\x69\x6d\
\x70\x20\x32\x2e\x31\x30\x20\x28\x4d\x61\x63\x20\x4f\x53\x29\x22\
\x0a\x20\x20\x20\x20\x20\x20\x73\x74\x45\x76\x74\x3a\x77\x68\x65\
\x6e\x3d\x22\x32\x30\x32\x34\x2d\x31\x31\x2d\x31\x30\x54\x31\x34\
\x3a\x30\x35\x3a\x31\x39\x2b\x30\x31\x3a\x30\x30\x22\x2f\x3e\x0a\
\x20\x20\x20\x20\x3c\x2f\x72\x64\x66\x3a\x53\x65\x71\x3e\x0a\x20\
\x20\x20\x3c\x2f\x78\x6d\x70\x4d\x4d\x3a\x48\x69\x73\x74\x6f\x72\
\x79\x3e\x0a\x20\x20\x3c\x2f\x72\x64\x66\x3a\x44\x65\x73\x63\x72\
\x69\x70\x74\x69\x6f\x6e\x3e\x0a\x20\x3c\x2f\x72\x64\x66\x3a\x52\
\x44\x46\x3e\x0a\x3c\x2f\x78\x3a\x78\x6d\x70\x6d\x65\x74\x61\x3e\
\x0a\x20\x20\x20\x20\x20\x20\x20\x20\x20\x20\x20\x20\x20\x20\x20\
\x20\x20\x20\x20\x20\x20\x20\x20\x20\x20\x20\x20\x20\x20\x20\x20\
\x20\x20\x20\x20\x20\x20\x20\x20\x20\x20\x20\x20\x20\x20\x20\x20\
\x20\x20\x20\x20\x20\x20\x20\x20\x20\x20\x20\x20\x20\x20\x20\x20\
\x20\x20\x20\x20\x20\x20\x20\x20\x20\x20\x20\x20\x20\x20\x20\x20\
\x20\x20\x20\x20\x20\x20\x20\x20\x20\x20\x20\x20\x20\x20\x20\x20\
\x20\x20\x20\x20\x20\x0a\x20\x20\x20\x20\x20\x20\x20\x20\x20\x20\
\x20\x20\x20\x20\x20\x20\x20\x20\x20\x20\x20\x20\x20\x20\x20\x20\
\x20\x20\x20\x20\x20\x20\x20\x20\x20\x20\x20\x20\x20\x20\x20\x20\
\x20\x20\x20\x20\x20\x20\x20\x20\x20\x20\x20\x20\x20\x20\x20\x20\
\x20\x20\x20\x20\x20\x20\x20\x20\x20\x20\x20\x20\x20\x20\x20\x20\
\x20\x20\x20\x20\x20\x20\x20\x20\x20\x20\x20\x20\x20\x20\x20\x20\
\x20\x20\x20\x20\x20\x20\x20\x20\x20\x20\x0a\x20\x20\x20\x20\x20\
\x20\x20\x20\x20\x20\x20\x20\x20\x20\x20\x20\x20\x20\x20\x20\x20\
\x20\x20\x20\x20\x20\x20\x20\x20\x20\x20\x20\x20\x20\x20\x20\x20\
\x20\x20\x20\x20\x20\x20\x20\x20\x20\x20\x20\x20\x20\x20\x20\x20\
\x20\x20\x20\x20\x20\x20\x20\x20\x20\x20\x20\x20\x20\x20\x20\x20\
\x20\x20\x20\x20\x20\x20\x20\x20\x20\x20\x20\x20\x20\x20\x20\x20\
\x20\x20\x20\x20\x20\x20\x20\x20\x20\x20\x20\x20\x20\x20\x20\x0a\
\x20\x20\x20\x20\x20\x20\x20\x20\x20\x20\x20\x20\x20\x20\x20\x20\
\x20\x20\x20\x20\x20\x20\x20\x20\x20\x20\x20\x20\x20\x20\x20\x20\
\x20\x20\x20\x20\x20\x20\x20\x20\x20\x20\x20\x20\x20\x20\x20\x20\
\x20\x20\x20\x20\x20\x20\x20\x20\x20\x20\x20\x20\x20\x20\x20\x20\
\x20\x20\x20\x20\x20\x20\x20\x20\x20\x20\x20\x20\x20\x20\x20\x20\
\x20\x20\x20\x20\x20\x20\x20\x20\x20\x20\x20\x20\x20\x20\x20\x20\
\x20\x20\x20\x20\x0a\x20\x20\x20\x20\x20\x20\x20\x20\x20\x20\x20\
\x20\x20\x20\x20\x20\x20\x20\x20\x20\x20\x20\x20\x20\x20\x20\x20\
\x20\x20\x20\x20\x20\x20\x20\x20\x20\x20\x20\x20\x20\x20\x20\x20\
\x20\x20\x20\x20\x20\x20\x20\x20\x20\x20\x20\x20\x20\x20\x20\x20\
\x20\x20\x20\x20\x20\x20\x20\x20\x20\x20\x20\x20\x20\x20\x20\x20\
\x20\x20\x20\x20\x20\x20\x20\x20\x20\x20\x20\x20\x20\x20\x20\x20\
\x20\x20\x20\x20\x20\x20\x20\x20\x20\x0a\x20\x20\x20\x20\x20\x20\
\x20\x20\x20\x20\x20\x20\x20\x20\x20\x20\x20\x20\x20\x20\x20\x20\
\x20\x20\x20\x20\x20\x20\x20\x20\x20\x20\x20\x20\x20\x20\x20\x20\
\x20\x20\x20\x20\x20\x20\x20\x20\x20\x20\x20\x20\x20\x20\x20\x20\
\x20\x20\x20\x20\x20\x20\x20\x20\x20\x20\x20\x20\x20\x20\x20\x20\
\x20\x20\x20\x20\x20\x20\x20\x20\x20\x20\x20\x20\x20\x20\x20\x20\
\x20\x20\x20\x20\x20\x20\x20\x20\x20\x20\x20\x20\x20\x20\x0a\x20\
\x20\x20\x20\x20\x20\x20\x20\x20\x20\x20\x20\x20\x20\x20\x20\x20\
\x20\x20\x20\x20\x20\x20\x20\x20\x20\x20\x20\x20\x20\x20\x20\x20\
\x20\x20\x20\x20\x20\x20\x20\x20\x20\x20\x20\x20\x20\x20\x20\x20\
\x20\x20\x20\x20\x20\x20\x20\x20\x20\x20\x20\x20\x20\x20\x20\x20\
\x20\x20\x20\x20\x20\x20\x20\x20\x20\x20\x20\x20\x20\x20\x20\x20\
\x20\x20\x20\x20\x20\x20\x20\x20\x20\x20\x20\x20\x20\x20\x20\x20\
\x20\x20\x20\x0a\x20\x20\x20\x20\x20\x20\x20\x20\x20\x20\x20\x20\
\x20\x20\x20\x20\x20\x20\x20\x20\x20\x20\x20\x20\x20\x20\x20\x20\
\x20\x20\x20\x20\x20\x20\x20\x20\x20\x20\x20\x20\x20\x20\x20\x20\
\x20\x20\x20\x20\x20\x20\x20\x20\x20\x20\x20\x20\x20\x20\x20\x20\
\x20\x20\x20\x20\x20\x20\x20\x20\x20\x20\x20\x20\x20\x20\x20\x20\
\x20\x20\x20\x20\x20\x20\x20\x20\x20\x20\x20\x20\x20\x20\x20\x20\
\x20\x20\x20\x20\x20\x20\x20\x20\x0a\x20\x20\x20\x20\x20\x20\x20\
\x20\x20\x20\x20\x20\x20\x20\x20\x20\x20\x20\x20\x20\x20\x20\x20\
\x20\x20\x20\x20\x20\x20\x20\x20\x20\x20\x20\x20\x20\x20\x20\x20\
\x20\x20\x20\x20\x20\x20\x20\x20\x20\x20\x20\x20\x20\x20\x20\x20\
\x20\x20\x20\x20\x20\x20\x20\x20\x20\x20\x20\x20\x20\x20\x20\x20\
\x20\x20\x20\x20\x20\x20\x20\x20\x20\x20\x20\x20\x20\x20\x20\x20\
\x20\x20\x20\x20\x20\x20\x20\x20\x20\x20\x20\x20\x20\x0a\x20\x20\
\x20\x20\x20\x20\x20\x20\x20\x20\x20\x20\x20\x20\x20\x20\x20\x20\
\x20\x20\x20\x20\x20\x20\x20\x20\x20\x20\x20\x20\x20\x20\x20\x20\
\x20\x20\x20\x20\x20\x20\x20\x20\x20\x20\x20\x20\x20\x20\x20\x20\
\x20\x20\x20\x20\x20\x20\x20\x20\x20\x20\x20\x20\x20\x20\x20\x20\
\x20\x20\x20\x20\x20\x20\x20\x20\x20\x20\x20\x20\x20\x20\x20\x20\
\x20\x20\x20\x20\x20\x20\x20\x20\x20\x20\x20\x20\x20\x20\x20\x20\
\x20\x20\x0a\x20\x20\x20\x20\x20\x20\x20\x20\x20\x20\x20\x20\x20\
\x20\x20\x20\x20\x20\x20\x20\x20\x20\x20\x20\x20\x20\x20\x20\x20\
\x20\x20\x20\x20\x20\x20\x20\x20\x20\x20\x20\x20\x20\x20\x20\x20\
\x20\x20\x20\x20\x20\x20\x20\x20\x20\x20\x20\x20\x20\x20\x20\x20\
\x20\x20\x20\x20\x20\x20\x20\x20\x20\x20\x20\x20\x20\x20\x20\x20\
\x20\x20\x20\x20\x20\x20\x20\x20\x20\x20\x20\x20\x20\x20\x20\x20\
\x20\x20\x20\x20\x20\x20\x20\x0a\x20\x20\x20\x20\x20\x20\x20\x20\
\x20\x20\x20\x20\x20\x20\x20\x20\x20\x20\x20\x20\x20\x20\x20\x20\
\x20\x20\x20\x20\x20\x20\x20\x20\x20\x20\x20\x20\x20\x20\x20\x20\
\x20\x20\x20\x20\x20\x20\x20\x20\x20\x20\x20\x20\x20\x20\x20\x20\
\x20\x20\x20\x20\x20\x20\x20\x20\x20\x20\x20\x20\x20\x20\x20\x20\
\x20\x20\x20\x20\x20\x20\x20\x20\x20\x20\x20\x20\x20\x20\x20\x20\
\x20\x20\x20\x20\x20\x20\x20\x20\x20\x20\x20\x20\x0a\x20\x20\x20\
\x20\x20\x20\x20\x20\x20\x20\x20\x20\x20\x20\x20\x20\x20\x20\x20\
\x20\x20\x20\x20\x20\x20\x20\x20\x20\x20\x20\x20\x20\x20\x20\x20\
\x20\x20\x20\x20\x20\x20\x20\x20\x20\x20\x20\x20\x20\x20\x20\x20\
\x20\x20\x20\x20\x20\x20\x20\x20\x20\x20\x20\x20\x20\x20\x20\x20\
\x20\x20\x20\x20\x20\x20\x20\x20\x20\x20\x20\x20\x20\x20\x20\x20\
\x20\x20\x20\x20\x20\x20\x20\x20\x20\x20\x20\x20\x20\x20\x20\x20\
\x20\x0a\x20\x20\x20\x20\x20\x20\x20\x20\x20\x20\x20\x20\x20\x20\
\x20\x20\x20\x20\x20\x20\x20\x20\x20\x20\x20\x20\x20\x20\x20\x20\
\x20\x20\x20\x20\x20\x20\x20\x20\x20\x20\x20\x20\x20\x20\x20\x20\
\x20\x20\x20\x20\x20\x20\x20\x20\x20\x20\x20\x20\x20\x20\x20\x20\
\x20\x20\x20\x20\x20\x20\x20\x20\x20\x20\x20\x20\x20\x20\x20\x20\
\x20\x20\x20\x20\x20\x20\x20\x20\x20\x20\x20\x20\x20\x20\x20\x20\
\x20\x20\x20\x20\x20\x20\x0a\x20\x20\x20\x20\x20\x20\x20\x20\x20\
\x20\x20\x20\x20\x20\x20\x20\x20\x20\x20\x20\x20\x20\x20\x20\x20\
\x20\x20\x20\x20\x20\x20\x20\x20\x20\x20\x20\x20\x20\x20\x20\x20\
\x20\x20\x20\x20\x20\x20\x20\x20\x20\x20\x20\x20\x20\x20\x20\x20\
\x20\x20\x20\x20\x20\x20\x20\x20\x20\x20\x20\x20\x20\x20\x20\x20\
\x20\x20\x20\x20\x20\x20\x20\x20\x20\x20\x20\x20\x20\x20\x20\x20\
\x20\x20\x20\x20\x20\x20\x20\x20\x20\x20\x20\x0a\x20\x20\x20\x20\
\x20\x20\x20\x20\x20\x20\x20\x20\x20\x20\x20\x20\x20\x20\x20\x20\
\x20\x20\x20\x20\x20\x20\x20\x20\x20\x20\x20\x20\x20\x20\x20\x20\
\x20\x20\x20\x20\x20\x20\x20\x20\x20\x20\x20\x20\x20\x20\x20\x20\
\x20\x20\x20\x20\x20\x20\x20\x20\x20\x20\x20\x20\x20\x20\x20\x20\
\x20\x20\x20\x20\x20\x20\x20\x20\x20\x20\x20\x20\x20\x20\x20\x20\
\x20\x20\x20\x20\x20\x20\x20\x20\x20\x20\x20\x20\x20\x20\x20\x20\
\x0a\x20\x20\x20\x20\x20\x20\x20\x20\x20\x20\x20\x20\x20\x20\x20\
\x20\x20\x20\x20\x20\x20\x20\x20\x20\x20\x20\x20\x20\x20\x20\x20\
\x20\x20\x20\x20\x20\x20\x20\x20\x20\x20\x20\x20\x20\x20\x20\x20\
\x20\x20\x20\x20\x20\x20\x20\x20\x20\x20\x20\x20\x20\x20\x20\x20\
\x20\x20\x20\x20\x20\x20\x20\x20\x20\x20\x20\x20\x20\x20\x20\x20\
\x20\x20\x20\x20\x20\x20\x20\x20\x20\x20\x20\x20\x20\x20\x20\x20\
\x20\x20\x20\x20\x20\x0a\x20\x20\x20\x20\x20\x20\x20\x20\x20\x20\
\x20\x20\x20\x20\x20\x20\x20\x20\x20\x20\x20\x20\x20\x20\x20\x20\
\x20\x20\x20\x20\x20\x20\x20\x20\x20\x20\x20\x20\x20\x20\x20\x20\
\x20\x20\x20\x20\x20\x20\x20\x20\x20\x20\x20\x20\x20\x20\x20\x20\
\x20\x20\x20\x20\x20\x20\x20\x20\x20\x20\x20\x20\x20\x20\x20\x20\
\x20\x20\x20\x20\x20\x20\x20\x20\x20\x20\x20\x20\x20\x20\x20\x20\
\x20\x20\x20\x20\x20\x20\x20\x20\x20\x20\x0a\x20\x20\x20\x20\x20\
\x20\x20\x20\x20\x20\x20\x20\x20\x20\x20\x20\x20\x20\x20\x20\x20\
\x20\x20\x20\x20\x20\x20\x20\x20\x20\x20\x20\x20\x20\x20\x20\x20\
\x20\x20\x20\x20\x20\x20\x20\x20\x20\x20\x20\x20\x20\x20\x20\x20\
\x20\x20\x20\x20\x20\x20\x20\x20\x20\x20\x20\x20\x20\x20\x20\x20\
\x20\x20\x20\x20\x20\x20\x20\x20\x20\x20\x20\x20\x20\x20\x20\x20\
\x20\x20\x20\x20\x20\x20\x20\x20\x20\x20\x20\x20\x20\x20\x20\x0a\
\x20\x20\x20\x20\x20\x20\x20\x20\x20\x20\x20\x20\x20\x20\x20\x20\
\x20\x20\x20\x20\x20\x20\x20\x20\x20\x20\x20\x20\x20\x20\x20\x20\
\x20\x20\x20\x20\x20\x20\x20\x20\x20\x20\x20\x20\x20\x20\x20\x20\
\x20\x20\x20\x20\x20\x20\x20\x20\x20\x20\x20\x20\x20\x20\x20\x20\
\x20\x20\x20\x20\x20\x20\x20\x20\x20\x20\x20\x20\x20\x20\x20\x20\
\x20\x20\x20\x20\x20\x20\x20\x20\x20\x20\x20\x20\x20\x20\x20\x20\
\x20\x20\x20\x20\x0a\x20\x20\x20\x20\x20\x20\x20\x20\x20\x20\x20\
\x20\x20\x20\x20\x20\x20\x20\x20\x20\x20\x20\x20\x20\x20\x20\x20\
\x0a\x3c\x3f\x78\x70\x61\x63\x6b\x65\x74\x20\x65\x6e\x64\x3d\x22\
\x77\x22\x3f\x3e\x66\x1f\xff\x6b\x00\x00\x00\x06\x62\x4b\x47\x44\
\x00\x00\x00\x00\x00\x00\xf9\x43\xbb\x7f\x00\x00\x00\x09\x70\x48\
\x59\x73\x00\x00\x0f\x61\x00\x00\x0f\x61\x01\xa8\x3f\xa7\x69\x00\
\x00\x00\x07\x74\x49\x4d\x45\x07\xe8\x0b\x0a\x0d\x05\x13\xdf\xbf\
\xc4\xf2\x00\x00\x01\x04\x49\x44\x41\x54\x68\xde\xed\x92\x49\x6e\
\xc4\x30\x0c\x04\x8b\x94\xe4\x7c\x21\xaf\xcd\xc3\x63\x2e\x39\x48\
\x9e\xcc\x17\x82\x74\x01\x8d\xa6\x16\xc8\x3e\x94\x7d\x7d\xd2\xbe\
\x1c\x5f\x8e\x5f\x86\x4f\xc3\xa7\x33\x4e\xfb\x34\xec\xb4\x4f\xc7\
\xc7\x6e\x1b\x86\x8f\xbd\xb6\xb7\x33\x7b\xf6\xce\xf9\xeb\xde\x7c\
\xce\x7c\xbf\xf7\x3e\x4f\xc7\xc7\xc0\xe6\xc0\x5f\x99\xd8\xd8\xed\
\x73\x61\xa7\xf7\xbc\xf0\x79\x61\x67\xb6\x71\x61\xf3\x82\x71\xc1\
\xf8\x80\xb1\xc0\x2f\xfa\x69\x5f\xa4\x2f\xda\x16\x65\x93\xb4\xb9\
\x9b\x49\x32\x48\x06\xf1\xa4\x9d\x68\xe3\x2e\x27\xda\xb9\xcb\x4e\
\xe0\x6e\xe3\x4e\xf8\x4e\xf6\x3a\x9f\x34\xdf\xd9\xdc\x01\x91\xcd\
\x9d\x4d\x44\x13\x79\x12\x45\x64\x93\xd1\x64\x9e\x44\x91\xd9\x54\
\x14\x95\x7d\x52\xf4\x99\xfb\xec\x77\x36\xfd\xbe\x7f\xe6\x8e\x7d\
\xa7\xeb\x74\xfe\x76\xbd\xad\xeb\xf9\x46\x14\x15\x4d\x66\x91\x71\
\xfe\x29\x0a\x47\xfc\x6b\x24\x80\x04\x10\x12\x40\x48\x00\x21\x01\
\x84\x04\x10\x12\x40\x48\x00\x21\x01\x84\x04\x10\x12\x40\x48\x00\
\x21\x01\x84\x04\x10\x12\x40\x48\x00\x21\x01\x84\x04\x10\x12\x40\
\x48\x00\x21\x01\x84\x04\x10\x7f\x9d\x1f\x63\xef\xb3\xfb\xd5\x59\
\x1d\xe9\x00\x00\x00\x00\x49\x45\x4e\x44\xae\x42\x60\x82\
\x00\x00\x1b\x3c\
\x89\
\x50\x4e\x47\x0d\x0a\x1a\x0a\x00\x00\x00\x0d\x49\x48\x44\x52\x00\
\x00\x00\x80\x00\x00\x00\x18\x08\x06\x00\x00\x00\x32\x0b\xf5\xe5\
\x00\x00\x00\xc5\x7a\x54\x58\x74\x52\x61\x77\x20\x70\x72\x6f\x66\
\x69\x6c\x65\x20\x74\x79\x70\x65\x20\x65\x78\x69\x66\x00\x00\x78\
\xda\x6d\x50\xdb\x0d\xc3\x20\x0c\xfc\xf7\x14\x1d\x01\x3f\x20\x30\
\x0e\x69\xa8\xd4\x0d\x3a\x7e\x6d\x6c\xaa\x24\xea\x49\x1c\xc6\x67\
\x0e\x63\x18\x9f\xf7\x0b\x1e\x06\x42\x01\xc9\x5b\x2d\xad\x94\xa4\
\x90\x26\x8d\xba\x06\x35\x39\xfa\x64\x4c\x32\x79\x62\x49\x7a\xbe\
\xe4\x01\x97\x42\x9a\x62\xdd\x39\x2e\x94\xa8\x5f\x79\xfc\x19\xf8\
\xd6\x35\xca\x27\xa3\xfa\x0c\x61\xbf\x0a\x4d\xc2\xbf\xde\x8c\xe2\
\x21\xb6\x8e\x48\x83\x23\x8c\x5a\x18\x31\xb9\x80\x61\xd0\xfd\x5b\
\xa9\xb4\xba\x9d\xbf\xb0\x8f\x74\x45\xf5\x05\x46\xe4\xa5\xd6\x95\
\x77\x71\x3b\xcb\xa6\xd3\x3b\xb2\xbe\xc3\x44\x83\x91\x93\x32\xb3\
\x78\x03\x6c\x2b\x03\x77\x0d\x78\x32\x5a\xa1\x96\x59\x9c\x95\x91\
\x57\x27\x3a\x90\x7f\x73\x5a\x80\x2f\x1a\xae\x59\x76\x5a\x4a\xf2\
\xba\x00\x00\x01\x84\x69\x43\x43\x50\x49\x43\x43\x20\x70\x72\x6f\
\x66\x69\x6c\x65\x00\x00\x78\x9c\x7d\x91\x3d\x48\xc3\x50\x14\x85\
\x4f\xd3\x4a\x45\x2a\x0e\x66\x10\x71\xc8\x50\x9d\xec\x52\x45\x1c\
\x6b\x15\x8a\x50\x21\xd4\x0a\xad\x3a\x98\xbc\xf4\x0f\x9a\xb4\x24\
\x29\x2e\x8e\x82\x6b\xc1\xc1\x9f\xc5\xaa\x83\x8b\xb3\xae\x0e\xae\
\x82\x20\xf8\x03\xe2\x2e\x38\x29\xba\x48\x89\xf7\x25\x85\x16\x31\
\x5e\x78\xbc\x8f\xf3\xee\x39\xbc\x77\x1f\x20\xb4\xaa\x4c\xb7\x42\
\x09\x40\x37\x6c\x33\x93\x4a\x4a\xb9\xfc\xaa\x14\x7e\x45\x10\x01\
\x88\x08\x21\xae\x30\xab\x3e\x27\xcb\x69\xf8\xd6\xd7\x3d\xf5\x52\
\xdd\xc5\x78\x96\x7f\xdf\x9f\x35\xa8\x15\x2c\x06\x04\x24\xe2\x04\
\xab\x9b\x36\xf1\x06\xf1\xcc\xa6\x5d\xe7\xbc\x4f\x2c\xb2\xb2\xa2\
\x11\x9f\x13\x4f\x9a\x74\x41\xe2\x47\xae\xab\x1e\xbf\x71\x2e\xb9\
\x2c\xf0\x4c\xd1\xcc\x66\xe6\x89\x45\x62\xa9\xd4\xc3\x6a\x0f\xb3\
\xb2\xa9\x13\x4f\x13\x47\x35\xdd\xa0\x7c\x21\xe7\xb1\xc6\x79\x8b\
\xb3\x5e\x6d\xb0\xce\x3d\xf9\x0b\x23\x05\x63\x65\x99\xeb\xb4\xc6\
\x90\xc2\x22\x96\x20\x43\x82\x8a\x06\x2a\xa8\xc2\x46\x8c\x76\x83\
\x14\x0b\x19\x3a\x4f\xfa\xf8\x47\x5d\xbf\x4c\x2e\x95\x5c\x15\x30\
\x72\x2c\xa0\x06\x1d\x8a\xeb\x07\xff\x83\xdf\xb3\xb5\x8a\x53\x71\
\x2f\x29\x92\x04\xfa\x5e\x1c\xe7\x63\x1c\x08\xef\x02\xed\xa6\xe3\
\x7c\x1f\x3b\x4e\xfb\x04\x08\x3e\x03\x57\x46\xd7\x5f\x6b\x01\xb3\
\x9f\xa4\x37\xbb\x5a\xf4\x08\x18\xda\x06\x2e\xae\xbb\x9a\xba\x07\
\x5c\xee\x00\x23\x4f\x75\xc5\x54\x5c\x29\x48\x4b\x28\x16\x81\xf7\
\x33\xfa\xa6\x3c\x30\x7c\x0b\x0c\xac\x79\x73\xeb\x9c\xe3\xf4\x01\
\xc8\xd2\xac\xd2\x37\xc0\xc1\x21\x30\x51\xa2\xec\x75\x9f\x77\xf7\
\xf7\xce\xed\xdf\x9e\xce\xfc\x7e\x00\x62\xbe\x72\xa0\xe4\xe2\xb9\
\x95\x00\x00\x0e\x5e\x69\x54\x58\x74\x58\x4d\x4c\x3a\x63\x6f\x6d\
\x2e\x61\x64\x6f\x62\x65\x2e\x78\x6d\x70\x00\x00\x00\x00\x00\x3c\
\x3f\x78\x70\x61\x63\x6b\x65\x74\x20\x62\x65\x67\x69\x6e\x3d\x22\
\xef\xbb\xbf\x22\x20\x69\x64\x3d\x22\x57\x35\x4d\x30\x4d\x70\x43\
\x65\x68\x69\x48\x7a\x72\x65\x53\x7a\x4e\x54\x63\x7a\x6b\x63\x39\
\x64\x22\x3f\x3e\x0a\x3c\x78\x3a\x78\x6d\x70\x6d\x65\x74\x61\x20\
\x78\x6d\x6c\x6e\x73\x3a\x78\x3d\x22\x61\x64\x6f\x62\x65\x3a\x6e\
\x73\x3a\x6d\x65\x74\x61\x2f\x22\x20\x78\x3a\x78\x6d\x70\x74\x6b\
\x3d\x22\x58\x4d\x50\x20\x43\x6f\x72\x65\x20\x34\x2e\x34\x2e\x30\
\x2d\x45\x78\x69\x76\x32\x22\x3e\x0a\x20\x3c\x72\x64\x66\x3a\x52\
\x44\x46\x20\x78\x6d\x6c\x6e\x73\x3a\x72\x64\x66\x3d\x22\x68\x74\
\x74\x70\x3a\x2f\x2f\x77\x77\x77\x2e\x77\x33\x2e\x6f\x72\x67\x2f\
\x31\x39\x39\x39\x2f\x30\x32\x2f\x32\x32\x2d\x72\x64\x66\x2d\x73\
\x79\x6e\x74\x61\x78\x2d\x6e\x73\x23\x22\x3e\x0a\x20\x20\x3c\x72\
\x64\x66\x3a\x44\x65\x73\x63\x72\x69\x70\x74\x69\x6f\x6e\x20\x72\
\x64\x66\x3a\x61\x62\x6f\x75\x74\x3d\x22\x22\x0a\x20\x20\x20\x20\
\x78\x6d\x6c\x6e\x73\x3a\x78\x6d\x70\x4d\x4d\x3d\x22\x68\x74\x74\
\x70\x3a\x2f\x2f\x6e\x73\x2e\x61\x64\x6f\x62\x65\x2e\x63\x6f\x6d\
\x2f\x78\x61\x70\x2f\x31\x2e\x30\x2f\x6d\x6d\x2f\x22\x0a\x20\x20\
\x20\x20\x78\x6d\x6c\x6e\x73\x3a\x73\x74\x45\x76\x74\x3d\x22\x68\
\x74\x74\x70\x3a\x2f\x2f\x6e\x73\x2e\x61\x64\x6f\x62\x65\x2e\x63\
\x6f\x6d\x2f\x78\x61\x70\x2f\x31\x2e\x30\x2f\x73\x54\x79\x70\x65\
\x2f\x52\x65\x73\x6f\x75\x72\x63\x65\x45\x76\x65\x6e\x74\x23\x22\
\x0a\x20\x20\x20\x20\x78\x6d\x6c\x6e\x73\x3a\x47\x49\x4d\x50\x3d\
\x22\x68\x74\x74\x70\x3a\x2f\x2f\x77\x77\x77\x2e\x67\x69\x6d\x70\
\x2e\x6f\x72\x67\x2f\x78\x6d\x70\x2f\x22\x0a\x20\x20\x20\x20\x78\
\x6d\x6c\x6e\x73\x3a\x64\x63\x3d\x22\x68\x74\x74\x70\x3a\x2f\x2f\
\x70\x75\x72\x6c\x2e\x6f\x72\x67\x2f\x64\x63\x2f\x65\x6c\x65\x6d\
\x65\x6e\x74\x73\x2f\x31\x2e\x31\x2f\x22\x0a\x20\x20\x20\x20\x78\
\x6d\x6c\x6e\x73\x3a\x74\x69\x66\x66\x3d\x22\x68\x74\x74\x70\x3a\
\x2f\x2f\x6e\x73\x2e\x61\x64\x6f\x62\x65\x2e\x63\x6f\x6d\x2f\x74\
\x69\x66\x66\x2f\x31\x2e\x30\x2f\x22\x0a\x20\x20\x20\x20\x78\x6d\
\x6c\x6e\x73\x3a\x78\x6d\x70\x3d\x22\x68\x74\x74\x70\x3a\x2f\x2f\
\x6e\x73\x2e\x61\x64\x6f\x62\x65\x2e\x63\x6f\x6d\x2f\x78\x61\x70\
\x2f\x31\x2e\x30\x2f\x22\x0a\x20\x20\x20\x78\x6d\x70\x4d\x4d\x3a\
\x44\x6f\x63\x75\x6d\x65\x6e\x74\x49\x44\x3d\x22\x67\x69\x6d\x70\
\x3a\x64\x6f\x63\x69\x64\x3a\x67\x69\x6d\x70\x3a\x35\x33\x36\x63\
\x61\x34\x33\x33\x2d\x33\x39\x32\x35\x2d\x34\x35\x64\x30\x2d\x62\
\x62\x36\x33\x2d\x35\x61\x36\x62\x36\x35\x38\x39\x39\x30\x63\x37\
\x22\x0a\x20\x20\x20\x78\x6d\x70\x4d\x4d\x3a\x49\x6e\x73\x74\x61\
\x6e\x63\x65\x49\x44\x3d\x22\x78\x6d\x70\x2e\x69\x69\x64\x3a\x63\
\x38\x36\x62\x63\x35\x65\x33\x2d\x37\x65\x62\x37\x2d\x34\x65\x35\
\x65\x2d\x62\x61\x37\x61\x2d\x39\x65\x65\x37\x31\x64\x33\x30\x34\
\x37\x30\x35\x22\x0a\x20\x20\x20\x78\x6d\x70\x4d\x4d\x3a\x4f\x72\
\x69\x67\x69\x6e\x61\x6c\x44\x6f\x63\x75\x6d\x65\x6e\x74\x49\x44\
\x3d\x22\x78\x6d\x70\x2e\x64\x69\x64\x3a\x31\x35\x35\x30\x30\x37\
\x34\x36\x2d\x32\x39\x61\x32\x2d\x34\x34\x32\x66\x2d\x61\x38\x63\
\x61\x2d\x31\x65\x31\x62\x32\x38\x65\x31\x65\x30\x61\x33\x22\x0a\
\x20\x20\x20\x47\x49\x4d\x50\x3a\x41\x50\x49\x3d\x22\x32\x2e\x30\
\x22\x0a\x20\x20\x20\x47\x49\x4d\x50\x3a\x50\x6c\x61\x74\x66\x6f\
\x72\x6d\x3d\x22\x4d\x61\x63\x20\x4f\x53\x22\x0a\x20\x20\x20\x47\
\x49\x4d\x50\x3a\x54\x69\x6d\x65\x53\x74\x61\x6d\x70\x3d\x22\x31\
\x37\x34\x30\x38\x35\x39\x35\x31\x36\x30\x37\x31\x32\x35\x30\x22\
\x0a\x20\x20\x20\x47\x49\x4d\x50\x3a\x56\x65\x72\x73\x69\x6f\x6e\
\x3d\x22\x32\x2e\x31\x30\x2e\x33\x34\x22\x0a\x20\x20\x20\x64\x63\
\x3a\x46\x6f\x72\x6d\x61\x74\x3d\x22\x69\x6d\x61\x67\x65\x2f\x70\
\x6e\x67\x22\x0a\x20\x20\x20\x74\x69\x66\x66\x3a\x4f\x72\x69\x65\
\x6e\x74\x61\x74\x69\x6f\x6e\x3d\x22\x31\x22\x0a\x20\x20\x20\x78\
\x6d\x70\x3a\x43\x72\x65\x61\x74\x6f\x72\x54\x6f\x6f\x6c\x3d\x22\
\x47\x49\x4d\x50\x20\x32\x2e\x31\x30\x22\x0a\x20\x20\x20\x78\x6d\
\x70\x3a\x4d\x65\x74\x61\x64\x61\x74\x61\x44\x61\x74\x65\x3d\x22\
\x32\x30\x32\x35\x3a\x30\x33\x3a\x30\x31\x54\x32\x31\x3a\x30\x35\
\x3a\x31\x34\x2b\x30\x31\x3a\x30\x30\x22\x0a\x20\x20\x20\x78\x6d\
\x70\x3a\x4d\x6f\x64\x69\x66\x79\x44\x61\x74\x65\x3d\x22\x32\x30\
\x32\x35\x3a\x30\x33\x3a\x30\x31\x54\x32\x31\x3a\x30\x35\x3a\x31\
\x34\x2b\x30\x31\x3a\x30\x30\x22\x3e\x0a\x20\x20\x20\x3c\x78\x6d\
\x70\x4d\x4d\x3a\x48\x69\x73\x74\x6f\x72\x79\x3e\x0a\x20\x20\x20\
\x20\x3c\x72\x64\x66\x3a\x53\x65\x71\x3e\x0a\x20\x20\x20\x20\x20\
\x3c\x72\x64\x66\x3a\x6c\x69\x0a\x20\x20\x20\x20\x20\x20\x73\x74\
\x45\x76\x74\x3a\x61\x63\x74\x69\x6f\x6e\x3d\x22\x73\x61\x76\x65\
\x64\x22\x0a\x20\x20\x20\x20\x20\x20\x73\x74\x45\x76\x74\x3a\x63\
\x68\x61\x6e\x67\x65\x64\x3d\x22\x2f\x22\x0a\x20\x20\x20\x20\x20\
\x20\x73\x74\x45\x76\x74\x3a\x69\x6e\x73\x74\x61\x6e\x63\x65\x49\
\x44\x3d\x22\x78\x6d\x70\x2e\x69\x69\x64\x3a\x62\x65\x66\x38\x33\
\x35\x37\x33\x2d\x65\x33\x39\x36\x2d\x34\x35\x38\x39\x2d\x38\x64\
\x63\x34\x2d\x65\x61\x34\x63\x64\x36\x64\x66\x61\x63\x31\x63\x22\
\x0a\x20\x20\x20\x20\x20\x20\x73\x74\x45\x76\x74\x3a\x73\x6f\x66\
\x74\x77\x61\x72\x65\x41\x67\x65\x6e\x74\x3d\x22\x47\x69\x6d\x70\
\x20\x32\x2e\x31\x30\x20\x28\x4d\x61\x63\x20\x4f\x53\x29\x22\x0a\
\x20\x20\x20\x20\x20\x20\x73\x74\x45\x76\x74\x3a\x77\x68\x65\x6e\
\x3d\x22\x32\x30\x32\x34\x2d\x31\x31\x2d\x31\x30\x54\x31\x34\x3a\
\x30\x35\x3a\x30\x36\x2b\x30\x31\x3a\x30\x30\x22\x2f\x3e\x0a\x20\
\x20\x20\x20\x20\x3c\x72\x64\x66\x3a\x6c\x69\x0a\x20\x20\x20\x20\
\x20\x20\x73\x74\x45\x76\x74\x3a\x61\x63\x74\x69\x6f\x6e\x3d\x22\
\x73\x61\x76\x65\x64\x22\x0a\x20\x20\x20\x20\x20\x20\x73\x74\x45\
\x76\x74\x3a\x63\x68\x61\x6e\x67\x65\x64\x3d\x22\x2f\x22\x0a\x20\
\x20\x20\x20\x20\x20\x73\x74\x45\x76\x74\x3a\x69\x6e\x73\x74\x61\
\x6e\x63\x65\x49\x44\x3d\x22\x78\x6d\x70\x2e\x69\x69\x64\x3a\x33\
\x39\x32\x37\x32\x39\x62\x64\x2d\x35\x37\x38\x61\x2d\x34\x32\x64\
\x33\x2d\x62\x30\x63\x35\x2d\x37\x33\x36\x61\x35\x33\x31\x39\x65\
\x39\x31\x35\x22\x0a\x20\x20\x20\x20\x20\x20\x73\x74\x45\x76\x74\
\x3a\x73\x6f\x66\x74\x77\x61\x72\x65\x41\x67\x65\x6e\x74\x3d\x22\
\x47\x69\x6d\x70\x20\x32\x2e\x31\x30\x20\x28\x4d\x61\x63\x20\x4f\
\x53\x29\x22\x0a\x20\x20\x20\x20\x20\x20\x73\x74\x45\x76\x74\x3a\
\x77\x68\x65\x6e\x3d\x22\x32\x30\x32\x35\x2d\x30\x33\x2d\x30\x31\
\x54\x32\x31\x3a\x30\x35\x3a\x31\x36\x2b\x30\x31\x3a\x30\x30\x22\
\x2f\x3e\x0a\x20\x20\x20\x20\x3c\x2f\x72\x64\x66\x3a\x53\x65\x71\
\x3e\x0a\x20\x20\x20\x3c\x2f\x78\x6d\x70\x4d\x4d\x3a\x48\x69\x73\
\x74\x6f\x72\x79\x3e\x0a\x20\x20\x3c\x2f\x72\x64\x66\x3a\x44\x65\
\x73\x63\x72\x69\x70\x74\x69\x6f\x6e\x3e\x0a\x20\x3c\x2f\x72\x64\
\x66\x3a\x52\x44\x46\x3e\x0a\x3c\x2f\x78\x3a\x78\x6d\x70\x6d\x65\
\x74\x61\x3e\x0a\x20\x20\x20\x20\x20\x20\x20\x20\x20\x20\x20\x20\
\x20\x20\x20\x20\x20\x20\x20\x20\x20\x20\x20\x20\x20\x20\x20\x20\
\x20\x20\x20\x20\x20\x20\x20\x20\x20\x20\x20\x20\x20\x20\x20\x20\
\x20\x20\x20\x20\x20\x20\x20\x20\x20\x20\x20\x20\x20\x20\x20\x20\
\x20\x20\x20\x20\x20\x20\x20\x20\x20\x20\x20\x20\x20\x20\x20\x20\
\x20\x20\x20\x20\x20\x20\x20\x20\x20\x20\x20\x20\x20\x20\x20\x20\
\x20\x20\x20\x20\x20\x20\x20\x20\x0a\x20\x20\x20\x20\x20\x20\x20\
\x20\x20\x20\x20\x20\x20\x20\x20\x20\x20\x20\x20\x20\x20\x20\x20\
\x20\x20\x20\x20\x20\x20\x20\x20\x20\x20\x20\x20\x20\x20\x20\x20\
\x20\x20\x20\x20\x20\x20\x20\x20\x20\x20\x20\x20\x20\x20\x20\x20\
\x20\x20\x20\x20\x20\x20\x20\x20\x20\x20\x20\x20\x20\x20\x20\x20\
\x20\x20\x20\x20\x20\x20\x20\x20\x20\x20\x20\x20\x20\x20\x20\x20\
\x20\x20\x20\x20\x20\x20\x20\x20\x20\x20\x20\x20\x20\x0a\x20\x20\
\x20\x20\x20\x20\x20\x20\x20\x20\x20\x20\x20\x20\x20\x20\x20\x20\
\x20\x20\x20\x20\x20\x20\x20\x20\x20\x20\x20\x20\x20\x20\x20\x20\
\x20\x20\x20\x20\x20\x20\x20\x20\x20\x20\x20\x20\x20\x20\x20\x20\
\x20\x20\x20\x20\x20\x20\x20\x20\x20\x20\x20\x20\x20\x20\x20\x20\
\x20\x20\x20\x20\x20\x20\x20\x20\x20\x20\x20\x20\x20\x20\x20\x20\
\x20\x20\x20\x20\x20\x20\x20\x20\x20\x20\x20\x20\x20\x20\x20\x20\
\x20\x20\x0a\x20\x20\x20\x20\x20\x20\x20\x20\x20\x20\x20\x20\x20\
\x20\x20\x20\x20\x20\x20\x20\x20\x20\x20\x20\x20\x20\x20\x20\x20\
\x20\x20\x20\x20\x20\x20\x20\x20\x20\x20\x20\x20\x20\x20\x20\x20\
\x20\x20\x20\x20\x20\x20\x20\x20\x20\x20\x20\x20\x20\x20\x20\x20\
\x20\x20\x20\x20\x20\x20\x20\x20\x20\x20\x20\x20\x20\x20\x20\x20\
\x20\x20\x20\x20\x20\x20\x20\x20\x20\x20\x20\x20\x20\x20\x20\x20\
\x20\x20\x20\x20\x20\x20\x20\x0a\x20\x20\x20\x20\x20\x20\x20\x20\
\x20\x20\x20\x20\x20\x20\x20\x20\x20\x20\x20\x20\x20\x20\x20\x20\
\x20\x20\x20\x20\x20\x20\x20\x20\x20\x20\x20\x20\x20\x20\x20\x20\
\x20\x20\x20\x20\x20\x20\x20\x20\x20\x20\x20\x20\x20\x20\x20\x20\
\x20\x20\x20\x20\x20\x20\x20\x20\x20\x20\x20\x20\x20\x20\x20\x20\
\x20\x20\x20\x20\x20\x20\x20\x20\x20\x20\x20\x20\x20\x20\x20\x20\
\x20\x20\x20\x20\x20\x20\x20\x20\x20\x20\x20\x20\x0a\x20\x20\x20\
\x20\x20\x20\x20\x20\x20\x20\x20\x20\x20\x20\x20\x20\x20\x20\x20\
\x20\x20\x20\x20\x20\x20\x20\x20\x20\x20\x20\x20\x20\x20\x20\x20\
\x20\x20\x20\x20\x20\x20\x20\x20\x20\x20\x20\x20\x20\x20\x20\x20\
\x20\x20\x20\x20\x20\x20\x20\x20\x20\x20\x20\x20\x20\x20\x20\x20\
\x20\x20\x20\x20\x20\x20\x20\x20\x20\x20\x20\x20\x20\x20\x20\x20\
\x20\x20\x20\x20\x20\x20\x20\x20\x20\x20\x20\x20\x20\x20\x20\x20\
\x20\x0a\x20\x20\x20\x20\x20\x20\x20\x20\x20\x20\x20\x20\x20\x20\
\x20\x20\x20\x20\x20\x20\x20\x20\x20\x20\x20\x20\x20\x20\x20\x20\
\x20\x20\x20\x20\x20\x20\x20\x20\x20\x20\x20\x20\x20\x20\x20\x20\
\x20\x20\x20\x20\x20\x20\x20\x20\x20\x20\x20\x20\x20\x20\x20\x20\
\x20\x20\x20\x20\x20\x20\x20\x20\x20\x20\x20\x20\x20\x20\x20\x20\
\x20\x20\x20\x20\x20\x20\x20\x20\x20\x20\x20\x20\x20\x20\x20\x20\
\x20\x20\x20\x20\x20\x20\x0a\x20\x20\x20\x20\x20\x20\x20\x20\x20\
\x20\x20\x20\x20\x20\x20\x20\x20\x20\x20\x20\x20\x20\x20\x20\x20\
\x20\x20\x20\x20\x20\x20\x20\x20\x20\x20\x20\x20\x20\x20\x20\x20\
\x20\x20\x20\x20\x20\x20\x20\x20\x20\x20\x20\x20\x20\x20\x20\x20\
\x20\x20\x20\x20\x20\x20\x20\x20\x20\x20\x20\x20\x20\x20\x20\x20\
\x20\x20\x20\x20\x20\x20\x20\x20\x20\x20\x20\x20\x20\x20\x20\x20\
\x20\x20\x20\x20\x20\x20\x20\x20\x20\x20\x20\x0a\x20\x20\x20\x20\
\x20\x20\x20\x20\x20\x20\x20\x20\x20\x20\x20\x20\x20\x20\x20\x20\
\x20\x20\x20\x20\x20\x20\x20\x20\x20\x20\x20\x20\x20\x20\x20\x20\
\x20\x20\x20\x20\x20\x20\x20\x20\x20\x20\x20\x20\x20\x20\x20\x20\
\x20\x20\x20\x20\x20\x20\x20\x20\x20\x20\x20\x20\x20\x20\x20\x20\
\x20\x20\x20\x20\x20\x20\x20\x20\x20\x20\x20\x20\x20\x20\x20\x20\
\x20\x20\x20\x20\x20\x20\x20\x20\x20\x20\x20\x20\x20\x20\x20\x20\
\x0a\x20\x20\x20\x20\x20\x20\x20\x20\x20\x20\x20\x20\x20\x20\x20\
\x20\x20\x20\x20\x20\x20\x20\x20\x20\x20\x20\x20\x20\x20\x20\x20\
\x20\x20\x20\x20\x20\x20\x20\x20\x20\x20\x20\x20\x20\x20\x20\x20\
\x20\x20\x20\x20\x20\x20\x20\x20\x20\x20\x20\x20\x20\x20\x20\x20\
\x20\x20\x20\x20\x20\x20\x20\x20\x20\x20\x20\x20\x20\x20\x20\x20\
\x20\x20\x20\x20\x20\x20\x20\x20\x20\x20\x20\x20\x20\x20\x20\x20\
\x20\x20\x20\x20\x20\x0a\x20\x20\x20\x20\x20\x20\x20\x20\x20\x20\
\x20\x20\x20\x20\x20\x20\x20\x20\x20\x20\x20\x20\x20\x20\x20\x20\
\x20\x20\x20\x20\x20\x20\x20\x20\x20\x20\x20\x20\x20\x20\x20\x20\
\x20\x20\x20\x20\x20\x20\x20\x20\x20\x20\x20\x20\x20\x20\x20\x20\
\x20\x20\x20\x20\x20\x20\x20\x20\x20\x20\x20\x20\x20\x20\x20\x20\
\x20\x20\x20\x20\x20\x20\x20\x20\x20\x20\x20\x20\x20\x20\x20\x20\
\x20\x20\x20\x20\x20\x20\x20\x20\x20\x20\x0a\x20\x20\x20\x20\x20\
\x20\x20\x20\x20\x20\x20\x20\x20\x20\x20\x20\x20\x20\x20\x20\x20\
\x20\x20\x20\x20\x20\x20\x20\x20\x20\x20\x20\x20\x20\x20\x20\x20\
\x20\x20\x20\x20\x20\x20\x20\x20\x20\x20\x20\x20\x20\x20\x20\x20\
\x20\x20\x20\x20\x20\x20\x20\x20\x20\x20\x20\x20\x20\x20\x20\x20\
\x20\x20\x20\x20\x20\x20\x20\x20\x20\x20\x20\x20\x20\x20\x20\x20\
\x20\x20\x20\x20\x20\x20\x20\x20\x20\x20\x20\x20\x20\x20\x20\x0a\
\x20\x20\x20\x20\x20\x20\x20\x20\x20\x20\x20\x20\x20\x20\x20\x20\
\x20\x20\x20\x20\x20\x20\x20\x20\x20\x20\x20\x20\x20\x20\x20\x20\
\x20\x20\x20\x20\x20\x20\x20\x20\x20\x20\x20\x20\x20\x20\x20\x20\
\x20\x20\x20\x20\x20\x20\x20\x20\x20\x20\x20\x20\x20\x20\x20\x20\
\x20\x20\x20\x20\x20\x20\x20\x20\x20\x20\x20\x20\x20\x20\x20\x20\
\x20\x20\x20\x20\x20\x20\x20\x20\x20\x20\x20\x20\x20\x20\x20\x20\
\x20\x20\x20\x20\x0a\x20\x20\x20\x20\x20\x20\x20\x20\x20\x20\x20\
\x20\x20\x20\x20\x20\x20\x20\x20\x20\x20\x20\x20\x20\x20\x20\x20\
\x20\x20\x20\x20\x20\x20\x20\x20\x20\x20\x20\x20\x20\x20\x20\x20\
\x20\x20\x20\x20\x20\x20\x20\x20\x20\x20\x20\x20\x20\x20\x20\x20\
\x20\x20\x20\x20\x20\x20\x20\x20\x20\x20\x20\x20\x20\x20\x20\x20\
\x20\x20\x20\x20\x20\x20\x20\x20\x20\x20\x20\x20\x20\x20\x20\x20\
\x20\x20\x20\x20\x20\x20\x20\x20\x20\x0a\x20\x20\x20\x20\x20\x20\
\x20\x20\x20\x20\x20\x20\x20\x20\x20\x20\x20\x20\x20\x20\x20\x20\
\x20\x20\x20\x20\x20\x20\x20\x20\x20\x20\x20\x20\x20\x20\x20\x20\
\x20\x20\x20\x20\x20\x20\x20\x20\x20\x20\x20\x20\x20\x20\x20\x20\
\x20\x20\x20\x20\x20\x20\x20\x20\x20\x20\x20\x20\x20\x20\x20\x20\
\x20\x20\x20\x20\x20\x20\x20\x20\x20\x20\x20\x20\x20\x20\x20\x20\
\x20\x20\x20\x20\x20\x20\x20\x20\x20\x20\x20\x20\x20\x20\x0a\x20\
\x20\x20\x20\x20\x20\x20\x20\x20\x20\x20\x20\x20\x20\x20\x20\x20\
\x20\x20\x20\x20\x20\x20\x20\x20\x20\x20\x20\x20\x20\x20\x20\x20\
\x20\x20\x20\x20\x20\x20\x20\x20\x20\x20\x20\x20\x20\x20\x20\x20\
\x20\x20\x20\x20\x20\x20\x20\x20\x20\x20\x20\x20\x20\x20\x20\x20\
\x20\x20\x20\x20\x20\x20\x20\x20\x20\x20\x20\x20\x20\x20\x20\x20\
\x20\x20\x20\x20\x20\x20\x20\x20\x20\x20\x20\x20\x20\x20\x20\x20\
\x20\x20\x20\x0a\x20\x20\x20\x20\x20\x20\x20\x20\x20\x20\x20\x20\
\x20\x20\x20\x20\x20\x20\x20\x20\x20\x20\x20\x20\x20\x20\x20\x20\
\x20\x20\x20\x20\x20\x20\x20\x20\x20\x20\x20\x20\x20\x20\x20\x20\
\x20\x20\x20\x20\x20\x20\x20\x20\x20\x20\x20\x20\x20\x20\x20\x20\
\x20\x20\x20\x20\x20\x20\x20\x20\x20\x20\x20\x20\x20\x20\x20\x20\
\x20\x20\x20\x20\x20\x20\x20\x20\x20\x20\x20\x20\x20\x20\x20\x20\
\x20\x20\x20\x20\x20\x20\x20\x20\x0a\x20\x20\x20\x20\x20\x20\x20\
\x20\x20\x20\x20\x20\x20\x20\x20\x20\x20\x20\x20\x20\x20\x20\x20\
\x20\x20\x20\x20\x20\x20\x20\x20\x20\x20\x20\x20\x20\x20\x20\x20\
\x20\x20\x20\x20\x20\x20\x20\x20\x20\x20\x20\x20\x20\x20\x20\x20\
\x20\x20\x20\x20\x20\x20\x20\x20\x20\x20\x20\x20\x20\x20\x20\x20\
\x20\x20\x20\x20\x20\x20\x20\x20\x20\x20\x20\x20\x20\x20\x20\x20\
\x20\x20\x20\x20\x20\x20\x20\x20\x20\x20\x20\x20\x20\x0a\x20\x20\
\x20\x20\x20\x20\x20\x20\x20\x20\x20\x20\x20\x20\x20\x20\x20\x20\
\x20\x20\x20\x20\x20\x20\x20\x20\x20\x20\x20\x20\x20\x20\x20\x20\
\x20\x20\x20\x20\x20\x20\x20\x20\x20\x20\x20\x20\x20\x20\x20\x20\
\x20\x20\x20\x20\x20\x20\x20\x20\x20\x20\x20\x20\x20\x20\x20\x20\
\x20\x20\x20\x20\x20\x20\x20\x20\x20\x20\x20\x20\x20\x20\x20\x20\
\x20\x20\x20\x20\x20\x20\x20\x20\x20\x20\x20\x20\x20\x20\x20\x20\
\x20\x20\x0a\x20\x20\x20\x20\x20\x20\x20\x20\x20\x20\x20\x20\x20\
\x20\x20\x20\x20\x20\x20\x20\x20\x20\x20\x20\x20\x20\x20\x20\x20\
\x20\x20\x20\x20\x20\x20\x20\x20\x20\x20\x20\x20\x20\x20\x20\x20\
\x20\x20\x20\x20\x20\x20\x20\x20\x20\x20\x20\x20\x20\x20\x20\x20\
\x20\x20\x20\x20\x20\x20\x20\x20\x20\x20\x20\x20\x20\x20\x20\x20\
\x20\x20\x20\x20\x20\x20\x20\x20\x20\x20\x20\x20\x20\x20\x20\x20\
\x20\x20\x20\x20\x20\x20\x20\x0a\x20\x20\x20\x20\x20\x20\x20\x20\
\x20\x20\x20\x20\x20\x20\x20\x20\x20\x20\x20\x20\x20\x20\x20\x20\
\x20\x20\x20\x0a\x3c\x3f\x78\x70\x61\x63\x6b\x65\x74\x20\x65\x6e\
\x64\x3d\x22\x77\x22\x3f\x3e\x5c\xdb\xc9\xca\x00\x00\x00\x06\x62\
\x4b\x47\x44\x00\xff\x00\xff\x00\xff\xa0\xbd\xa7\x93\x00\x00\x00\
\x09\x70\x48\x59\x73\x00\x00\x0f\x61\x00\x00\x0f\x61\x01\xa8\x3f\
\xa7\x69\x00\x00\x00\x07\x74\x49\x4d\x45\x07\xe9\x03\x01\x14\x05\
\x10\x79\x6c\x12\xd2\x00\x00\x09\xfe\x49\x44\x41\x54\x68\xde\x95\
\x5a\x5b\x96\x1c\x2b\x0c\x93\xa8\xac\xe1\xee\x7f\xa3\x83\xee\x07\
\x7e\xc8\x74\xcd\x4c\xd2\x39\x93\xae\x57\x53\x80\x6d\x49\x36\xf0\
\xbf\xff\xfe\x13\x40\x00\x00\x17\x40\x10\x24\x01\x02\xe4\xc2\x22\
\xcf\xf7\x3a\xd7\xb9\x16\x56\x9c\x2f\x3b\xe7\x22\xd6\x3a\xcf\xaf\
\xf5\x9c\xeb\x79\x2d\xae\x33\x8e\x9f\xf5\x80\x04\xd6\x7a\xb0\x9e\
\x73\x8d\x6b\xe1\xc9\x67\x9e\x7c\xc7\x33\xdb\x88\xe7\x56\xb4\xfd\
\xac\x05\xf2\xc1\xb3\x08\x3e\x0b\x0f\x9f\xf3\xbd\x16\x18\xfd\x58\
\x0f\xb1\xf8\x9c\x7e\x65\xbb\xf1\x5d\xcf\x56\x5f\x9f\xd3\x3f\xc6\
\xbb\x1e\x9e\x36\xb3\x4f\x8b\xd1\xaf\x6e\xe3\xa9\xfe\x9c\xbe\x32\
\xc7\x37\xfa\xfd\x39\x8e\xbe\xbe\xbe\xb9\xf7\xfd\x5f\xcd\x63\x8c\
\x85\x24\xd6\xf3\xc4\x58\xce\x38\x9e\x68\x93\xd1\xdf\xe7\x59\x61\
\x97\x33\x6f\xc7\x66\x0b\x6b\x7f\x6d\xec\xfd\x05\x69\xe3\x1c\x0b\
\x7b\x6f\x60\x0b\xd0\x39\xd7\xde\xd8\xfb\x1c\x63\x6f\x68\x7f\x9d\
\x73\xa8\xbe\xa5\xf8\x03\xb0\x21\x00\x82\x04\xbb\x2e\x00\x88\x6b\
\x1b\xc7\xe3\x10\xcf\x09\x50\x3e\x91\xbf\x89\x7b\xf9\x4f\x38\xf7\
\xe3\xd9\x78\x45\x3c\x73\x8e\x85\x68\x47\x42\xbf\x2c\xae\x33\xde\
\x4f\xc4\xbb\x04\x66\x9b\xc8\xee\x08\x8c\xdf\x9e\xb6\xb2\x75\x7b\
\x67\x7e\xe2\x78\xc7\xe1\xb6\xfe\xef\x1c\x6b\x3d\xd6\x47\xb0\x73\
\x61\xdb\x6c\xa1\xfa\xae\x1a\xf9\x1c\x5f\xf7\x43\x35\x06\xf5\xa4\
\xc5\x3c\xce\xc7\x6c\xa2\xcf\x98\xed\x1c\x00\xd6\xde\x1b\x5b\x69\
\xe0\x34\xae\xce\xdf\xd7\x3e\xdd\xd4\x86\xf6\x3e\x0e\xe1\x5d\xdb\
\x2a\x83\xc1\x9c\x00\x7a\x31\xaa\x3f\x97\xe7\x5b\xd0\xce\x0e\xf7\
\x6f\xa0\x63\x8c\x36\x34\x7b\x54\x36\x26\x1b\x7b\x3b\x99\xcc\x3e\
\x94\x39\x0d\xba\xdf\xb4\x39\x50\xff\xa0\x0f\xdd\x58\x3f\x7f\xc2\
\x87\x41\xb6\x71\x39\xa6\x3d\x7b\x43\x73\xd8\x73\x4c\x11\x12\xdb\
\x3c\x6c\x53\x51\x00\x35\x9d\xe0\x1a\x7e\x3d\x5b\x57\xfc\xf7\xa3\
\x97\xe1\x28\xb2\x00\x4b\x07\xf8\xda\x1b\xfa\x0a\x07\x90\xf0\x15\
\x08\xb0\xb5\xcf\x83\x7b\xd7\xe4\x1e\xa3\x1d\xc3\x6d\x8b\x6c\xed\
\xf6\xc4\x8a\xf8\x32\xc8\x71\x26\x37\x4c\x0f\x44\x10\xad\xed\x42\
\x0a\x85\xe3\x79\x2c\x58\x3c\x29\x9c\x27\xee\x30\x67\x43\x1d\x71\
\x14\x62\x72\x8f\x75\x64\x06\xa0\x1b\x3a\x07\xe5\x28\x32\xa2\x0e\
\x13\x51\xd0\x0e\x5b\x0e\xca\x0e\x80\x32\xbb\xda\x50\xca\xce\xb1\
\x8d\x7f\x9c\x50\xed\x41\xd9\x4c\x7a\x12\x09\x91\x80\x08\x5a\x2b\
\x6d\x7a\x4e\xa3\xd7\xf8\x19\xe3\xc5\xe5\x04\x73\x08\x85\x00\xd2\
\x57\x19\xfd\x18\xfb\xfc\x35\x32\x9c\x81\x1d\x00\x88\xfb\x65\x74\
\x83\x6a\x29\x7e\x7b\x01\xdd\x0b\x3a\xd4\x79\x75\x48\x07\x7e\xc3\
\x92\x0d\x5f\x9c\x11\xac\x7e\xde\xbd\x49\x03\x9e\x93\x2e\x26\x0d\
\xf9\x6f\x36\x14\x14\x97\xcf\x47\xdc\x50\x3d\xb1\x6a\x07\x21\x59\
\x33\x37\xc6\x17\x5a\x09\x4a\x43\x85\xbb\xea\x38\xb6\x3b\x4a\x0f\
\x5d\x20\x65\x88\x33\xa3\xb3\xc7\xba\xc7\x5c\x39\x71\x38\x35\xc2\
\xa9\xd1\x9c\x3f\x9d\xe0\xd5\x0b\xdc\x01\x0e\xdc\x7f\x15\x05\xa4\
\x06\x38\xd1\x7f\x3a\xb2\x95\x11\xe9\xfc\x7c\x3a\x58\x08\x21\x9f\
\xd0\x09\xe7\x32\x42\x92\x2c\x82\xc6\x80\x59\x93\x17\x0a\x34\x68\
\xc0\x1c\xe1\xb7\x8f\xde\x2e\xe9\x7d\x0e\x2c\xd2\xea\x70\x34\xa3\
\x9a\x44\xbd\x84\x13\xd9\x88\x51\x46\x21\xc1\xf1\xac\x06\x5e\xf3\
\x02\xed\xfb\x64\x2a\x05\xe2\xdf\x3f\x4d\x75\x65\x8f\x6d\x4e\xf9\
\xee\x00\x11\xd5\xfb\x70\xfd\xce\x08\xd7\x39\x1f\xa2\x43\x1e\x55\
\x47\x00\xf9\x67\xdf\x38\x1f\x9d\x61\x4d\xe4\x25\x6f\x3c\x32\x60\
\x0d\x06\xfd\xec\x76\x6f\xc3\x77\x0d\x8f\x2f\xe1\x97\x11\x2c\x8c\
\xfe\x72\x4c\x88\x3b\x62\xab\x25\x99\xa0\xaa\xe7\x68\xde\xea\x22\
\x14\x2e\xbe\x14\xb6\x65\xc3\x7c\x31\x82\xc1\x70\x9d\xeb\x9f\x6c\
\xf9\xfb\x33\x93\x7a\x4b\xdf\x24\x05\x16\x35\xb2\x1d\x56\x53\x96\
\xae\x9d\xa2\x4f\x5f\x0d\xeb\xdb\x61\x27\x04\xa1\x1b\x1f\x07\xea\
\x29\xe3\xee\x98\x6c\x68\xc4\xc4\xe4\xd0\xef\x02\x91\x15\xe8\xf5\
\x5d\x13\x5b\x42\x8e\x07\x69\x83\x2e\x40\xb3\x4f\x8e\x6e\xc8\x2f\
\x46\x7b\x7c\x99\x4c\xd6\x64\xc9\xf8\xf3\x56\x98\xfc\x8b\x60\xdc\
\x8e\x02\x92\x45\xf1\x9e\x3a\xc3\xc2\x85\x25\xfc\xb2\xab\xfc\x46\
\x5d\xfe\xec\x0d\x8a\xdf\x29\x68\x4a\x85\x31\x97\xd6\xe7\x41\x58\
\x50\x3d\x55\x61\xaf\x95\x90\x9f\xca\x1f\x21\x06\x55\xe9\x9f\x0c\
\x4c\x3d\x12\x3b\xa5\x72\x66\xda\xc6\xc1\xba\x40\x6d\x46\xa1\xa6\
\x72\x1f\xd7\xd9\x54\xa3\x37\x71\x17\x03\x2a\x74\x51\xa5\x71\xea\
\x10\x04\x63\xd0\x73\x1a\xd9\x98\x2e\xbe\xce\x37\xef\x69\xd7\xef\
\x59\x80\x85\xdf\x87\x33\x6a\xf8\xa0\x2e\x88\x9e\x01\xf7\xc3\x5b\
\x3e\xfa\x92\xbe\xc3\x1c\xaf\x13\x98\x45\x7c\xd1\x52\x68\x15\x19\
\x05\xae\x1d\x1d\xd8\x21\xe2\xf6\x88\x62\xe3\xe9\x9d\x9d\xb5\x61\
\x18\x7f\xb3\xd8\xf6\x78\x21\xc5\x93\xe6\xa0\x05\x14\x4d\xa1\x16\
\xd5\x6b\xf2\x6d\xab\xea\x66\x7e\x66\x1e\x2f\x9f\x5a\x43\x17\xe1\
\x43\x54\x69\x44\xdf\x44\x05\xbc\xa4\x6c\xc2\x37\x1c\xfd\x37\x18\
\xcd\x1b\x24\xf8\xf1\xe8\x74\xb5\x18\x2f\x53\x48\xaa\x85\xa6\xa7\
\xc4\xbf\xf8\xc2\xad\xee\x3b\x98\x50\x28\xf9\xe6\xd8\x9e\xa8\x2c\
\xed\x2f\xe3\xfa\x60\x72\x4d\x41\x51\x60\x5e\x90\x63\x02\x8f\xad\
\xa4\x59\x29\x56\xa6\x3c\x2d\x8e\x2a\xe8\x14\x49\x33\x9b\x27\x05\
\x9e\x02\x4c\xb4\xcf\x0a\x50\xce\x40\xe5\x65\x20\xfe\x0b\x91\x9a\
\xa2\x56\x5b\xa5\x93\x0a\xe7\xe8\xbf\x71\x01\xc2\xab\x06\x72\x70\
\xb9\x9d\x73\x14\x27\x64\x10\xad\x0b\x2d\x50\xb5\x00\x46\x36\x04\
\x7d\x22\xe9\xdd\xc7\x03\xfd\x9e\x3e\x1a\xf5\x65\x55\x57\x5e\x6b\
\xe8\x54\x78\x55\x34\xaa\x79\x95\x56\x22\xa3\xc3\x5a\xa6\x37\xc6\
\x35\x94\x46\x4d\x45\x56\xe8\xf0\x1a\x14\x79\x15\x49\x82\x07\x49\
\xce\xe2\x88\x73\xf2\xf8\xe3\xe7\x24\xfc\x83\xa6\x9a\x79\xc1\xfd\
\x7b\x7e\xdb\x18\x7f\xf4\xb5\x9e\x8b\x1e\xa7\xcd\x1d\x9b\xa6\x50\
\x85\x29\x0e\x5e\xa3\x78\x71\xba\xd5\x06\xe2\x79\x7e\xf4\x40\x96\
\x22\x87\xeb\x12\x57\x65\xf3\x5c\x93\x55\x4c\xdb\x11\xba\xae\x70\
\xaa\xff\x26\x44\x48\x4c\x8f\x1e\x66\x8c\xb5\x02\xe7\x5a\xb2\x52\
\xa9\xcc\xe3\x93\x9c\x72\x6a\x38\xaa\xa9\xac\x02\x50\x0b\x44\x76\
\x59\x98\x13\x98\x1b\xb6\xf4\xc1\x7f\xbf\x29\x67\x7d\x63\xd8\xf7\
\x4a\xdd\xbb\xf5\xf5\xd9\x93\x9f\xf1\xd8\xa0\x40\x61\x54\xc1\x9d\
\x18\xad\x3f\xd8\x69\x6a\x8a\xea\xe6\x14\x96\xd3\xeb\xa3\x80\x63\
\x2e\x41\xb4\x93\x10\x11\x90\xed\x36\x5e\xf9\x54\x59\x2e\xde\x4a\
\x61\x3d\xb1\xc0\x41\x96\xb9\x7a\x41\xc8\x48\x84\x57\x1e\x4b\x5c\
\xa9\x8d\xde\xf2\xe3\xe0\xb3\xe4\xb9\x30\x64\xa6\x49\xe0\x1b\xf3\
\x4e\x05\x5e\x4e\xa7\xdb\x30\xfc\x4d\x91\x59\x85\xdf\xa9\x7f\x59\
\x86\x60\xb3\xf8\xe6\x20\x7a\xbf\xff\xbd\xd7\x71\x72\xfb\x78\x2f\
\xbb\xd4\x1b\x3a\x47\x59\xe5\x53\x07\x5e\x05\x9b\x54\x41\x45\xf0\
\x35\x51\xf8\x2c\x20\xd0\xc4\xad\xaa\xd0\x98\xf5\x14\x06\x12\x7b\
\xe6\xb3\x18\x2b\x48\x64\x18\xdd\x8f\x4b\xb8\x85\x11\x16\xba\x53\
\xe5\x34\xb3\xe2\x24\xcb\x85\x09\x7d\xd4\x1f\x4f\x7e\x9a\x83\x64\
\x69\x85\xf3\xbc\x63\xbf\x7b\xb9\xc6\xf8\x5c\xe4\x78\xca\x08\xfb\
\x06\x89\x95\xd7\xd8\x72\x92\x99\x46\x66\x34\x5e\xd4\xc2\x57\xd5\
\xad\x1f\xf8\x86\x93\xe7\xad\xc2\x4b\x4f\x63\x78\xe9\x00\x4b\x05\
\x55\x74\xdd\xd7\xf8\x62\x71\xe9\x5d\xda\x90\xb3\xe8\xa4\x2c\x02\
\xd0\x83\x25\x33\x00\x06\xfd\x1e\xb4\x5d\xb5\x2c\x18\xdf\x19\xfd\
\xc7\x17\x8c\x1e\xe8\xcb\x0c\x11\xbd\x11\xd5\xde\x57\x62\xfe\x26\
\x1d\xa5\x60\x2d\x91\x86\x8d\x2a\xec\x93\x42\x20\x19\xa5\x48\x5d\
\xfb\xbe\xff\xaf\x42\x32\x5b\xf0\x9c\xee\xf1\x23\x9b\x10\x65\x91\
\x39\xeb\xf0\xa0\x1b\x43\x7f\x9d\x8a\xb5\xb8\xe4\x67\xea\x98\x6b\
\x10\xf1\xb7\xe8\xb9\xdb\x4c\x4c\xd6\x5f\x14\xfe\x68\x34\x39\xd2\
\x3d\x4c\x23\xd0\x29\xb5\xf4\x5d\xac\x9b\xa8\x33\x2a\x88\x58\xeb\
\xc9\x75\x78\xda\x1a\x36\x91\xe1\xce\x5c\xf7\x0f\x63\x30\x6e\xa5\
\xa9\x12\x22\x13\x35\xdc\x01\x48\x7e\xf0\xd1\xf7\x45\x2d\x5b\xda\
\x74\x41\x53\x8e\x76\xd5\xe2\xaf\x94\x3b\x11\x47\x99\xeb\x56\xf1\
\x03\x05\xb5\xae\x84\xbf\x45\x72\x7d\x27\x29\xf4\x8d\x22\x4c\xd4\
\x6c\x74\xf4\x54\x73\xb9\x44\xfc\x41\xc3\x48\x7f\x23\x5f\x81\xd9\
\xf9\x49\x84\x7a\x29\x5c\x90\xad\x39\xca\xf5\x03\x85\x4f\x90\xaf\
\xd8\x18\xf1\x3c\xb5\xf9\xe3\x78\x6b\x44\x6f\x1a\x1d\xe1\x24\xd9\
\x18\xed\xba\x17\xb4\x38\x80\x78\x28\x4e\xf7\xf8\x42\x02\x64\x04\
\x9c\xf6\x6b\x72\x16\x86\x26\x41\x39\xd7\x1a\x09\xed\x22\x8d\xa6\
\xcd\x10\x70\x24\xe8\xd9\x18\x6f\x15\x8d\xd2\x2c\x7e\xaa\x4d\x73\
\xe6\x99\xa3\x0d\xd1\x5c\x9a\xa2\xa2\x8d\x86\x28\xef\xf4\x21\xfe\
\x6b\xb5\x5f\x36\x26\xe7\xfc\xb6\x3e\x2b\x90\x8c\x62\x75\x79\xf7\
\x9a\x54\x33\x44\x60\xef\x4e\x49\x34\x30\xbe\xcf\xdd\x42\xab\x77\
\x07\xa5\xf7\x2f\xa3\x88\xc9\xc9\xf4\x72\xd5\x34\x66\x6a\x01\x4e\
\x6a\x18\x05\xa1\x8f\x0a\xad\xde\xe2\xf2\xe7\x4c\x9d\x9d\x26\x25\
\xb8\x0f\xd4\xf4\x5a\xc4\x2b\xcc\x9a\xf0\x6d\x58\xaa\x4a\xd6\xa7\
\xc2\x9f\xe7\x34\xa7\xcc\x08\x61\xcb\x80\x77\x65\xff\x3a\x42\x7e\
\x96\x00\xfd\x4e\xa1\xd0\x6a\x86\xc9\x3c\xcf\x2f\xdc\xcb\xc1\xb5\
\x2d\x8b\x0b\x5c\x4f\x18\xfc\x09\xa7\x58\xb5\xad\xa8\x21\x1e\x7d\
\x9c\x22\xd0\x23\x26\x9c\x02\x06\x89\x83\x9d\xa6\x4f\xbc\x1a\xad\
\x44\xa8\xbf\xf3\x56\x00\x76\x1f\x06\xbd\x34\x84\xa9\x28\xc5\x2a\
\x28\xae\xf7\xaf\x56\xe6\xf7\x12\x9f\xac\x76\xab\x91\x13\xe7\xa2\
\x4a\xd3\x81\xc9\xe0\x0f\x83\xd7\x22\x98\x6b\x16\x0f\x08\x71\xac\
\x46\x22\xe7\x92\xc6\xe3\x3e\xd7\xe4\xa7\x1f\xb8\xae\xc4\x55\xe0\
\x7a\x29\x1d\xdf\x9f\x3f\x8b\x2b\xab\x01\xf5\xd2\x15\x44\x5f\x48\
\x30\xf6\x07\x5e\xc6\x61\x4c\x6e\x3a\xc9\x32\x08\xcd\x41\xe7\x9e\
\x40\xe2\x12\x83\x33\xe3\xf0\x5e\x76\xd4\x5c\xc6\x5c\x56\xdd\xfa\
\xa8\xbb\x77\x64\xd5\x8e\xa2\xb5\x7a\xe3\x88\x97\xc4\x65\x22\xd4\
\xd3\x2c\x17\xc0\x23\xf3\x89\x0c\x12\x97\xd6\x81\x62\xec\x98\x06\
\xaa\x42\x5a\xaf\x5f\x38\xac\x79\x4a\x2c\x25\xda\xce\xda\xc4\x29\
\xa7\xdb\xaa\x9f\x64\x8e\x11\x35\x06\x5e\xd8\xc1\xb9\x43\x89\x57\
\xb2\x72\xeb\xb1\x3f\xeb\x69\x85\x9e\x10\x72\x6c\x46\x9c\x44\xca\
\x22\xcd\x52\xc4\x76\x06\xf5\x6f\x93\xa3\xd5\x8e\x83\xc1\xa7\xa3\
\x10\x5f\x6d\xc3\x1c\xa3\xb2\x02\x59\x5d\x62\x10\xfb\xbd\xde\xc2\
\x99\x02\x1a\xd5\x30\xa8\x86\xeb\x2a\x76\xf9\x22\x2e\xd5\xd9\x87\
\xf3\x79\xa2\x8c\xed\xd2\xe1\xeb\x36\x1b\x8e\xf4\x57\xbe\x0b\xd0\
\x4b\xb1\xb4\x1d\x4a\x97\x98\x25\xe7\x26\x96\x23\x62\x69\x05\x9c\
\xe3\x7b\xf2\x2a\x9d\x2d\xa8\xf0\xde\x76\x66\xdd\x56\xea\xab\x9a\
\x07\x75\x2d\x04\xc0\x9f\xb5\x9e\xca\x3b\x19\x39\xe3\x2a\x28\x07\
\x9e\x10\x5d\xad\x13\xfa\x7e\xd3\x05\xda\x21\x04\xf0\x49\x1a\x70\
\xf8\xc2\xe5\x38\xb4\x9c\x39\x9c\x6a\xec\x78\xe2\x47\x6a\xc3\x17\
\x63\xc3\x91\xe6\x8a\x42\xb2\xb9\xf1\xde\x9e\x45\xcb\x91\x57\x4d\
\xfd\x39\x26\x96\x37\x0d\x32\xee\x5c\xb4\xd6\x3a\xc7\xb2\x24\x2c\
\x1b\xef\x99\xf4\x46\xf3\x46\x59\xa6\xd2\x1d\xd4\x78\x05\x63\xd1\
\x16\xa7\x78\x36\x04\x85\x3d\x33\x85\xeb\x45\xfb\xcc\xea\xe4\x0a\
\xa7\x3f\x9e\xf2\x67\xad\x55\x13\x43\x9e\xb4\xa5\xd4\x78\x41\x3a\
\x6a\x5b\x77\x45\xd9\x62\x0b\x8e\x4c\x19\x03\x25\x16\x2e\x78\x1f\
\x22\xcf\x34\xc4\x6a\x9c\xef\xd4\x31\x33\x0f\x81\x5a\x3d\x81\xb4\
\xc5\x22\x5e\x93\xea\xa5\x67\x29\xfa\x89\xb1\xe5\x6b\x5d\x75\x06\
\xc0\xd1\x69\xa1\x10\xbe\xf5\x71\xc4\x89\xef\xbd\xbb\x16\x5d\x52\
\x99\xcb\xd1\x41\x15\xb1\xb9\xf8\xc5\xaa\x46\x0a\xdf\xc0\xd8\x3f\
\xed\x13\x91\x54\xed\xd3\x8b\x54\x85\x10\xb4\xa5\x26\x2b\xc5\x93\
\x58\xb2\xad\x88\x00\xfe\x07\x3a\xa9\x96\x36\x97\x62\x91\x78\x00\
\x00\x00\x00\x49\x45\x4e\x44\xae\x42\x60\x82\
\x00\x00\x12\xba\
\x89\
\x50\x4e\x47\x0d\x0a\x1a\x0a\x00\x00\x00\x0d\x49\x48\x44\x52\x00\
\x00\x00\x80\x00\x00\x00\x18\x08\x06\x00\x00\x00\x32\x0b\xf5\xe5\
\x00\x00\x00\xf4\x7a\x54\x58\x74\x52\x61\x77\x20\x70\x72\x6f\x66\
\x69\x6c\x65\x20\x74\x79\x70\x65\x20\x65\x78\x69\x66\x00\x00\x78\
\xda\x7d\x51\x5b\x12\xc3\x20\x08\xfc\xf7\x14\x3d\x02\x0f\x45\x3d\
\x8e\x4d\xcc\x4c\x6f\xd0\xe3\x17\x09\xe6\xf5\xd1\xcd\x88\xb2\x10\
\x5c\x30\xf4\xef\x67\x0b\xaf\x01\xaa\x14\x62\xca\x45\xaa\x08\x28\
\x62\x8d\x95\x9a\x1e\x0a\xec\x78\x9b\x45\x88\x66\x0d\x33\xa4\xfe\
\x8d\x0f\x38\x23\xa4\x14\xeb\xce\xbb\x5b\xc9\xf9\xae\x3c\x1d\x45\
\xa1\x7a\x3e\xce\xfc\x59\x68\x1e\xb0\xe9\x29\x9d\x81\x16\x9d\x7f\
\x3f\xf8\xc5\xef\x2d\xcf\x42\xae\x80\xd1\x6f\x5e\xbd\x2b\x2f\xc4\
\xb4\xf3\xe8\xfe\xe2\x4a\xa5\x96\x7c\x6b\x6d\x15\xb8\xa3\x9c\x2b\
\xb1\x70\x26\x49\xfa\xf5\xcc\x52\x64\xcb\x56\x4e\x16\xb0\xbf\xd0\
\x2f\x1d\x7e\xb8\x12\x31\xeb\xb8\xd7\xa4\x02\x98\xa8\x33\x32\xa8\
\x65\x8e\xbb\x32\x1e\x2b\x72\x53\x1e\xcd\x8e\x3c\x34\x06\x38\x05\
\xa3\x86\x5c\x4d\xd7\xe7\x23\xc8\x36\x48\xef\xc3\x85\xeb\x00\xaf\
\xf3\x38\xf6\xf1\xc4\xde\x9e\x29\x2a\x2e\x15\xf8\x0c\x0c\xe4\x06\
\x7f\x71\x6d\x3d\xcc\xde\xc3\x0f\xd1\xeb\x7a\x82\x78\x1d\x2e\xbf\
\x00\x00\x01\x84\x69\x43\x43\x50\x49\x43\x43\x20\x70\x72\x6f\x66\
\x69\x6c\x65\x00\x00\x78\x9c\x7d\x91\x3d\x48\xc3\x40\x1c\xc5\x5f\
\xd3\x4a\xa5\xb6\x38\xd8\x41\xc4\x21\x43\x75\xb2\x8b\x8a\x38\xd6\
\x2a\x14\xa1\x42\xa8\x15\x5a\x75\x30\xb9\xf4\x0b\x9a\xb4\x24\x29\
\x2e\x8e\x82\x6b\xc1\xc1\x8f\xc5\xaa\x83\x8b\xb3\xae\x0e\xae\x82\
\x20\xf8\x01\xe2\xec\xe0\xa4\xe8\x22\x25\xfe\x2f\x29\xb4\x88\xf1\
\xe0\xb8\x1f\xef\xee\x3d\xee\xde\x01\x42\xab\xca\x34\x33\x90\x00\
\x34\xdd\x32\x32\xa9\xa4\x98\xcb\xaf\x8a\xc1\x57\x0c\x20\x84\x08\
\xfc\x08\xc8\xcc\xac\xcf\x49\x52\x1a\x9e\xe3\xeb\x1e\x3e\xbe\xde\
\xc5\x79\x96\xf7\xb9\x3f\x47\x44\x2d\x98\x0c\xf0\x89\xc4\x09\x56\
\x37\x2c\xe2\x0d\xe2\x99\x4d\xab\xce\x79\x9f\x38\xca\xca\xb2\x4a\
\x7c\x4e\x3c\x61\xd0\x05\x89\x1f\xb9\xae\xb8\xfc\xc6\xb9\xe4\xb0\
\xc0\x33\xa3\x46\x36\x33\x4f\x1c\x25\x16\x4b\x3d\xac\xf4\x30\x2b\
\x1b\x1a\xf1\x34\x71\x4c\xd5\x74\xca\x17\x72\x2e\xab\x9c\xb7\x38\
\x6b\xd5\x06\xeb\xdc\x93\xbf\x30\x5c\xd0\x57\x96\xb9\x4e\x73\x14\
\x29\x2c\x62\x09\x12\x44\x28\x68\xa0\x82\x2a\x2c\xc4\x69\xd5\x49\
\x31\x91\xa1\xfd\xa4\x87\x7f\xc4\xf1\x4b\xe4\x52\xc8\x55\x01\x23\
\xc7\x02\x6a\xd0\x20\x3b\x7e\xf0\x3f\xf8\xdd\xad\x59\x9c\x9a\x74\
\x93\xc2\x49\xa0\xef\xc5\xb6\x3f\xc6\x80\xe0\x2e\xd0\x6e\xda\xf6\
\xf7\xb1\x6d\xb7\x4f\x00\xff\x33\x70\xa5\x77\xfd\xb5\x16\x30\xfb\
\x49\x7a\xb3\xab\xc5\x8e\x80\xc1\x6d\xe0\xe2\xba\xab\x29\x7b\xc0\
\xe5\x0e\x30\xfc\x54\x97\x0d\xd9\x91\xfc\x34\x85\x62\x11\x78\x3f\
\xa3\x6f\xca\x03\x43\xb7\x40\x68\xcd\xed\xad\xb3\x8f\xd3\x07\x20\
\x4b\x5d\xa5\x6f\x80\x83\x43\x60\xbc\x44\xd9\xeb\x1e\xef\xee\xef\
\xed\xed\xdf\x33\x9d\xfe\x7e\x00\x04\x7e\x72\x7a\x94\x27\xeb\x40\
\x00\x00\x0e\x66\x69\x54\x58\x74\x58\x4d\x4c\x3a\x63\x6f\x6d\x2e\
\x61\x64\x6f\x62\x65\x2e\x78\x6d\x70\x00\x00\x00\x00\x00\x3c\x3f\
\x78\x70\x61\x63\x6b\x65\x74\x20\x62\x65\x67\x69\x6e\x3d\x22\xef\
\xbb\xbf\x22\x20\x69\x64\x3d\x22\x57\x35\x4d\x30\x4d\x70\x43\x65\
\x68\x69\x48\x7a\x72\x65\x53\x7a\x4e\x54\x63\x7a\x6b\x63\x39\x64\
\x22\x3f\x3e\x0a\x3c\x78\x3a\x78\x6d\x70\x6d\x65\x74\x61\x20\x78\
\x6d\x6c\x6e\x73\x3a\x78\x3d\x22\x61\x64\x6f\x62\x65\x3a\x6e\x73\
\x3a\x6d\x65\x74\x61\x2f\x22\x20\x78\x3a\x78\x6d\x70\x74\x6b\x3d\
\x22\x58\x4d\x50\x20\x43\x6f\x72\x65\x20\x34\x2e\x34\x2e\x30\x2d\
\x45\x78\x69\x76\x32\x22\x3e\x0a\x20\x3c\x72\x64\x66\x3a\x52\x44\
\x46\x20\x78\x6d\x6c\x6e\x73\x3a\x72\x64\x66\x3d\x22\x68\x74\x74\
\x70\x3a\x2f\x2f\x77\x77\x77\x2e\x77\x33\x2e\x6f\x72\x67\x2f\x31\
\x39\x39\x39\x2f\x30\x32\x2f\x32\x32\x2d\x72\x64\x66\x2d\x73\x79\
\x6e\x74\x61\x78\x2d\x6e\x73\x23\x22\x3e\x0a\x20\x20\x3c\x72\x64\
\x66\x3a\x44\x65\x73\x63\x72\x69\x70\x74\x69\x6f\x6e\x20\x72\x64\
\x66\x3a\x61\x62\x6f\x75\x74\x3d\x22\x22\x0a\x20\x20\x20\x20\x78\
\x6d\x6c\x6e\x73\x3a\x78\x6d\x70\x4d\x4d\x3d\x22\x68\x74\x74\x70\
\x3a\x2f\x2f\x6e\x73\x2e\x61\x64\x6f\x62\x65\x2e\x63\x6f\x6d\x2f\
\x78\x61\x70\x2f\x31\x2e\x30\x2f\x6d\x6d\x2f\x22\x0a\x20\x20\x20\
\x20\x78\x6d\x6c\x6e\x73\x3a\x73\x74\x45\x76\x74\x3d\x22\x68\x74\
\x74\x70\x3a\x2f\x2f\x6e\x73\x2e\x61\x64\x6f\x62\x65\x2e\x63\x6f\
\x6d\x2f\x78\x61\x70\x2f\x31\x2e\x30\x2f\x73\x54\x79\x70\x65\x2f\
\x52\x65\x73\x6f\x75\x72\x63\x65\x45\x76\x65\x6e\x74\x23\x22\x0a\
\x20\x20\x20\x20\x78\x6d\x6c\x6e\x73\x3a\x47\x49\x4d\x50\x3d\x22\
\x68\x74\x74\x70\x3a\x2f\x2f\x77\x77\x77\x2e\x67\x69\x6d\x70\x2e\
\x6f\x72\x67\x2f\x78\x6d\x70\x2f\x22\x0a\x20\x20\x20\x20\x78\x6d\
\x6c\x6e\x73\x3a\x64\x63\x3d\x22\x68\x74\x74\x70\x3a\x2f\x2f\x70\
\x75\x72\x6c\x2e\x6f\x72\x67\x2f\x64\x63\x2f\x65\x6c\x65\x6d\x65\
\x6e\x74\x73\x2f\x31\x2e\x31\x2f\x22\x0a\x20\x20\x20\x20\x78\x6d\
\x6c\x6e\x73\x3a\x65\x78\x69\x66\x3d\x22\x68\x74\x74\x70\x3a\x2f\
\x2f\x6e\x73\x2e\x61\x64\x6f\x62\x65\x2e\x63\x6f\x6d\x2f\x65\x78\
\x69\x66\x2f\x31\x2e\x30\x2f\x22\x0a\x20\x20\x20\x20\x78\x6d\x6c\
\x6e\x73\x3a\x74\x69\x66\x66\x3d\x22\x68\x74\x74\x70\x3a\x2f\x2f\
\x6e\x73\x2e\x61\x64\x6f\x62\x65\x2e\x63\x6f\x6d\x2f\x74\x69\x66\
\x66\x2f\x31\x2e\x30\x2f\x22\x0a\x20\x20\x20\x20\x78\x6d\x6c\x6e\
\x73\x3a\x78\x6d\x70\x3d\x22\x68\x74\x74\x70\x3a\x2f\x2f\x6e\x73\
\x2e\x61\x64\x6f\x62\x65\x2e\x63\x6f\x6d\x2f\x78\x61\x70\x2f\x31\
\x2e\x30\x2f\x22\x0a\x20\x20\x20\x78\x6d\x70\x4d\x4d\x3a\x44\x6f\
\x63\x75\x6d\x65\x6e\x74\x49\x44\x3d\x22\x67\x69\x6d\x70\x3a\x64\
\x6f\x63\x69\x64\x3a\x67\x69\x6d\x70\x3a\x35\x38\x30\x66\x31\x35\
\x38\x65\x2d\x66\x31\x34\x36\x2d\x34\x31\x30\x62\x2d\x38\x63\x35\
\x39\x2d\x66\x64\x38\x64\x64\x38\x65\x33\x36\x36\x33\x38\x22\x0a\
\x20\x20\x20\x78\x6d\x70\x4d\x4d\x3a\x49\x6e\x73\x74\x61\x6e\x63\
\x65\x49\x44\x3d\x22\x78\x6d\x70\x2e\x69\x69\x64\x3a\x35\x64\x31\
\x31\x66\x65\x35\x39\x2d\x32\x35\x38\x66\x2d\x34\x38\x66\x64\x2d\
\x61\x38\x36\x37\x2d\x65\x30\x39\x32\x33\x61\x38\x39\x65\x66\x37\
\x38\x22\x0a\x20\x20\x20\x78\x6d\x70\x4d\x4d\x3a\x4f\x72\x69\x67\
\x69\x6e\x61\x6c\x44\x6f\x63\x75\x6d\x65\x6e\x74\x49\x44\x3d\x22\
\x78\x6d\x70\x2e\x64\x69\x64\x3a\x34\x39\x30\x66\x64\x38\x65\x66\
\x2d\x63\x36\x64\x32\x2d\x34\x35\x39\x30\x2d\x39\x65\x32\x34\x2d\
\x33\x37\x62\x64\x38\x34\x63\x38\x36\x33\x34\x30\x22\x0a\x20\x20\
\x20\x47\x49\x4d\x50\x3a\x41\x50\x49\x3d\x22\x32\x2e\x30\x22\x0a\
\x20\x20\x20\x47\x49\x4d\x50\x3a\x50\x6c\x61\x74\x66\x6f\x72\x6d\
\x3d\x22\x4d\x61\x63\x20\x4f\x53\x22\x0a\x20\x20\x20\x47\x49\x4d\
\x50\x3a\x54\x69\x6d\x65\x53\x74\x61\x6d\x70\x3d\x22\x31\x37\x33\
\x31\x32\x34\x33\x39\x31\x32\x38\x35\x38\x39\x30\x34\x22\x0a\x20\
\x20\x20\x47\x49\x4d\x50\x3a\x56\x65\x72\x73\x69\x6f\x6e\x3d\x22\
\x32\x2e\x31\x30\x2e\x33\x34\x22\x0a\x20\x20\x20\x64\x63\x3a\x46\
\x6f\x72\x6d\x61\x74\x3d\x22\x69\x6d\x61\x67\x65\x2f\x70\x6e\x67\
\x22\x0a\x20\x20\x20\x65\x78\x69\x66\x3a\x50\x69\x78\x65\x6c\x58\
\x44\x69\x6d\x65\x6e\x73\x69\x6f\x6e\x3d\x22\x31\x36\x37\x36\x22\
\x0a\x20\x20\x20\x65\x78\x69\x66\x3a\x50\x69\x78\x65\x6c\x59\x44\
\x69\x6d\x65\x6e\x73\x69\x6f\x6e\x3d\x22\x31\x32\x32\x22\x0a\x20\
\x20\x20\x74\x69\x66\x66\x3a\x4f\x72\x69\x65\x6e\x74\x61\x74\x69\
\x6f\x6e\x3d\x22\x31\x22\x0a\x20\x20\x20\x78\x6d\x70\x3a\x43\x72\
\x65\x61\x74\x6f\x72\x54\x6f\x6f\x6c\x3d\x22\x47\x49\x4d\x50\x20\
\x32\x2e\x31\x30\x22\x0a\x20\x20\x20\x78\x6d\x70\x3a\x4d\x65\x74\
\x61\x64\x61\x74\x61\x44\x61\x74\x65\x3d\x22\x32\x30\x32\x34\x3a\
\x31\x31\x3a\x31\x30\x54\x31\x34\x3a\x30\x35\x3a\x31\x32\x2b\x30\
\x31\x3a\x30\x30\x22\x0a\x20\x20\x20\x78\x6d\x70\x3a\x4d\x6f\x64\
\x69\x66\x79\x44\x61\x74\x65\x3d\x22\x32\x30\x32\x34\x3a\x31\x31\
\x3a\x31\x30\x54\x31\x34\x3a\x30\x35\x3a\x31\x32\x2b\x30\x31\x3a\
\x30\x30\x22\x3e\x0a\x20\x20\x20\x3c\x78\x6d\x70\x4d\x4d\x3a\x48\
\x69\x73\x74\x6f\x72\x79\x3e\x0a\x20\x20\x20\x20\x3c\x72\x64\x66\
\x3a\x53\x65\x71\x3e\x0a\x20\x20\x20\x20\x20\x3c\x72\x64\x66\x3a\
\x6c\x69\x0a\x20\x20\x20\x20\x20\x20\x73\x74\x45\x76\x74\x3a\x61\
\x63\x74\x69\x6f\x6e\x3d\x22\x73\x61\x76\x65\x64\x22\x0a\x20\x20\
\x20\x20\x20\x20\x73\x74\x45\x76\x74\x3a\x63\x68\x61\x6e\x67\x65\
\x64\x3d\x22\x2f\x22\x0a\x20\x20\x20\x20\x20\x20\x73\x74\x45\x76\
\x74\x3a\x69\x6e\x73\x74\x61\x6e\x63\x65\x49\x44\x3d\x22\x78\x6d\
\x70\x2e\x69\x69\x64\x3a\x35\x65\x39\x33\x64\x66\x62\x33\x2d\x34\
\x37\x64\x62\x2d\x34\x32\x38\x66\x2d\x38\x38\x62\x33\x2d\x36\x36\
\x30\x66\x36\x31\x31\x36\x66\x63\x33\x35\x22\x0a\x20\x20\x20\x20\
\x20\x20\x73\x74\x45\x76\x74\x3a\x73\x6f\x66\x74\x77\x61\x72\x65\
\x41\x67\x65\x6e\x74\x3d\x22\x47\x69\x6d\x70\x20\x32\x2e\x31\x30\
\x20\x28\x4d\x61\x63\x20\x4f\x53\x29\x22\x0a\x20\x20\x20\x20\x20\
\x20\x73\x74\x45\x76\x74\x3a\x77\x68\x65\x6e\x3d\x22\x32\x30\x32\
\x34\x2d\x31\x31\x2d\x31\x30\x54\x31\x34\x3a\x30\x35\x3a\x31\x32\
\x2b\x30\x31\x3a\x30\x30\x22\x2f\x3e\x0a\x20\x20\x20\x20\x3c\x2f\
\x72\x64\x66\x3a\x53\x65\x71\x3e\x0a\x20\x20\x20\x3c\x2f\x78\x6d\
\x70\x4d\x4d\x3a\x48\x69\x73\x74\x6f\x72\x79\x3e\x0a\x20\x20\x20\
\x3c\x65\x78\x69\x66\x3a\x55\x73\x65\x72\x43\x6f\x6d\x6d\x65\x6e\
\x74\x3e\x0a\x20\x20\x20\x20\x3c\x72\x64\x66\x3a\x41\x6c\x74\x3e\
\x0a\x20\x20\x20\x20\x20\x3c\x72\x64\x66\x3a\x6c\x69\x20\x78\x6d\
\x6c\x3a\x6c\x61\x6e\x67\x3d\x22\x78\x2d\x64\x65\x66\x61\x75\x6c\
\x74\x22\x3e\x53\x63\x72\x65\x65\x6e\x73\x68\x6f\x74\x3c\x2f\x72\
\x64\x66\x3a\x6c\x69\x3e\x0a\x20\x20\x20\x20\x3c\x2f\x72\x64\x66\
\x3a\x41\x6c\x74\x3e\x0a\x20\x20\x20\x3c\x2f\x65\x78\x69\x66\x3a\
\x55\x73\x65\x72\x43\x6f\x6d\x6d\x65\x6e\x74\x3e\x0a\x20\x20\x3c\
\x2f\x72\x64\x66\x3a\x44\x65\x73\x63\x72\x69\x70\x74\x69\x6f\x6e\
\x3e\x0a\x20\x3c\x2f\x72\x64\x66\x3a\x52\x44\x46\x3e\x0a\x3c\x2f\
\x78\x3a\x78\x6d\x70\x6d\x65\x74\x61\x3e\x0a\x20\x20\x20\x20\x20\
\x20\x20\x20\x20\x20\x20\x20\x20\x20\x20\x20\x20\x20\x20\x20\x20\
\x20\x20\x20\x20\x20\x20\x20\x20\x20\x20\x20\x20\x20\x20\x20\x20\
\x20\x20\x20\x20\x20\x20\x20\x20\x20\x20\x20\x20\x20\x20\x20\x20\
\x20\x20\x20\x20\x20\x20\x20\x20\x20\x20\x20\x20\x20\x20\x20\x20\
\x20\x20\x20\x20\x20\x20\x20\x20\x20\x20\x20\x20\x20\x20\x20\x20\
\x20\x20\x20\x20\x20\x20\x20\x20\x20\x20\x20\x20\x20\x20\x20\x0a\
\x20\x20\x20\x20\x20\x20\x20\x20\x20\x20\x20\x20\x20\x20\x20\x20\
\x20\x20\x20\x20\x20\x20\x20\x20\x20\x20\x20\x20\x20\x20\x20\x20\
\x20\x20\x20\x20\x20\x20\x20\x20\x20\x20\x20\x20\x20\x20\x20\x20\
\x20\x20\x20\x20\x20\x20\x20\x20\x20\x20\x20\x20\x20\x20\x20\x20\
\x20\x20\x20\x20\x20\x20\x20\x20\x20\x20\x20\x20\x20\x20\x20\x20\
\x20\x20\x20\x20\x20\x20\x20\x20\x20\x20\x20\x20\x20\x20\x20\x20\
\x20\x20\x20\x20\x0a\x20\x20\x20\x20\x20\x20\x20\x20\x20\x20\x20\
\x20\x20\x20\x20\x20\x20\x20\x20\x20\x20\x20\x20\x20\x20\x20\x20\
\x20\x20\x20\x20\x20\x20\x20\x20\x20\x20\x20\x20\x20\x20\x20\x20\
\x20\x20\x20\x20\x20\x20\x20\x20\x20\x20\x20\x20\x20\x20\x20\x20\
\x20\x20\x20\x20\x20\x20\x20\x20\x20\x20\x20\x20\x20\x20\x20\x20\
\x20\x20\x20\x20\x20\x20\x20\x20\x20\x20\x20\x20\x20\x20\x20\x20\
\x20\x20\x20\x20\x20\x20\x20\x20\x20\x0a\x20\x20\x20\x20\x20\x20\
\x20\x20\x20\x20\x20\x20\x20\x20\x20\x20\x20\x20\x20\x20\x20\x20\
\x20\x20\x20\x20\x20\x20\x20\x20\x20\x20\x20\x20\x20\x20\x20\x20\
\x20\x20\x20\x20\x20\x20\x20\x20\x20\x20\x20\x20\x20\x20\x20\x20\
\x20\x20\x20\x20\x20\x20\x20\x20\x20\x20\x20\x20\x20\x20\x20\x20\
\x20\x20\x20\x20\x20\x20\x20\x20\x20\x20\x20\x20\x20\x20\x20\x20\
\x20\x20\x20\x20\x20\x20\x20\x20\x20\x20\x20\x20\x20\x20\x0a\x20\
\x20\x20\x20\x20\x20\x20\x20\x20\x20\x20\x20\x20\x20\x20\x20\x20\
\x20\x20\x20\x20\x20\x20\x20\x20\x20\x20\x20\x20\x20\x20\x20\x20\
\x20\x20\x20\x20\x20\x20\x20\x20\x20\x20\x20\x20\x20\x20\x20\x20\
\x20\x20\x20\x20\x20\x20\x20\x20\x20\x20\x20\x20\x20\x20\x20\x20\
\x20\x20\x20\x20\x20\x20\x20\x20\x20\x20\x20\x20\x20\x20\x20\x20\
\x20\x20\x20\x20\x20\x20\x20\x20\x20\x20\x20\x20\x20\x20\x20\x20\
\x20\x20\x20\x0a\x20\x20\x20\x20\x20\x20\x20\x20\x20\x20\x20\x20\
\x20\x20\x20\x20\x20\x20\x20\x20\x20\x20\x20\x20\x20\x20\x20\x20\
\x20\x20\x20\x20\x20\x20\x20\x20\x20\x20\x20\x20\x20\x20\x20\x20\
\x20\x20\x20\x20\x20\x20\x20\x20\x20\x20\x20\x20\x20\x20\x20\x20\
\x20\x20\x20\x20\x20\x20\x20\x20\x20\x20\x20\x20\x20\x20\x20\x20\
\x20\x20\x20\x20\x20\x20\x20\x20\x20\x20\x20\x20\x20\x20\x20\x20\
\x20\x20\x20\x20\x20\x20\x20\x20\x0a\x20\x20\x20\x20\x20\x20\x20\
\x20\x20\x20\x20\x20\x20\x20\x20\x20\x20\x20\x20\x20\x20\x20\x20\
\x20\x20\x20\x20\x20\x20\x20\x20\x20\x20\x20\x20\x20\x20\x20\x20\
\x20\x20\x20\x20\x20\x20\x20\x20\x20\x20\x20\x20\x20\x20\x20\x20\
\x20\x20\x20\x20\x20\x20\x20\x20\x20\x20\x20\x20\x20\x20\x20\x20\
\x20\x20\x20\x20\x20\x20\x20\x20\x20\x20\x20\x20\x20\x20\x20\x20\
\x20\x20\x20\x20\x20\x20\x20\x20\x20\x20\x20\x20\x20\x0a\x20\x20\
\x20\x20\x20\x20\x20\x20\x20\x20\x20\x20\x20\x20\x20\x20\x20\x20\
\x20\x20\x20\x20\x20\x20\x20\x20\x20\x20\x20\x20\x20\x20\x20\x20\
\x20\x20\x20\x20\x20\x20\x20\x20\x20\x20\x20\x20\x20\x20\x20\x20\
\x20\x20\x20\x20\x20\x20\x20\x20\x20\x20\x20\x20\x20\x20\x20\x20\
\x20\x20\x20\x20\x20\x20\x20\x20\x20\x20\x20\x20\x20\x20\x20\x20\
\x20\x20\x20\x20\x20\x20\x20\x20\x20\x20\x20\x20\x20\x20\x20\x20\
\x20\x20\x0a\x20\x20\x20\x20\x20\x20\x20\x20\x20\x20\x20\x20\x20\
\x20\x20\x20\x20\x20\x20\x20\x20\x20\x20\x20\x20\x20\x20\x20\x20\
\x20\x20\x20\x20\x20\x20\x20\x20\x20\x20\x20\x20\x20\x20\x20\x20\
\x20\x20\x20\x20\x20\x20\x20\x20\x20\x20\x20\x20\x20\x20\x20\x20\
\x20\x20\x20\x20\x20\x20\x20\x20\x20\x20\x20\x20\x20\x20\x20\x20\
\x20\x20\x20\x20\x20\x20\x20\x20\x20\x20\x20\x20\x20\x20\x20\x20\
\x20\x20\x20\x20\x20\x20\x20\x0a\x20\x20\x20\x20\x20\x20\x20\x20\
\x20\x20\x20\x20\x20\x20\x20\x20\x20\x20\x20\x20\x20\x20\x20\x20\
\x20\x20\x20\x20\x20\x20\x20\x20\x20\x20\x20\x20\x20\x20\x20\x20\
\x20\x20\x20\x20\x20\x20\x20\x20\x20\x20\x20\x20\x20\x20\x20\x20\
\x20\x20\x20\x20\x20\x20\x20\x20\x20\x20\x20\x20\x20\x20\x20\x20\
\x20\x20\x20\x20\x20\x20\x20\x20\x20\x20\x20\x20\x20\x20\x20\x20\
\x20\x20\x20\x20\x20\x20\x20\x20\x20\x20\x20\x20\x0a\x20\x20\x20\
\x20\x20\x20\x20\x20\x20\x20\x20\x20\x20\x20\x20\x20\x20\x20\x20\
\x20\x20\x20\x20\x20\x20\x20\x20\x20\x20\x20\x20\x20\x20\x20\x20\
\x20\x20\x20\x20\x20\x20\x20\x20\x20\x20\x20\x20\x20\x20\x20\x20\
\x20\x20\x20\x20\x20\x20\x20\x20\x20\x20\x20\x20\x20\x20\x20\x20\
\x20\x20\x20\x20\x20\x20\x20\x20\x20\x20\x20\x20\x20\x20\x20\x20\
\x20\x20\x20\x20\x20\x20\x20\x20\x20\x20\x20\x20\x20\x20\x20\x20\
\x20\x0a\x20\x20\x20\x20\x20\x20\x20\x20\x20\x20\x20\x20\x20\x20\
\x20\x20\x20\x20\x20\x20\x20\x20\x20\x20\x20\x20\x20\x20\x20\x20\
\x20\x20\x20\x20\x20\x20\x20\x20\x20\x20\x20\x20\x20\x20\x20\x20\
\x20\x20\x20\x20\x20\x20\x20\x20\x20\x20\x20\x20\x20\x20\x20\x20\
\x20\x20\x20\x20\x20\x20\x20\x20\x20\x20\x20\x20\x20\x20\x20\x20\
\x20\x20\x20\x20\x20\x20\x20\x20\x20\x20\x20\x20\x20\x20\x20\x20\
\x20\x20\x20\x20\x20\x20\x0a\x20\x20\x20\x20\x20\x20\x20\x20\x20\
\x20\x20\x20\x20\x20\x20\x20\x20\x20\x20\x20\x20\x20\x20\x20\x20\
\x20\x20\x20\x20\x20\x20\x20\x20\x20\x20\x20\x20\x20\x20\x20\x20\
\x20\x20\x20\x20\x20\x20\x20\x20\x20\x20\x20\x20\x20\x20\x20\x20\
\x20\x20\x20\x20\x20\x20\x20\x20\x20\x20\x20\x20\x20\x20\x20\x20\
\x20\x20\x20\x20\x20\x20\x20\x20\x20\x20\x20\x20\x20\x20\x20\x20\
\x20\x20\x20\x20\x20\x20\x20\x20\x20\x20\x20\x0a\x20\x20\x20\x20\
\x20\x20\x20\x20\x20\x20\x20\x20\x20\x20\x20\x20\x20\x20\x20\x20\
\x20\x20\x20\x20\x20\x20\x20\x20\x20\x20\x20\x20\x20\x20\x20\x20\
\x20\x20\x20\x20\x20\x20\x20\x20\x20\x20\x20\x20\x20\x20\x20\x20\
\x20\x20\x20\x20\x20\x20\x20\x20\x20\x20\x20\x20\x20\x20\x20\x20\
\x20\x20\x20\x20\x20\x20\x20\x20\x20\x20\x20\x20\x20\x20\x20\x20\
\x20\x20\x20\x20\x20\x20\x20\x20\x20\x20\x20\x20\x20\x20\x20\x20\
\x0a\x20\x20\x20\x20\x20\x20\x20\x20\x20\x20\x20\x20\x20\x20\x20\
\x20\x20\x20\x20\x20\x20\x20\x20\x20\x20\x20\x20\x20\x20\x20\x20\
\x20\x20\x20\x20\x20\x20\x20\x20\x20\x20\x20\x20\x20\x20\x20\x20\
\x20\x20\x20\x20\x20\x20\x20\x20\x20\x20\x20\x20\x20\x20\x20\x20\
\x20\x20\x20\x20\x20\x20\x20\x20\x20\x20\x20\x20\x20\x20\x20\x20\
\x20\x20\x20\x20\x20\x20\x20\x20\x20\x20\x20\x20\x20\x20\x20\x20\
\x20\x20\x20\x20\x20\x0a\x20\x20\x20\x20\x20\x20\x20\x20\x20\x20\
\x20\x20\x20\x20\x20\x20\x20\x20\x20\x20\x20\x20\x20\x20\x20\x20\
\x20\x20\x20\x20\x20\x20\x20\x20\x20\x20\x20\x20\x20\x20\x20\x20\
\x20\x20\x20\x20\x20\x20\x20\x20\x20\x20\x20\x20\x20\x20\x20\x20\
\x20\x20\x20\x20\x20\x20\x20\x20\x20\x20\x20\x20\x20\x20\x20\x20\
\x20\x20\x20\x20\x20\x20\x20\x20\x20\x20\x20\x20\x20\x20\x20\x20\
\x20\x20\x20\x20\x20\x20\x20\x20\x20\x20\x0a\x20\x20\x20\x20\x20\
\x20\x20\x20\x20\x20\x20\x20\x20\x20\x20\x20\x20\x20\x20\x20\x20\
\x20\x20\x20\x20\x20\x20\x20\x20\x20\x20\x20\x20\x20\x20\x20\x20\
\x20\x20\x20\x20\x20\x20\x20\x20\x20\x20\x20\x20\x20\x20\x20\x20\
\x20\x20\x20\x20\x20\x20\x20\x20\x20\x20\x20\x20\x20\x20\x20\x20\
\x20\x20\x20\x20\x20\x20\x20\x20\x20\x20\x20\x20\x20\x20\x20\x20\
\x20\x20\x20\x20\x20\x20\x20\x20\x20\x20\x20\x20\x20\x20\x20\x0a\
\x20\x20\x20\x20\x20\x20\x20\x20\x20\x20\x20\x20\x20\x20\x20\x20\
\x20\x20\x20\x20\x20\x20\x20\x20\x20\x20\x20\x20\x20\x20\x20\x20\
\x20\x20\x20\x20\x20\x20\x20\x20\x20\x20\x20\x20\x20\x20\x20\x20\
\x20\x20\x20\x20\x20\x20\x20\x20\x20\x20\x20\x20\x20\x20\x20\x20\
\x20\x20\x20\x20\x20\x20\x20\x20\x20\x20\x20\x20\x20\x20\x20\x20\
\x20\x20\x20\x20\x20\x20\x20\x20\x20\x20\x20\x20\x20\x20\x20\x20\
\x20\x20\x20\x20\x0a\x20\x20\x20\x20\x20\x20\x20\x20\x20\x20\x20\
\x20\x20\x20\x20\x20\x20\x20\x20\x20\x20\x20\x20\x20\x20\x20\x20\
\x20\x20\x20\x20\x20\x20\x20\x20\x20\x20\x20\x20\x20\x20\x20\x20\
\x20\x20\x20\x20\x20\x20\x20\x20\x20\x20\x20\x20\x20\x20\x20\x20\
\x20\x20\x20\x20\x20\x20\x20\x20\x20\x20\x20\x20\x20\x20\x20\x20\
\x20\x20\x20\x20\x20\x20\x20\x20\x20\x20\x20\x20\x20\x20\x20\x20\
\x20\x20\x20\x20\x20\x20\x20\x20\x20\x0a\x20\x20\x20\x20\x20\x20\
\x20\x20\x20\x20\x20\x20\x20\x20\x20\x20\x20\x20\x20\x20\x20\x20\
\x20\x20\x20\x20\x20\x20\x20\x20\x20\x20\x20\x20\x20\x20\x20\x20\
\x20\x20\x20\x20\x20\x20\x20\x20\x20\x20\x20\x20\x20\x20\x20\x20\
\x20\x20\x20\x20\x20\x20\x20\x20\x20\x20\x20\x20\x20\x20\x20\x20\
\x20\x20\x20\x20\x20\x20\x20\x20\x20\x20\x20\x20\x20\x20\x20\x20\
\x20\x20\x20\x20\x20\x20\x20\x20\x20\x20\x20\x20\x20\x20\x0a\x20\
\x20\x20\x20\x20\x20\x20\x20\x20\x20\x20\x20\x20\x20\x20\x20\x20\
\x20\x20\x20\x20\x20\x20\x20\x20\x20\x20\x0a\x3c\x3f\x78\x70\x61\
\x63\x6b\x65\x74\x20\x65\x6e\x64\x3d\x22\x77\x22\x3f\x3e\x52\xd7\
\xf8\x53\x00\x00\x00\x06\x62\x4b\x47\x44\x00\x00\x00\x00\x00\x00\
\xf9\x43\xbb\x7f\x00\x00\x00\x09\x70\x48\x59\x73\x00\x00\x16\x25\
\x00\x00\x16\x25\x01\x49\x52\x24\xf0\x00\x00\x00\x07\x74\x49\x4d\
\x45\x07\xe8\x0b\x0a\x0d\x05\x0c\x52\xb7\xc9\x07\x00\x00\x00\x12\
\x74\x45\x58\x74\x43\x6f\x6d\x6d\x65\x6e\x74\x00\x53\x63\x72\x65\
\x65\x6e\x73\x68\x6f\x74\xfb\x11\xab\x0a\x00\x00\x01\x27\x49\x44\
\x41\x54\x68\xde\xed\x92\x5d\x4a\xc4\x30\x18\x45\x4f\x32\xfd\x92\
\x76\xc6\x3a\x82\xf8\xa6\xdb\x70\x05\xee\x7f\x23\x82\x82\x7f\x6d\
\x93\xb4\xf5\xa1\x11\xc6\xd1\x0d\x88\xf7\xc0\xc7\xbd\x09\x21\xc9\
\xc3\x71\xf7\xd7\x0f\xab\x0f\x47\x5c\x3c\xe2\xed\x12\x1f\x7a\x5c\
\xe8\x71\xf1\x80\xb3\x0b\x08\x07\xb0\x03\x84\x0e\xc2\x9e\x35\x44\
\x56\xeb\x58\x2d\xb2\x58\x60\x09\x91\xc5\x8c\x39\x18\xc5\x1a\xb2\
\xed\x28\x06\x83\xc1\xab\xc1\xb3\x01\x01\xb0\x3a\x01\x68\x66\xb0\
\x02\x96\x4f\x26\x41\x93\xc1\x26\x68\x12\xec\xd2\xf7\xf4\x79\xeb\
\xbb\xa9\xf6\x11\xfc\x04\x7e\x00\x3f\x6e\xe9\x46\xf0\x1f\xe0\x06\
\xe0\x0d\x18\x80\x17\x6e\x79\xe3\x8e\x27\x6e\x78\xe4\x8a\x91\x1e\
\xe8\x81\x16\xd8\x03\xed\x0a\xdd\x0c\xed\x02\xdd\x02\x71\x81\x76\
\x86\x58\xb6\xb4\xda\x43\x81\x30\x43\xc8\x5b\x6f\xca\xf6\xe5\xa6\
\x76\x97\x81\xf3\x49\x35\xa7\xda\x53\xed\xd3\x59\xff\x5a\x8f\x27\
\xfb\x09\xd6\x09\xe6\x04\x73\xde\x32\xa7\x2d\xcb\x04\x65\x84\xf2\
\x0e\xb9\xfc\x7c\x2e\x9f\x3c\x97\x7e\xb9\x7e\xac\x67\x3c\xe2\x5f\
\x23\x01\x24\x80\x90\x00\x42\x02\x08\x09\x20\x24\x80\x90\x00\x42\
\x02\x08\x09\x20\x24\x80\x90\x00\x42\x02\x08\x09\x20\x24\x80\x90\
\x00\x42\x02\x08\x09\x20\x24\x80\x90\x00\x42\x02\x08\x09\x20\x24\
\x80\xf8\xeb\x7c\x02\xe9\xff\x77\xb7\x6c\x94\x89\x57\x00\x00\x00\
\x00\x49\x45\x4e\x44\xae\x42\x60\x82\
\x00\x00\x11\x58\
\x89\
\x50\x4e\x47\x0d\x0a\x1a\x0a\x00\x00\x00\x0d\x49\x48\x44\x52\x00\
\x00\x00\x80\x00\x00\x00\x18\x08\x06\x00\x00\x00\x32\x0b\xf5\xe5\
\x00\x00\x00\xc4\x7a\x54\x58\x74\x52\x61\x77\x20\x70\x72\x6f\x66\
\x69\x6c\x65\x20\x74\x79\x70\x65\x20\x65\x78\x69\x66\x00\x00\x78\
\xda\x6d\x50\xdb\x0d\xc3\x20\x0c\xfc\xf7\x14\x1d\xc1\x2f\x08\x8c\
\x43\x1a\x2a\x75\x83\x8e\x5f\x83\x4d\x95\x44\x3d\x89\xc3\xf8\xcc\
\x61\x0c\xfd\xf3\x7e\xc1\x63\x80\x49\x41\xd3\x56\x72\xcd\x19\x0d\
\x5a\xb5\x72\xb3\xa0\xa0\xa3\x4d\x26\xd4\xc9\x13\x4b\xb2\xf3\x25\
\x0f\xb4\x14\xb6\x94\xd8\x2e\x71\x21\x47\xfd\xca\xd3\xcf\xc0\xb7\
\x66\x51\x3a\x19\x95\x67\x08\xfb\x55\xa8\x1a\xfe\xe5\x66\x14\x0f\
\xc9\xe8\x88\x2d\x38\xc2\xa8\x86\x91\xb0\x0b\x14\x06\xcd\xbf\x85\
\xb9\x96\xed\xfc\x85\xbd\xe3\x15\xc5\x17\x0c\x62\x2f\x1d\x5d\x79\
\x17\xb7\xb3\x6e\x36\xbd\x23\xd9\x3b\xc2\xdc\x85\x04\x8d\x45\xd4\
\x1b\x90\xb1\x14\xa4\x99\x40\x93\x47\x21\x89\x5a\x8c\x92\x9c\xa3\
\x13\x1b\xc8\xbf\x39\x2d\xc0\x17\x1a\x8f\x59\x76\xc1\xb3\xed\x0b\
\x00\x00\x01\x84\x69\x43\x43\x50\x49\x43\x43\x20\x70\x72\x6f\x66\
\x69\x6c\x65\x00\x00\x78\x9c\x7d\x91\x3d\x48\xc3\x40\x1c\xc5\x5f\
\xd3\x4a\xa5\xb6\x38\xd8\x41\xc4\x21\x43\x75\xb2\x8b\x8a\x38\xd6\
\x2a\x14\xa1\x42\xa8\x15\x5a\x75\x30\xb9\xf4\x0b\x9a\xb4\x24\x29\
\x2e\x8e\x82\x6b\xc1\xc1\x8f\xc5\xaa\x83\x8b\xb3\xae\x0e\xae\x82\
\x20\xf8\x01\xe2\xec\xe0\xa4\xe8\x22\x25\xfe\x2f\x29\xb4\x88\xf1\
\xe0\xb8\x1f\xef\xee\x3d\xee\xde\x01\x42\xab\xca\x34\x33\x90\x00\
\x34\xdd\x32\x32\xa9\xa4\x98\xcb\xaf\x8a\xc1\x57\x0c\x20\x84\x08\
\xfc\x08\xc8\xcc\xac\xcf\x49\x52\x1a\x9e\xe3\xeb\x1e\x3e\xbe\xde\
\xc5\x79\x96\xf7\xb9\x3f\x47\x44\x2d\x98\x0c\xf0\x89\xc4\x09\x56\
\x37\x2c\xe2\x0d\xe2\x99\x4d\xab\xce\x79\x9f\x38\xca\xca\xb2\x4a\
\x7c\x4e\x3c\x61\xd0\x05\x89\x1f\xb9\xae\xb8\xfc\xc6\xb9\xe4\xb0\
\xc0\x33\xa3\x46\x36\x33\x4f\x1c\x25\x16\x4b\x3d\xac\xf4\x30\x2b\
\x1b\x1a\xf1\x34\x71\x4c\xd5\x74\xca\x17\x72\x2e\xab\x9c\xb7\x38\
\x6b\xd5\x06\xeb\xdc\x93\xbf\x30\x5c\xd0\x57\x96\xb9\x4e\x73\x14\
\x29\x2c\x62\x09\x12\x44\x28\x68\xa0\x82\x2a\x2c\xc4\x69\xd5\x49\
\x31\x91\xa1\xfd\xa4\x87\x7f\xc4\xf1\x4b\xe4\x52\xc8\x55\x01\x23\
\xc7\x02\x6a\xd0\x20\x3b\x7e\xf0\x3f\xf8\xdd\xad\x59\x9c\x9a\x74\
\x93\xc2\x49\xa0\xef\xc5\xb6\x3f\xc6\x80\xe0\x2e\xd0\x6e\xda\xf6\
\xf7\xb1\x6d\xb7\x4f\x00\xff\x33\x70\xa5\x77\xfd\xb5\x16\x30\xfb\
\x49\x7a\xb3\xab\xc5\x8e\x80\xc1\x6d\xe0\xe2\xba\xab\x29\x7b\xc0\
\xe5\x0e\x30\xfc\x54\x97\x0d\xd9\x91\xfc\x34\x85\x62\x11\x78\x3f\
\xa3\x6f\xca\x03\x43\xb7\x40\x68\xcd\xed\xad\xb3\x8f\xd3\x07\x20\
\x4b\x5d\xa5\x6f\x80\x83\x43\x60\xbc\x44\xd9\xeb\x1e\xef\xee\xef\
\xed\xed\xdf\x33\x9d\xfe\x7e\x00\x04\x7e\x72\x7a\x94\x27\xeb\x40\
\x00\x00\x0d\x7a\x69\x54\x58\x74\x58\x4d\x4c\x3a\x63\x6f\x6d\x2e\
\x61\x64\x6f\x62\x65\x2e\x78\x6d\x70\x00\x00\x00\x00\x00\x3c\x3f\
\x78\x70\x61\x63\x6b\x65\x74\x20\x62\x65\x67\x69\x6e\x3d\x22\xef\
\xbb\xbf\x22\x20\x69\x64\x3d\x22\x57\x35\x4d\x30\x4d\x70\x43\x65\
\x68\x69\x48\x7a\x72\x65\x53\x7a\x4e\x54\x63\x7a\x6b\x63\x39\x64\
\x22\x3f\x3e\x0a\x3c\x78\x3a\x78\x6d\x70\x6d\x65\x74\x61\x20\x78\
\x6d\x6c\x6e\x73\x3a\x78\x3d\x22\x61\x64\x6f\x62\x65\x3a\x6e\x73\
\x3a\x6d\x65\x74\x61\x2f\x22\x20\x78\x3a\x78\x6d\x70\x74\x6b\x3d\
\x22\x58\x4d\x50\x20\x43\x6f\x72\x65\x20\x34\x2e\x34\x2e\x30\x2d\
\x45\x78\x69\x76\x32\x22\x3e\x0a\x20\x3c\x72\x64\x66\x3a\x52\x44\
\x46\x20\x78\x6d\x6c\x6e\x73\x3a\x72\x64\x66\x3d\x22\x68\x74\x74\
\x70\x3a\x2f\x2f\x77\x77\x77\x2e\x77\x33\x2e\x6f\x72\x67\x2f\x31\
\x39\x39\x39\x2f\x30\x32\x2f\x32\x32\x2d\x72\x64\x66\x2d\x73\x79\
\x6e\x74\x61\x78\x2d\x6e\x73\x23\x22\x3e\x0a\x20\x20\x3c\x72\x64\
\x66\x3a\x44\x65\x73\x63\x72\x69\x70\x74\x69\x6f\x6e\x20\x72\x64\
\x66\x3a\x61\x62\x6f\x75\x74\x3d\x22\x22\x0a\x20\x20\x20\x20\x78\
\x6d\x6c\x6e\x73\x3a\x78\x6d\x70\x4d\x4d\x3d\x22\x68\x74\x74\x70\
\x3a\x2f\x2f\x6e\x73\x2e\x61\x64\x6f\x62\x65\x2e\x63\x6f\x6d\x2f\
\x78\x61\x70\x2f\x31\x2e\x30\x2f\x6d\x6d\x2f\x22\x0a\x20\x20\x20\
\x20\x78\x6d\x6c\x6e\x73\x3a\x73\x74\x45\x76\x74\x3d\x22\x68\x74\
\x74\x70\x3a\x2f\x2f\x6e\x73\x2e\x61\x64\x6f\x62\x65\x2e\x63\x6f\
\x6d\x2f\x78\x61\x70\x2f\x31\x2e\x30\x2f\x73\x54\x79\x70\x65\x2f\
\x52\x65\x73\x6f\x75\x72\x63\x65\x45\x76\x65\x6e\x74\x23\x22\x0a\
\x20\x20\x20\x20\x78\x6d\x6c\x6e\x73\x3a\x47\x49\x4d\x50\x3d\x22\
\x68\x74\x74\x70\x3a\x2f\x2f\x77\x77\x77\x2e\x67\x69\x6d\x70\x2e\
\x6f\x72\x67\x2f\x78\x6d\x70\x2f\x22\x0a\x20\x20\x20\x20\x78\x6d\
\x6c\x6e\x73\x3a\x64\x63\x3d\x22\x68\x74\x74\x70\x3a\x2f\x2f\x70\
\x75\x72\x6c\x2e\x6f\x72\x67\x2f\x64\x63\x2f\x65\x6c\x65\x6d\x65\
\x6e\x74\x73\x2f\x31\x2e\x31\x2f\x22\x0a\x20\x20\x20\x20\x78\x6d\
\x6c\x6e\x73\x3a\x74\x69\x66\x66\x3d\x22\x68\x74\x74\x70\x3a\x2f\
\x2f\x6e\x73\x2e\x61\x64\x6f\x62\x65\x2e\x63\x6f\x6d\x2f\x74\x69\
\x66\x66\x2f\x31\x2e\x30\x2f\x22\x0a\x20\x20\x20\x20\x78\x6d\x6c\
\x6e\x73\x3a\x78\x6d\x70\x3d\x22\x68\x74\x74\x70\x3a\x2f\x2f\x6e\
\x73\x2e\x61\x64\x6f\x62\x65\x2e\x63\x6f\x6d\x2f\x78\x61\x70\x2f\
\x31\x2e\x30\x2f\x22\x0a\x20\x20\x20\x78\x6d\x70\x4d\x4d\x3a\x44\
\x6f\x63\x75\x6d\x65\x6e\x74\x49\x44\x3d\x22\x67\x69\x6d\x70\x3a\
\x64\x6f\x63\x69\x64\x3a\x67\x69\x6d\x70\x3a\x35\x33\x36\x63\x61\
\x34\x33\x33\x2d\x33\x39\x32\x35\x2d\x34\x35\x64\x30\x2d\x62\x62\
\x36\x33\x2d\x35\x61\x36\x62\x36\x35\x38\x39\x39\x30\x63\x37\x22\
\x0a\x20\x20\x20\x78\x6d\x70\x4d\x4d\x3a\x49\x6e\x73\x74\x61\x6e\
\x63\x65\x49\x44\x3d\x22\x78\x6d\x70\x2e\x69\x69\x64\x3a\x65\x61\
\x62\x64\x39\x65\x39\x35\x2d\x66\x65\x35\x62\x2d\x34\x61\x66\x66\
\x2d\x61\x63\x63\x34\x2d\x35\x39\x35\x32\x39\x34\x65\x32\x62\x32\
\x62\x33\x22\x0a\x20\x20\x20\x78\x6d\x70\x4d\x4d\x3a\x4f\x72\x69\
\x67\x69\x6e\x61\x6c\x44\x6f\x63\x75\x6d\x65\x6e\x74\x49\x44\x3d\
\x22\x78\x6d\x70\x2e\x64\x69\x64\x3a\x31\x35\x35\x30\x30\x37\x34\
\x36\x2d\x32\x39\x61\x32\x2d\x34\x34\x32\x66\x2d\x61\x38\x63\x61\
\x2d\x31\x65\x31\x62\x32\x38\x65\x31\x65\x30\x61\x33\x22\x0a\x20\
\x20\x20\x47\x49\x4d\x50\x3a\x41\x50\x49\x3d\x22\x32\x2e\x30\x22\
\x0a\x20\x20\x20\x47\x49\x4d\x50\x3a\x50\x6c\x61\x74\x66\x6f\x72\
\x6d\x3d\x22\x4d\x61\x63\x20\x4f\x53\x22\x0a\x20\x20\x20\x47\x49\
\x4d\x50\x3a\x54\x69\x6d\x65\x53\x74\x61\x6d\x70\x3d\x22\x31\x37\
\x33\x31\x32\x34\x33\x39\x30\x36\x32\x32\x39\x35\x37\x33\x22\x0a\
\x20\x20\x20\x47\x49\x4d\x50\x3a\x56\x65\x72\x73\x69\x6f\x6e\x3d\
\x22\x32\x2e\x31\x30\x2e\x33\x34\x22\x0a\x20\x20\x20\x64\x63\x3a\
\x46\x6f\x72\x6d\x61\x74\x3d\x22\x69\x6d\x61\x67\x65\x2f\x70\x6e\
\x67\x22\x0a\x20\x20\x20\x74\x69\x66\x66\x3a\x4f\x72\x69\x65\x6e\
\x74\x61\x74\x69\x6f\x6e\x3d\x22\x31\x22\x0a\x20\x20\x20\x78\x6d\
\x70\x3a\x43\x72\x65\x61\x74\x6f\x72\x54\x6f\x6f\x6c\x3d\x22\x47\
\x49\x4d\x50\x20\x32\x2e\x31\x30\x22\x0a\x20\x20\x20\x78\x6d\x70\
\x3a\x4d\x65\x74\x61\x64\x61\x74\x61\x44\x61\x74\x65\x3d\x22\x32\
\x30\x32\x34\x3a\x31\x31\x3a\x31\x30\x54\x31\x34\x3a\x30\x35\x3a\
\x30\x35\x2b\x30\x31\x3a\x30\x30\x22\x0a\x20\x20\x20\x78\x6d\x70\
\x3a\x4d\x6f\x64\x69\x66\x79\x44\x61\x74\x65\x3d\x22\x32\x30\x32\
\x34\x3a\x31\x31\x3a\x31\x30\x54\x31\x34\x3a\x30\x35\x3a\x30\x35\
\x2b\x30\x31\x3a\x30\x30\x22\x3e\x0a\x20\x20\x20\x3c\x78\x6d\x70\
\x4d\x4d\x3a\x48\x69\x73\x74\x6f\x72\x79\x3e\x0a\x20\x20\x20\x20\
\x3c\x72\x64\x66\x3a\x53\x65\x71\x3e\x0a\x20\x20\x20\x20\x20\x3c\
\x72\x64\x66\x3a\x6c\x69\x0a\x20\x20\x20\x20\x20\x20\x73\x74\x45\
\x76\x74\x3a\x61\x63\x74\x69\x6f\x6e\x3d\x22\x73\x61\x76\x65\x64\
\x22\x0a\x20\x20\x20\x20\x20\x20\x73\x74\x45\x76\x74\x3a\x63\x68\
\x61\x6e\x67\x65\x64\x3d\x22\x2f\x22\x0a\x20\x20\x20\x20\x20\x20\
\x73\x74\x45\x76\x74\x3a\x69\x6e\x73\x74\x61\x6e\x63\x65\x49\x44\
\x3d\x22\x78\x6d\x70\x2e\x69\x69\x64\x3a\x62\x65\x66\x38\x33\x35\
\x37\x33\x2d\x65\x33\x39\x36\x2d\x34\x35\x38\x39\x2d\x38\x64\x63\
\x34\x2d\x65\x61\x34\x63\x64\x36\x64\x66\x61\x63\x31\x63\x22\x0a\
\x20\x20\x20\x20\x20\x20\x73\x74\x45\x76\x74\x3a\x73\x6f\x66\x74\
\x77\x61\x72\x65\x41\x67\x65\x6e\x74\x3d\x22\x47\x69\x6d\x70\x20\
\x32\x2e\x31\x30\x20\x28\x4d\x61\x63\x20\x4f\x53\x29\x22\x0a\x20\
\x20\x20\x20\x20\x20\x73\x74\x45\x76\x74\x3a\x77\x68\x65\x6e\x3d\
\x22\x32\x30\x32\x34\x2d\x31\x31\x2d\x31\x30\x54\x31\x34\x3a\x30\
\x35\x3a\x30\x36\x2b\x30\x31\x3a\x30\x30\x22\x2f\x3e\x0a\x20\x20\
\x20\x20\x3c\x2f\x72\x64\x66\x3a\x53\x65\x71\x3e\x0a\x20\x20\x20\
\x3c\x2f\x78\x6d\x70\x4d\x4d\x3a\x48\x69\x73\x74\x6f\x72\x79\x3e\
\x0a\x20\x20\x3c\x2f\x72\x64\x66\x3a\x44\x65\x73\x63\x72\x69\x70\
\x74\x69\x6f\x6e\x3e\x0a\x20\x3c\x2f\x72\x64\x66\x3a\x52\x44\x46\
\x3e\x0a\x3c\x2f\x78\x3a\x78\x6d\x70\x6d\x65\x74\x61\x3e\x0a\x20\
\x20\x20\x20\x20\x20\x20\x20\x20\x20\x20\x20\x20\x20\x20\x20\x20\
\x20\x20\x20\x20\x20\x20\x20\x20\x20\x20\x20\x20\x20\x20\x20\x20\
\x20\x20\x20\x20\x20\x20\x20\x20\x20\x20\x20\x20\x20\x20\x20\x20\
\x20\x20\x20\x20\x20\x20\x20\x20\x20\x20\x20\x20\x20\x20\x20\x20\
\x20\x20\x20\x20\x20\x20\x20\x20\x20\x20\x20\x20\x20\x20\x20\x20\
\x20\x20\x20\x20\x20\x20\x20\x20\x20\x20\x20\x20\x20\x20\x20\x20\
\x20\x20\x20\x0a\x20\x20\x20\x20\x20\x20\x20\x20\x20\x20\x20\x20\
\x20\x20\x20\x20\x20\x20\x20\x20\x20\x20\x20\x20\x20\x20\x20\x20\
\x20\x20\x20\x20\x20\x20\x20\x20\x20\x20\x20\x20\x20\x20\x20\x20\
\x20\x20\x20\x20\x20\x20\x20\x20\x20\x20\x20\x20\x20\x20\x20\x20\
\x20\x20\x20\x20\x20\x20\x20\x20\x20\x20\x20\x20\x20\x20\x20\x20\
\x20\x20\x20\x20\x20\x20\x20\x20\x20\x20\x20\x20\x20\x20\x20\x20\
\x20\x20\x20\x20\x20\x20\x20\x20\x0a\x20\x20\x20\x20\x20\x20\x20\
\x20\x20\x20\x20\x20\x20\x20\x20\x20\x20\x20\x20\x20\x20\x20\x20\
\x20\x20\x20\x20\x20\x20\x20\x20\x20\x20\x20\x20\x20\x20\x20\x20\
\x20\x20\x20\x20\x20\x20\x20\x20\x20\x20\x20\x20\x20\x20\x20\x20\
\x20\x20\x20\x20\x20\x20\x20\x20\x20\x20\x20\x20\x20\x20\x20\x20\
\x20\x20\x20\x20\x20\x20\x20\x20\x20\x20\x20\x20\x20\x20\x20\x20\
\x20\x20\x20\x20\x20\x20\x20\x20\x20\x20\x20\x20\x20\x0a\x20\x20\
\x20\x20\x20\x20\x20\x20\x20\x20\x20\x20\x20\x20\x20\x20\x20\x20\
\x20\x20\x20\x20\x20\x20\x20\x20\x20\x20\x20\x20\x20\x20\x20\x20\
\x20\x20\x20\x20\x20\x20\x20\x20\x20\x20\x20\x20\x20\x20\x20\x20\
\x20\x20\x20\x20\x20\x20\x20\x20\x20\x20\x20\x20\x20\x20\x20\x20\
\x20\x20\x20\x20\x20\x20\x20\x20\x20\x20\x20\x20\x20\x20\x20\x20\
\x20\x20\x20\x20\x20\x20\x20\x20\x20\x20\x20\x20\x20\x20\x20\x20\
\x20\x20\x0a\x20\x20\x20\x20\x20\x20\x20\x20\x20\x20\x20\x20\x20\
\x20\x20\x20\x20\x20\x20\x20\x20\x20\x20\x20\x20\x20\x20\x20\x20\
\x20\x20\x20\x20\x20\x20\x20\x20\x20\x20\x20\x20\x20\x20\x20\x20\
\x20\x20\x20\x20\x20\x20\x20\x20\x20\x20\x20\x20\x20\x20\x20\x20\
\x20\x20\x20\x20\x20\x20\x20\x20\x20\x20\x20\x20\x20\x20\x20\x20\
\x20\x20\x20\x20\x20\x20\x20\x20\x20\x20\x20\x20\x20\x20\x20\x20\
\x20\x20\x20\x20\x20\x20\x20\x0a\x20\x20\x20\x20\x20\x20\x20\x20\
\x20\x20\x20\x20\x20\x20\x20\x20\x20\x20\x20\x20\x20\x20\x20\x20\
\x20\x20\x20\x20\x20\x20\x20\x20\x20\x20\x20\x20\x20\x20\x20\x20\
\x20\x20\x20\x20\x20\x20\x20\x20\x20\x20\x20\x20\x20\x20\x20\x20\
\x20\x20\x20\x20\x20\x20\x20\x20\x20\x20\x20\x20\x20\x20\x20\x20\
\x20\x20\x20\x20\x20\x20\x20\x20\x20\x20\x20\x20\x20\x20\x20\x20\
\x20\x20\x20\x20\x20\x20\x20\x20\x20\x20\x20\x20\x0a\x20\x20\x20\
\x20\x20\x20\x20\x20\x20\x20\x20\x20\x20\x20\x20\x20\x20\x20\x20\
\x20\x20\x20\x20\x20\x20\x20\x20\x20\x20\x20\x20\x20\x20\x20\x20\
\x20\x20\x20\x20\x20\x20\x20\x20\x20\x20\x20\x20\x20\x20\x20\x20\
\x20\x20\x20\x20\x20\x20\x20\x20\x20\x20\x20\x20\x20\x20\x20\x20\
\x20\x20\x20\x20\x20\x20\x20\x20\x20\x20\x20\x20\x20\x20\x20\x20\
\x20\x20\x20\x20\x20\x20\x20\x20\x20\x20\x20\x20\x20\x20\x20\x20\
\x20\x0a\x20\x20\x20\x20\x20\x20\x20\x20\x20\x20\x20\x20\x20\x20\
\x20\x20\x20\x20\x20\x20\x20\x20\x20\x20\x20\x20\x20\x20\x20\x20\
\x20\x20\x20\x20\x20\x20\x20\x20\x20\x20\x20\x20\x20\x20\x20\x20\
\x20\x20\x20\x20\x20\x20\x20\x20\x20\x20\x20\x20\x20\x20\x20\x20\
\x20\x20\x20\x20\x20\x20\x20\x20\x20\x20\x20\x20\x20\x20\x20\x20\
\x20\x20\x20\x20\x20\x20\x20\x20\x20\x20\x20\x20\x20\x20\x20\x20\
\x20\x20\x20\x20\x20\x20\x0a\x20\x20\x20\x20\x20\x20\x20\x20\x20\
\x20\x20\x20\x20\x20\x20\x20\x20\x20\x20\x20\x20\x20\x20\x20\x20\
\x20\x20\x20\x20\x20\x20\x20\x20\x20\x20\x20\x20\x20\x20\x20\x20\
\x20\x20\x20\x20\x20\x20\x20\x20\x20\x20\x20\x20\x20\x20\x20\x20\
\x20\x20\x20\x20\x20\x20\x20\x20\x20\x20\x20\x20\x20\x20\x20\x20\
\x20\x20\x20\x20\x20\x20\x20\x20\x20\x20\x20\x20\x20\x20\x20\x20\
\x20\x20\x20\x20\x20\x20\x20\x20\x20\x20\x20\x0a\x20\x20\x20\x20\
\x20\x20\x20\x20\x20\x20\x20\x20\x20\x20\x20\x20\x20\x20\x20\x20\
\x20\x20\x20\x20\x20\x20\x20\x20\x20\x20\x20\x20\x20\x20\x20\x20\
\x20\x20\x20\x20\x20\x20\x20\x20\x20\x20\x20\x20\x20\x20\x20\x20\
\x20\x20\x20\x20\x20\x20\x20\x20\x20\x20\x20\x20\x20\x20\x20\x20\
\x20\x20\x20\x20\x20\x20\x20\x20\x20\x20\x20\x20\x20\x20\x20\x20\
\x20\x20\x20\x20\x20\x20\x20\x20\x20\x20\x20\x20\x20\x20\x20\x20\
\x0a\x20\x20\x20\x20\x20\x20\x20\x20\x20\x20\x20\x20\x20\x20\x20\
\x20\x20\x20\x20\x20\x20\x20\x20\x20\x20\x20\x20\x20\x20\x20\x20\
\x20\x20\x20\x20\x20\x20\x20\x20\x20\x20\x20\x20\x20\x20\x20\x20\
\x20\x20\x20\x20\x20\x20\x20\x20\x20\x20\x20\x20\x20\x20\x20\x20\
\x20\x20\x20\x20\x20\x20\x20\x20\x20\x20\x20\x20\x20\x20\x20\x20\
\x20\x20\x20\x20\x20\x20\x20\x20\x20\x20\x20\x20\x20\x20\x20\x20\
\x20\x20\x20\x20\x20\x0a\x20\x20\x20\x20\x20\x20\x20\x20\x20\x20\
\x20\x20\x20\x20\x20\x20\x20\x20\x20\x20\x20\x20\x20\x20\x20\x20\
\x20\x20\x20\x20\x20\x20\x20\x20\x20\x20\x20\x20\x20\x20\x20\x20\
\x20\x20\x20\x20\x20\x20\x20\x20\x20\x20\x20\x20\x20\x20\x20\x20\
\x20\x20\x20\x20\x20\x20\x20\x20\x20\x20\x20\x20\x20\x20\x20\x20\
\x20\x20\x20\x20\x20\x20\x20\x20\x20\x20\x20\x20\x20\x20\x20\x20\
\x20\x20\x20\x20\x20\x20\x20\x20\x20\x20\x0a\x20\x20\x20\x20\x20\
\x20\x20\x20\x20\x20\x20\x20\x20\x20\x20\x20\x20\x20\x20\x20\x20\
\x20\x20\x20\x20\x20\x20\x20\x20\x20\x20\x20\x20\x20\x20\x20\x20\
\x20\x20\x20\x20\x20\x20\x20\x20\x20\x20\x20\x20\x20\x20\x20\x20\
\x20\x20\x20\x20\x20\x20\x20\x20\x20\x20\x20\x20\x20\x20\x20\x20\
\x20\x20\x20\x20\x20\x20\x20\x20\x20\x20\x20\x20\x20\x20\x20\x20\
\x20\x20\x20\x20\x20\x20\x20\x20\x20\x20\x20\x20\x20\x20\x20\x0a\
\x20\x20\x20\x20\x20\x20\x20\x20\x20\x20\x20\x20\x20\x20\x20\x20\
\x20\x20\x20\x20\x20\x20\x20\x20\x20\x20\x20\x20\x20\x20\x20\x20\
\x20\x20\x20\x20\x20\x20\x20\x20\x20\x20\x20\x20\x20\x20\x20\x20\
\x20\x20\x20\x20\x20\x20\x20\x20\x20\x20\x20\x20\x20\x20\x20\x20\
\x20\x20\x20\x20\x20\x20\x20\x20\x20\x20\x20\x20\x20\x20\x20\x20\
\x20\x20\x20\x20\x20\x20\x20\x20\x20\x20\x20\x20\x20\x20\x20\x20\
\x20\x20\x20\x20\x0a\x20\x20\x20\x20\x20\x20\x20\x20\x20\x20\x20\
\x20\x20\x20\x20\x20\x20\x20\x20\x20\x20\x20\x20\x20\x20\x20\x20\
\x20\x20\x20\x20\x20\x20\x20\x20\x20\x20\x20\x20\x20\x20\x20\x20\
\x20\x20\x20\x20\x20\x20\x20\x20\x20\x20\x20\x20\x20\x20\x20\x20\
\x20\x20\x20\x20\x20\x20\x20\x20\x20\x20\x20\x20\x20\x20\x20\x20\
\x20\x20\x20\x20\x20\x20\x20\x20\x20\x20\x20\x20\x20\x20\x20\x20\
\x20\x20\x20\x20\x20\x20\x20\x20\x20\x0a\x20\x20\x20\x20\x20\x20\
\x20\x20\x20\x20\x20\x20\x20\x20\x20\x20\x20\x20\x20\x20\x20\x20\
\x20\x20\x20\x20\x20\x20\x20\x20\x20\x20\x20\x20\x20\x20\x20\x20\
\x20\x20\x20\x20\x20\x20\x20\x20\x20\x20\x20\x20\x20\x20\x20\x20\
\x20\x20\x20\x20\x20\x20\x20\x20\x20\x20\x20\x20\x20\x20\x20\x20\
\x20\x20\x20\x20\x20\x20\x20\x20\x20\x20\x20\x20\x20\x20\x20\x20\
\x20\x20\x20\x20\x20\x20\x20\x20\x20\x20\x20\x20\x20\x20\x0a\x20\
\x20\x20\x20\x20\x20\x20\x20\x20\x20\x20\x20\x20\x20\x20\x20\x20\
\x20\x20\x20\x20\x20\x20\x20\x20\x20\x20\x20\x20\x20\x20\x20\x20\
\x20\x20\x20\x20\x20\x20\x20\x20\x20\x20\x20\x20\x20\x20\x20\x20\
\x20\x20\x20\x20\x20\x20\x20\x20\x20\x20\x20\x20\x20\x20\x20\x20\
\x20\x20\x20\x20\x20\x20\x20\x20\x20\x20\x20\x20\x20\x20\x20\x20\
\x20\x20\x20\x20\x20\x20\x20\x20\x20\x20\x20\x20\x20\x20\x20\x20\
\x20\x20\x20\x0a\x20\x20\x20\x20\x20\x20\x20\x20\x20\x20\x20\x20\
\x20\x20\x20\x20\x20\x20\x20\x20\x20\x20\x20\x20\x20\x20\x20\x20\
\x20\x20\x20\x20\x20\x20\x20\x20\x20\x20\x20\x20\x20\x20\x20\x20\
\x20\x20\x20\x20\x20\x20\x20\x20\x20\x20\x20\x20\x20\x20\x20\x20\
\x20\x20\x20\x20\x20\x20\x20\x20\x20\x20\x20\x20\x20\x20\x20\x20\
\x20\x20\x20\x20\x20\x20\x20\x20\x20\x20\x20\x20\x20\x20\x20\x20\
\x20\x20\x20\x20\x20\x20\x20\x20\x0a\x20\x20\x20\x20\x20\x20\x20\
\x20\x20\x20\x20\x20\x20\x20\x20\x20\x20\x20\x20\x20\x20\x20\x20\
\x20\x20\x20\x20\x20\x20\x20\x20\x20\x20\x20\x20\x20\x20\x20\x20\
\x20\x20\x20\x20\x20\x20\x20\x20\x20\x20\x20\x20\x20\x20\x20\x20\
\x20\x20\x20\x20\x20\x20\x20\x20\x20\x20\x20\x20\x20\x20\x20\x20\
\x20\x20\x20\x20\x20\x20\x20\x20\x20\x20\x20\x20\x20\x20\x20\x20\
\x20\x20\x20\x20\x20\x20\x20\x20\x20\x20\x20\x20\x20\x0a\x20\x20\
\x20\x20\x20\x20\x20\x20\x20\x20\x20\x20\x20\x20\x20\x20\x20\x20\
\x20\x20\x20\x20\x20\x20\x20\x20\x20\x20\x20\x20\x20\x20\x20\x20\
\x20\x20\x20\x20\x20\x20\x20\x20\x20\x20\x20\x20\x20\x20\x20\x20\
\x20\x20\x20\x20\x20\x20\x20\x20\x20\x20\x20\x20\x20\x20\x20\x20\
\x20\x20\x20\x20\x20\x20\x20\x20\x20\x20\x20\x20\x20\x20\x20\x20\
\x20\x20\x20\x20\x20\x20\x20\x20\x20\x20\x20\x20\x20\x20\x20\x20\
\x20\x20\x0a\x20\x20\x20\x20\x20\x20\x20\x20\x20\x20\x20\x20\x20\
\x20\x20\x20\x20\x20\x20\x20\x20\x20\x20\x20\x20\x20\x20\x0a\x3c\
\x3f\x78\x70\x61\x63\x6b\x65\x74\x20\x65\x6e\x64\x3d\x22\x77\x22\
\x3f\x3e\x47\xfe\x46\xac\x00\x00\x00\x06\x62\x4b\x47\x44\x00\x00\
\x00\x00\x00\x00\xf9\x43\xbb\x7f\x00\x00\x00\x09\x70\x48\x59\x73\
\x00\x00\x0f\x61\x00\x00\x0f\x61\x01\xa8\x3f\xa7\x69\x00\x00\x00\
\x07\x74\x49\x4d\x45\x07\xe8\x0b\x0a\x0d\x05\x06\xb2\x62\x20\x19\
\x00\x00\x00\xff\x49\x44\x41\x54\x68\xde\xed\x92\x41\x6e\xc4\x30\
\x0c\x03\x69\xc9\xd9\xf4\xdc\x1f\xf6\xff\x3f\xb0\x28\xb9\x07\x7b\
\x93\x36\x3f\x28\xca\x01\x04\x09\x04\xa1\xd3\x34\x7c\x7e\xcd\xe6\
\x06\xb8\xa1\xf5\xb5\xaf\xe9\x06\xd8\x63\xbf\xbb\xcf\xde\xce\xda\
\xfe\xd3\xcc\xe0\x87\xc3\xdd\xe0\xee\xe8\xdd\xd0\xbb\xe1\xe8\x8e\
\xde\x1d\xc7\xbe\x5f\xd7\xd8\x7d\x1f\x77\x76\xee\xec\x7c\x74\x3e\
\xf6\x8f\x2b\xf7\xd5\x39\xdf\xb9\xdb\xce\xd7\x9c\xde\x70\x18\xf0\
\x32\xe0\x68\x13\x1d\x05\x9b\x09\x2f\xa2\x15\x81\x8c\x35\x0c\x4c\
\x06\x8a\x03\x95\x63\xdf\x81\x19\x03\x33\x89\xe4\x40\xf1\x47\xbe\
\x27\x19\x98\x79\x67\x95\x81\x49\xa2\xae\x3b\x50\xc9\xd5\xcf\x40\
\x91\xbf\xf2\x22\x31\x39\x50\x99\x28\x06\x32\x56\x27\x49\x70\x0c\
\x24\x13\x0c\x22\x22\x41\x26\xc8\x42\xc4\x44\x10\x20\x01\xe6\x9a\
\xdc\x9b\xb5\xf2\xac\x76\x65\xf7\x6e\xc8\x5a\x1d\x83\xf8\xd7\x48\
\x00\x09\x20\x24\x80\x90\x00\x42\x02\x08\x09\x20\x24\x80\x90\x00\
\x42\x02\x08\x09\x20\x24\x80\x90\x00\x42\x02\x08\x09\x20\x24\x80\
\x90\x00\x42\x02\x08\x09\x20\x24\x80\x90\x00\x42\x02\x08\x09\x20\
\xfe\x3a\xdf\x8f\xe9\xb0\x90\x03\x49\xe0\x5f\x00\x00\x00\x00\x49\
\x45\x4e\x44\xae\x42\x60\x82\
\x00\x00\x05\x13\
\x3c\
\x73\x76\x67\x20\x78\x6d\x6c\x6e\x73\x3d\x22\x68\x74\x74\x70\x3a\
\x2f\x2f\x77\x77\x77\x2e\x77\x33\x2e\x6f\x72\x67\x2f\x32\x30\x30\
\x30\x2f\x73\x76\x67\x22\x20\x77\x69\x64\x74\x68\x3d\x22\x32\x34\
\x22\x20\x68\x65\x69\x67\x68\x74\x3d\x22\x32\x34\x22\x20\x76\x65\
\x72\x73\x69\x6f\x6e\x3d\x22\x31\x2e\x31\x22\x20\x76\x69\x65\x77\
\x42\x6f\x78\x3d\x22\x30\x20\x30\x20\x32\x34\x20\x32\x34\x22\x3e\
\x0a\x20\x20\x3c\x67\x20\x74\x72\x61\x6e\x73\x66\x6f\x72\x6d\x3d\
\x22\x74\x72\x61\x6e\x73\x6c\x61\x74\x65\x28\x2d\x30\x29\x20\x73\
\x63\x61\x6c\x65\x28\x2e\x30\x34\x36\x38\x37\x35\x29\x22\x3e\x0a\
\x20\x20\x20\x20\x3c\x64\x65\x66\x73\x20\x69\x64\x3d\x22\x62\x22\
\x3e\x0a\x20\x20\x20\x20\x20\x20\x3c\x63\x6c\x69\x70\x50\x61\x74\
\x68\x20\x69\x64\x3d\x22\x61\x22\x3e\x0a\x20\x20\x20\x20\x20\x20\
\x20\x20\x3c\x70\x61\x74\x68\x20\x69\x64\x3d\x22\x63\x22\x20\x74\
\x72\x61\x6e\x73\x66\x6f\x72\x6d\x3d\x22\x6d\x61\x74\x72\x69\x78\
\x28\x31\x20\x30\x20\x30\x20\x2d\x31\x20\x2d\x31\x30\x35\x2e\x33\
\x32\x20\x31\x33\x34\x32\x2e\x37\x29\x22\x20\x64\x3d\x22\x6d\x30\
\x20\x30\x68\x32\x30\x34\x38\x76\x32\x30\x34\x38\x68\x2d\x32\x30\
\x34\x38\x7a\x22\x20\x2f\x3e\x0a\x20\x20\x20\x20\x20\x20\x3c\x2f\
\x63\x6c\x69\x70\x50\x61\x74\x68\x3e\x0a\x20\x20\x20\x20\x3c\x2f\
\x64\x65\x66\x73\x3e\x0a\x20\x20\x20\x20\x3c\x67\x20\x69\x64\x3d\
\x22\x64\x22\x20\x74\x72\x61\x6e\x73\x66\x6f\x72\x6d\x3d\x22\x6d\
\x61\x74\x72\x69\x78\x28\x2e\x31\x38\x34\x39\x37\x20\x30\x20\x30\
\x20\x2e\x31\x38\x34\x39\x37\x20\x32\x2e\x36\x32\x39\x35\x20\x35\
\x36\x2e\x34\x32\x35\x29\x22\x3e\x0a\x20\x20\x20\x20\x20\x20\x3c\
\x70\x61\x74\x68\x20\x69\x64\x3d\x22\x65\x22\x20\x74\x72\x61\x6e\
\x73\x66\x6f\x72\x6d\x3d\x22\x6d\x61\x74\x72\x69\x78\x28\x31\x2e\
\x33\x33\x33\x33\x20\x30\x20\x30\x20\x31\x2e\x33\x33\x33\x33\x20\
\x31\x34\x30\x2e\x34\x33\x20\x39\x34\x30\x2e\x33\x35\x29\x22\x20\
\x64\x3d\x22\x6d\x30\x20\x32\x37\x33\x2e\x38\x63\x35\x33\x2e\x34\
\x34\x38\x2d\x31\x31\x31\x2e\x38\x37\x20\x31\x30\x35\x2e\x38\x33\
\x2d\x32\x36\x37\x2e\x37\x38\x20\x32\x33\x31\x2e\x33\x34\x2d\x32\
\x37\x33\x2e\x36\x31\x20\x31\x33\x37\x2e\x37\x38\x2d\x36\x2e\x33\
\x39\x33\x36\x20\x31\x37\x37\x2e\x38\x34\x20\x31\x34\x36\x2e\x37\
\x39\x20\x32\x33\x30\x2e\x35\x37\x20\x32\x36\x37\x2e\x38\x35\x20\
\x35\x32\x2e\x38\x31\x35\x20\x31\x32\x31\x2e\x32\x34\x20\x39\x34\
\x2e\x33\x38\x37\x20\x32\x37\x30\x2e\x37\x38\x20\x32\x33\x33\x2e\
\x36\x34\x20\x32\x37\x30\x2e\x38\x34\x20\x31\x33\x37\x20\x30\x2e\
\x30\x35\x36\x32\x20\x31\x38\x34\x2e\x33\x36\x2d\x31\x34\x35\x2e\
\x34\x36\x20\x32\x33\x32\x2e\x31\x37\x2d\x32\x36\x38\x2e\x32\x33\
\x20\x34\x37\x2e\x35\x32\x32\x2d\x31\x32\x32\x2e\x30\x32\x20\x39\
\x32\x2e\x35\x35\x35\x2d\x32\x36\x37\x2e\x36\x31\x20\x32\x32\x39\
\x2e\x35\x2d\x32\x37\x30\x2e\x35\x32\x20\x31\x33\x38\x2e\x32\x39\
\x2d\x32\x2e\x39\x33\x36\x32\x20\x31\x38\x38\x2e\x30\x31\x20\x31\
\x34\x34\x2e\x35\x38\x20\x32\x33\x34\x2e\x33\x32\x20\x32\x37\x30\
\x2e\x39\x20\x34\x36\x2e\x37\x32\x37\x20\x31\x32\x37\x2e\x34\x36\
\x20\x39\x37\x2e\x39\x31\x36\x20\x32\x37\x34\x2e\x31\x37\x20\x32\
\x33\x33\x2e\x33\x38\x20\x32\x36\x39\x2e\x32\x37\x20\x31\x33\x31\
\x2e\x37\x39\x2d\x34\x2e\x37\x37\x31\x34\x20\x31\x37\x33\x2e\x32\
\x32\x2d\x31\x34\x39\x2e\x39\x20\x32\x32\x38\x2e\x31\x31\x2d\x32\
\x36\x38\x2e\x34\x38\x22\x20\x63\x6c\x69\x70\x2d\x70\x61\x74\x68\
\x3d\x22\x75\x72\x6c\x28\x23\x61\x29\x22\x20\x66\x69\x6c\x6c\x3d\
\x22\x6e\x6f\x6e\x65\x22\x20\x73\x74\x72\x6f\x6b\x65\x3d\x22\x23\
\x35\x35\x35\x38\x35\x43\x22\x20\x73\x74\x72\x6f\x6b\x65\x2d\x77\
\x69\x64\x74\x68\x3d\x22\x31\x36\x32\x2e\x31\x39\x22\x20\x2f\x3e\
\x0a\x20\x20\x20\x20\x3c\x2f\x67\x3e\x0a\x20\x20\x20\x20\x3c\x67\
\x20\x69\x64\x3d\x22\x66\x22\x20\x74\x72\x61\x6e\x73\x66\x6f\x72\
\x6d\x3d\x22\x6d\x61\x74\x72\x69\x78\x28\x2e\x31\x37\x36\x37\x38\
\x20\x2e\x31\x37\x36\x37\x38\x20\x2d\x2e\x31\x37\x36\x37\x38\x20\
\x2e\x31\x37\x36\x37\x38\x20\x31\x35\x31\x2e\x32\x39\x20\x2d\x38\
\x32\x2e\x37\x39\x34\x29\x22\x20\x66\x69\x6c\x6c\x3d\x22\x23\x35\
\x35\x35\x38\x35\x43\x22\x20\x73\x74\x72\x6f\x6b\x65\x3d\x22\x23\
\x35\x35\x35\x38\x35\x43\x22\x20\x73\x74\x72\x6f\x6b\x65\x2d\x6c\
\x69\x6e\x65\x63\x61\x70\x3d\x22\x73\x71\x75\x61\x72\x65\x22\x20\
\x73\x74\x72\x6f\x6b\x65\x2d\x6d\x69\x74\x65\x72\x6c\x69\x6d\x69\
\x74\x3d\x22\x30\x22\x20\x73\x74\x72\x6f\x6b\x65\x2d\x77\x69\x64\
\x74\x68\x3d\x22\x38\x30\x22\x3e\x0a\x20\x20\x20\x20\x20\x20\x3c\
\x72\x65\x63\x74\x20\x69\x64\x3d\x22\x67\x22\x20\x74\x72\x61\x6e\
\x73\x66\x6f\x72\x6d\x3d\x22\x72\x6f\x74\x61\x74\x65\x28\x34\x35\
\x29\x22\x20\x78\x3d\x22\x37\x31\x31\x2e\x31\x35\x22\x20\x79\x3d\
\x22\x2d\x32\x36\x2e\x35\x31\x22\x20\x77\x69\x64\x74\x68\x3d\x22\
\x33\x33\x2e\x37\x30\x33\x22\x20\x68\x65\x69\x67\x68\x74\x3d\x22\
\x34\x36\x34\x2e\x35\x36\x22\x20\x72\x78\x3d\x22\x30\x22\x20\x72\
\x79\x3d\x22\x30\x22\x20\x2f\x3e\x0a\x20\x20\x20\x20\x20\x20\x3c\
\x72\x65\x63\x74\x20\x69\x64\x3d\x22\x68\x22\x20\x74\x72\x61\x6e\
\x73\x66\x6f\x72\x6d\x3d\x22\x72\x6f\x74\x61\x74\x65\x28\x31\x33\
\x35\x29\x22\x20\x78\x3d\x22\x31\x38\x38\x2e\x39\x32\x22\x20\x79\
\x3d\x22\x2d\x39\x36\x30\x2e\x32\x38\x22\x20\x77\x69\x64\x74\x68\
\x3d\x22\x33\x33\x2e\x37\x30\x33\x22\x20\x68\x65\x69\x67\x68\x74\
\x3d\x22\x34\x36\x34\x2e\x35\x36\x22\x20\x72\x78\x3d\x22\x30\x22\
\x20\x72\x79\x3d\x22\x30\x22\x20\x2f\x3e\x0a\x20\x20\x20\x20\x3c\
\x2f\x67\x3e\x0a\x20\x20\x3c\x2f\x67\x3e\x0a\x3c\x2f\x73\x76\x67\
\x3e\x0a\
\x00\x00\x02\x90\
\x3c\
\x73\x76\x67\x20\x78\x6d\x6c\x6e\x73\x3d\x22\x68\x74\x74\x70\x3a\
\x2f\x2f\x77\x77\x77\x2e\x77\x33\x2e\x6f\x72\x67\x2f\x32\x30\x30\
\x30\x2f\x73\x76\x67\x22\x20\x77\x69\x64\x74\x68\x3d\x22\x32\x34\
\x22\x20\x68\x65\x69\x67\x68\x74\x3d\x22\x32\x34\x22\x20\x76\x65\
\x72\x73\x69\x6f\x6e\x3d\x22\x31\x2e\x31\x22\x20\x76\x69\x65\x77\
\x42\x6f\x78\x3d\x22\x30\x20\x30\x20\x32\x34\x20\x32\x34\x22\x3e\
\x0a\x20\x20\x3c\x67\x20\x74\x72\x61\x6e\x73\x66\x6f\x72\x6d\x3d\
\x22\x74\x72\x61\x6e\x73\x6c\x61\x74\x65\x28\x2d\x30\x29\x20\x73\
\x63\x61\x6c\x65\x28\x2e\x30\x34\x36\x38\x37\x35\x29\x22\x3e\x0a\
\x20\x20\x20\x20\x3c\x67\x20\x69\x64\x3d\x22\x61\x22\x20\x74\x72\
\x61\x6e\x73\x66\x6f\x72\x6d\x3d\x22\x6d\x61\x74\x72\x69\x78\x28\
\x31\x2e\x31\x32\x35\x20\x30\x20\x30\x20\x31\x2e\x31\x32\x35\x20\
\x33\x35\x31\x2e\x36\x36\x20\x31\x37\x37\x2e\x37\x31\x29\x22\x20\
\x73\x74\x72\x6f\x6b\x65\x3d\x22\x23\x35\x35\x35\x38\x35\x43\x22\
\x3e\x0a\x20\x20\x20\x20\x20\x20\x3c\x67\x20\x69\x64\x3d\x22\x62\
\x22\x20\x74\x72\x61\x6e\x73\x66\x6f\x72\x6d\x3d\x22\x6d\x61\x74\
\x72\x69\x78\x28\x32\x35\x20\x30\x20\x30\x20\x32\x35\x20\x2d\x34\
\x36\x35\x2e\x39\x37\x20\x2d\x33\x31\x37\x2e\x39\x36\x29\x22\x20\
\x66\x69\x6c\x6c\x3d\x22\x23\x35\x35\x35\x38\x35\x43\x22\x20\x73\
\x74\x72\x6f\x6b\x65\x3d\x22\x23\x35\x35\x35\x38\x35\x43\x22\x20\
\x73\x74\x72\x6f\x6b\x65\x2d\x6c\x69\x6e\x65\x63\x61\x70\x3d\x22\
\x73\x71\x75\x61\x72\x65\x22\x20\x73\x74\x72\x6f\x6b\x65\x2d\x6d\
\x69\x74\x65\x72\x6c\x69\x6d\x69\x74\x3d\x22\x30\x22\x20\x73\x74\
\x72\x6f\x6b\x65\x2d\x77\x69\x64\x74\x68\x3d\x22\x2e\x32\x31\x32\
\x33\x34\x22\x3e\x0a\x20\x20\x20\x20\x20\x20\x20\x20\x3c\x72\x65\
\x63\x74\x20\x69\x64\x3d\x22\x63\x22\x20\x74\x72\x61\x6e\x73\x66\
\x6f\x72\x6d\x3d\x22\x72\x6f\x74\x61\x74\x65\x28\x34\x35\x29\x22\
\x20\x78\x3d\x22\x32\x31\x2e\x32\x33\x39\x22\x20\x79\x3d\x22\x2d\
\x38\x2e\x30\x39\x34\x39\x22\x20\x77\x69\x64\x74\x68\x3d\x22\x31\
\x2e\x31\x39\x38\x33\x22\x20\x68\x65\x69\x67\x68\x74\x3d\x22\x31\
\x36\x2e\x35\x31\x38\x22\x20\x72\x78\x3d\x22\x30\x22\x20\x72\x79\
\x3d\x22\x30\x22\x20\x2f\x3e\x0a\x20\x20\x20\x20\x20\x20\x20\x20\
\x3c\x72\x65\x63\x74\x20\x69\x64\x3d\x22\x64\x22\x20\x74\x72\x61\
\x6e\x73\x66\x6f\x72\x6d\x3d\x22\x72\x6f\x74\x61\x74\x65\x28\x31\
\x33\x35\x29\x22\x20\x78\x3d\x22\x2d\x2e\x34\x33\x35\x33\x31\x22\
\x20\x79\x3d\x22\x2d\x33\x30\x2e\x30\x39\x37\x22\x20\x77\x69\x64\
\x74\x68\x3d\x22\x31\x2e\x31\x39\x38\x33\x22\x20\x68\x65\x69\x67\
\x68\x74\x3d\x22\x31\x36\x2e\x35\x31\x38\x22\x20\x72\x78\x3d\x22\
\x30\x22\x20\x72\x79\x3d\x22\x30\x22\x20\x2f\x3e\x0a\x20\x20\x20\
\x20\x20\x20\x3c\x2f\x67\x3e\x0a\x20\x20\x20\x20\x3c\x2f\x67\x3e\
\x0a\x20\x20\x3c\x2f\x67\x3e\x0a\x3c\x2f\x73\x76\x67\x3e\x0a\
\x00\x00\x05\xae\
\x3c\
\x73\x76\x67\x20\x78\x6d\x6c\x6e\x73\x3d\x22\x68\x74\x74\x70\x3a\
\x2f\x2f\x77\x77\x77\x2e\x77\x33\x2e\x6f\x72\x67\x2f\x32\x30\x30\
\x30\x2f\x73\x76\x67\x22\x20\x77\x69\x64\x74\x68\x3d\x22\x32\x34\
\x22\x20\x68\x65\x69\x67\x68\x74\x3d\x22\x32\x34\x22\x20\x76\x65\
\x72\x73\x69\x6f\x6e\x3d\x22\x31\x2e\x31\x22\x20\x76\x69\x65\x77\
\x42\x6f\x78\x3d\x22\x30\x20\x30\x20\x32\x34\x20\x32\x34\x22\x3e\
\x0a\x20\x20\x3c\x67\x20\x74\x72\x61\x6e\x73\x66\x6f\x72\x6d\x3d\
\x22\x74\x72\x61\x6e\x73\x6c\x61\x74\x65\x28\x2d\x30\x29\x20\x73\
\x63\x61\x6c\x65\x28\x2e\x30\x34\x36\x38\x37\x35\x29\x22\x3e\x0a\
\x20\x20\x20\x20\x3c\x64\x65\x66\x73\x20\x69\x64\x3d\x22\x62\x22\
\x3e\x0a\x20\x20\x20\x20\x20\x20\x3c\x63\x6c\x69\x70\x50\x61\x74\
\x68\x20\x69\x64\x3d\x22\x61\x22\x3e\x0a\x20\x20\x20\x20\x20\x20\
\x20\x20\x3c\x70\x61\x74\x68\x20\x69\x64\x3d\x22\x63\x22\x20\x74\
\x72\x61\x6e\x73\x66\x6f\x72\x6d\x3d\x22\x6d\x61\x74\x72\x69\x78\
\x28\x31\x20\x30\x20\x30\x20\x2d\x31\x20\x2d\x34\x35\x36\x2e\x33\
\x37\x20\x31\x35\x38\x33\x2e\x39\x29\x22\x20\x64\x3d\x22\x6d\x34\
\x32\x30\x2e\x33\x37\x20\x34\x31\x32\x2e\x31\x34\x68\x31\x32\x30\
\x37\x2e\x37\x76\x31\x32\x30\x37\x2e\x37\x68\x2d\x31\x32\x30\x37\
\x2e\x37\x7a\x22\x20\x2f\x3e\x0a\x20\x20\x20\x20\x20\x20\x3c\x2f\
\x63\x6c\x69\x70\x50\x61\x74\x68\x3e\x0a\x20\x20\x20\x20\x3c\x2f\
\x64\x65\x66\x73\x3e\x0a\x20\x20\x20\x20\x3c\x72\x65\x63\x74\x20\
\x69\x64\x3d\x22\x64\x22\x20\x78\x3d\x22\x32\x33\x32\x2e\x33\x22\
\x20\x79\x3d\x22\x39\x2e\x32\x35\x30\x34\x22\x20\x77\x69\x64\x74\
\x68\x3d\x22\x34\x39\x2e\x31\x30\x31\x22\x20\x68\x65\x69\x67\x68\
\x74\x3d\x22\x31\x35\x37\x2e\x37\x37\x22\x20\x66\x69\x6c\x6c\x3d\
\x22\x23\x35\x35\x35\x38\x35\x43\x22\x20\x73\x74\x72\x6f\x6b\x65\
\x2d\x6d\x69\x74\x65\x72\x6c\x69\x6d\x69\x74\x3d\x22\x30\x22\x20\
\x73\x74\x72\x6f\x6b\x65\x2d\x77\x69\x64\x74\x68\x3d\x22\x30\x22\
\x20\x73\x74\x79\x6c\x65\x3d\x22\x70\x61\x69\x6e\x74\x2d\x6f\x72\
\x64\x65\x72\x3a\x73\x74\x72\x6f\x6b\x65\x20\x66\x69\x6c\x6c\x20\
\x6d\x61\x72\x6b\x65\x72\x73\x22\x20\x2f\x3e\x0a\x20\x20\x20\x20\
\x3c\x67\x20\x69\x64\x3d\x22\x65\x22\x20\x74\x72\x61\x6e\x73\x66\
\x6f\x72\x6d\x3d\x22\x6d\x61\x74\x72\x69\x78\x28\x2d\x2e\x32\x35\
\x20\x30\x20\x30\x20\x2d\x2e\x32\x35\x20\x33\x33\x34\x38\x2e\x39\
\x20\x36\x30\x33\x2e\x38\x39\x29\x22\x20\x73\x74\x72\x6f\x6b\x65\
\x2d\x77\x69\x64\x74\x68\x3d\x22\x31\x32\x30\x22\x3e\x0a\x20\x20\
\x20\x20\x20\x20\x3c\x70\x61\x74\x68\x20\x69\x64\x3d\x22\x66\x22\
\x20\x74\x72\x61\x6e\x73\x66\x6f\x72\x6d\x3d\x22\x6d\x61\x74\x72\
\x69\x78\x28\x31\x2e\x33\x33\x33\x33\x20\x30\x20\x30\x20\x31\x2e\
\x33\x33\x33\x33\x20\x31\x31\x36\x31\x31\x20\x36\x31\x38\x2e\x38\
\x33\x29\x22\x20\x64\x3d\x22\x6d\x39\x36\x39\x2e\x34\x31\x20\x31\
\x36\x36\x2e\x33\x33\x63\x32\x32\x31\x2e\x37\x37\x20\x32\x32\x31\
\x2e\x37\x37\x20\x32\x32\x31\x2e\x37\x37\x20\x35\x38\x31\x2e\x33\
\x32\x20\x30\x20\x38\x30\x33\x2e\x30\x39\x2d\x32\x32\x31\x2e\x37\
\x37\x20\x32\x32\x31\x2e\x37\x37\x2d\x35\x38\x31\x2e\x33\x32\x20\
\x32\x32\x31\x2e\x37\x37\x2d\x38\x30\x33\x2e\x30\x39\x20\x30\x2d\
\x32\x32\x31\x2e\x37\x37\x2d\x32\x32\x31\x2e\x37\x37\x2d\x32\x32\
\x31\x2e\x37\x37\x2d\x35\x38\x31\x2e\x33\x32\x20\x30\x2d\x38\x30\
\x33\x2e\x30\x39\x20\x32\x32\x31\x2e\x37\x37\x2d\x32\x32\x31\x2e\
\x37\x37\x20\x35\x38\x31\x2e\x33\x32\x2d\x32\x32\x31\x2e\x37\x37\
\x20\x38\x30\x33\x2e\x30\x39\x20\x30\x7a\x22\x20\x63\x6c\x69\x70\
\x2d\x70\x61\x74\x68\x3d\x22\x75\x72\x6c\x28\x23\x61\x29\x22\x20\
\x66\x69\x6c\x6c\x3d\x22\x6e\x6f\x6e\x65\x22\x20\x73\x74\x72\x6f\
\x6b\x65\x3d\x22\x23\x35\x35\x35\x38\x35\x43\x22\x20\x73\x74\x72\
\x6f\x6b\x65\x2d\x77\x69\x64\x74\x68\x3d\x22\x39\x30\x22\x20\x2f\
\x3e\x0a\x20\x20\x20\x20\x3c\x2f\x67\x3e\x0a\x20\x20\x20\x20\x3c\
\x72\x65\x63\x74\x20\x69\x64\x3d\x22\x67\x22\x20\x78\x3d\x22\x32\
\x33\x32\x2e\x33\x22\x20\x79\x3d\x22\x33\x34\x33\x2e\x32\x35\x22\
\x20\x77\x69\x64\x74\x68\x3d\x22\x34\x39\x2e\x31\x30\x31\x22\x20\
\x68\x65\x69\x67\x68\x74\x3d\x22\x31\x35\x37\x2e\x37\x37\x22\x20\
\x66\x69\x6c\x6c\x3d\x22\x23\x35\x35\x35\x38\x35\x43\x22\x20\x73\
\x74\x72\x6f\x6b\x65\x2d\x6d\x69\x74\x65\x72\x6c\x69\x6d\x69\x74\
\x3d\x22\x30\x22\x20\x73\x74\x72\x6f\x6b\x65\x2d\x77\x69\x64\x74\
\x68\x3d\x22\x30\x22\x20\x73\x74\x79\x6c\x65\x3d\x22\x70\x61\x69\
\x6e\x74\x2d\x6f\x72\x64\x65\x72\x3a\x73\x74\x72\x6f\x6b\x65\x20\
\x66\x69\x6c\x6c\x20\x6d\x61\x72\x6b\x65\x72\x73\x22\x20\x2f\x3e\
\x0a\x20\x20\x20\x20\x3c\x72\x65\x63\x74\x20\x69\x64\x3d\x22\x68\
\x22\x20\x74\x72\x61\x6e\x73\x66\x6f\x72\x6d\x3d\x22\x72\x6f\x74\
\x61\x74\x65\x28\x39\x30\x29\x22\x20\x78\x3d\x22\x32\x33\x30\x2e\
\x35\x39\x22\x20\x79\x3d\x22\x2d\x35\x30\x32\x2e\x37\x34\x22\x20\
\x77\x69\x64\x74\x68\x3d\x22\x34\x39\x2e\x31\x30\x31\x22\x20\x68\
\x65\x69\x67\x68\x74\x3d\x22\x31\x35\x37\x2e\x37\x37\x22\x20\x66\
\x69\x6c\x6c\x3d\x22\x23\x35\x35\x35\x38\x35\x43\x22\x20\x73\x74\
\x72\x6f\x6b\x65\x2d\x6d\x69\x74\x65\x72\x6c\x69\x6d\x69\x74\x3d\
\x22\x30\x22\x20\x73\x74\x72\x6f\x6b\x65\x2d\x77\x69\x64\x74\x68\
\x3d\x22\x30\x22\x20\x73\x74\x79\x6c\x65\x3d\x22\x70\x61\x69\x6e\
\x74\x2d\x6f\x72\x64\x65\x72\x3a\x73\x74\x72\x6f\x6b\x65\x20\x66\
\x69\x6c\x6c\x20\x6d\x61\x72\x6b\x65\x72\x73\x22\x20\x2f\x3e\x0a\
\x20\x20\x20\x20\x3c\x72\x65\x63\x74\x20\x69\x64\x3d\x22\x69\x22\
\x20\x74\x72\x61\x6e\x73\x66\x6f\x72\x6d\x3d\x22\x72\x6f\x74\x61\
\x74\x65\x28\x39\x30\x29\x22\x20\x78\x3d\x22\x32\x33\x30\x2e\x35\
\x39\x22\x20\x79\x3d\x22\x2d\x31\x36\x38\x2e\x37\x34\x22\x20\x77\
\x69\x64\x74\x68\x3d\x22\x34\x39\x2e\x31\x30\x31\x22\x20\x68\x65\
\x69\x67\x68\x74\x3d\x22\x31\x35\x37\x2e\x37\x37\x22\x20\x66\x69\
\x6c\x6c\x3d\x22\x23\x35\x35\x35\x38\x35\x43\x22\x20\x73\x74\x72\
\x6f\x6b\x65\x2d\x6d\x69\x74\x65\x72\x6c\x69\x6d\x69\x74\x3d\x22\
\x30\x22\x20\x73\x74\x72\x6f\x6b\x65\x2d\x77\x69\x64\x74\x68\x3d\
\x22\x30\x22\x20\x73\x74\x79\x6c\x65\x3d\x22\x70\x61\x69\x6e\x74\
\x2d\x6f\x72\x64\x65\x72\x3a\x73\x74\x72\x6f\x6b\x65\x20\x66\x69\
\x6c\x6c\x20\x6d\x61\x72\x6b\x65\x72\x73\x22\x20\x2f\x3e\x0a\x20\
\x20\x3c\x2f\x67\x3e\x0a\x3c\x2f\x73\x76\x67\x3e\x0a\
\x00\x00\x06\xa9\
\x3c\
\x73\x76\x67\x20\x78\x6d\x6c\x6e\x73\x3d\x22\x68\x74\x74\x70\x3a\
\x2f\x2f\x77\x77\x77\x2e\x77\x33\x2e\x6f\x72\x67\x2f\x32\x30\x30\
\x30\x2f\x73\x76\x67\x22\x20\x77\x69\x64\x74\x68\x3d\x22\x32\x34\
\x22\x20\x68\x65\x69\x67\x68\x74\x3d\x22\x32\x34\x22\x20\x76\x65\
\x72\x73\x69\x6f\x6e\x3d\x22\x31\x2e\x31\x22\x20\x76\x69\x65\x77\
\x42\x6f\x78\x3d\x22\x30\x20\x30\x20\x32\x34\x20\x32\x34\x22\x3e\
\x0a\x20\x20\x3c\x67\x20\x74\x72\x61\x6e\x73\x66\x6f\x72\x6d\x3d\
\x22\x74\x72\x61\x6e\x73\x6c\x61\x74\x65\x28\x2d\x30\x29\x20\x73\
\x63\x61\x6c\x65\x28\x2e\x30\x34\x36\x38\x37\x35\x29\x22\x3e\x0a\
\x20\x20\x20\x20\x3c\x67\x20\x69\x64\x3d\x22\x61\x22\x20\x74\x72\
\x61\x6e\x73\x66\x6f\x72\x6d\x3d\x22\x6d\x61\x74\x72\x69\x78\x28\
\x2e\x31\x39\x30\x33\x36\x20\x30\x20\x30\x20\x2e\x31\x39\x30\x33\
\x36\x20\x32\x35\x32\x2e\x38\x36\x20\x31\x39\x31\x2e\x33\x38\x29\
\x22\x20\x66\x69\x6c\x6c\x3d\x22\x23\x35\x35\x35\x38\x35\x43\x22\
\x3e\x0a\x20\x20\x20\x20\x20\x20\x3c\x70\x61\x74\x68\x20\x69\x64\
\x3d\x22\x62\x22\x20\x64\x3d\x22\x6d\x39\x30\x34\x2e\x30\x38\x20\
\x38\x30\x2e\x37\x34\x39\x68\x2d\x32\x30\x37\x2e\x32\x33\x63\x2d\
\x34\x33\x2e\x32\x37\x37\x2d\x31\x34\x36\x2e\x34\x37\x2d\x31\x32\
\x35\x2e\x36\x37\x2d\x32\x36\x36\x2e\x33\x31\x2d\x32\x34\x37\x2e\
\x31\x37\x2d\x33\x35\x39\x2e\x35\x32\x2d\x31\x32\x31\x2e\x35\x31\
\x2d\x39\x33\x2e\x32\x31\x31\x2d\x32\x36\x32\x2e\x31\x35\x2d\x31\
\x33\x39\x2e\x38\x32\x2d\x34\x32\x31\x2e\x39\x34\x2d\x31\x33\x39\
\x2e\x38\x32\x2d\x31\x39\x34\x2e\x37\x34\x20\x30\x2d\x33\x35\x39\
\x2e\x39\x34\x20\x36\x37\x2e\x38\x32\x37\x2d\x34\x39\x35\x2e\x36\
\x20\x32\x30\x33\x2e\x34\x38\x2d\x31\x33\x35\x2e\x36\x35\x20\x31\
\x33\x35\x2e\x36\x35\x2d\x32\x30\x33\x2e\x34\x38\x20\x33\x30\x30\
\x2e\x38\x35\x2d\x32\x30\x33\x2e\x34\x38\x20\x34\x39\x35\x2e\x36\
\x20\x30\x20\x31\x31\x39\x2e\x38\x34\x20\x32\x37\x2e\x30\x34\x38\
\x20\x32\x32\x39\x2e\x37\x20\x38\x31\x2e\x31\x34\x33\x20\x33\x32\
\x39\x2e\x35\x37\x20\x35\x34\x2e\x30\x39\x35\x20\x39\x39\x2e\x38\
\x36\x37\x20\x31\x32\x36\x2e\x39\x32\x20\x31\x38\x31\x2e\x34\x33\
\x20\x32\x31\x38\x2e\x34\x36\x20\x32\x34\x34\x2e\x36\x38\x76\x2d\
\x32\x37\x34\x2e\x36\x34\x68\x31\x39\x39\x2e\x37\x34\x76\x35\x39\
\x39\x2e\x32\x31\x68\x2d\x35\x39\x39\x2e\x32\x31\x76\x2d\x31\x39\
\x39\x2e\x37\x34\x68\x32\x33\x34\x2e\x36\x39\x63\x2d\x31\x30\x33\
\x2e\x32\x2d\x38\x33\x2e\x32\x32\x34\x2d\x31\x38\x34\x2e\x37\x36\
\x2d\x31\x38\x35\x2e\x31\x37\x2d\x32\x34\x34\x2e\x36\x38\x2d\x33\
\x30\x35\x2e\x38\x35\x2d\x35\x39\x2e\x39\x32\x31\x2d\x31\x32\x30\
\x2e\x36\x37\x2d\x38\x39\x2e\x38\x38\x32\x2d\x32\x35\x31\x2e\x37\
\x35\x2d\x38\x39\x2e\x38\x38\x32\x2d\x33\x39\x33\x2e\x32\x33\x20\
\x30\x2d\x31\x32\x34\x2e\x38\x34\x20\x32\x33\x2e\x37\x31\x39\x2d\
\x32\x34\x31\x2e\x37\x36\x20\x37\x31\x2e\x31\x35\x36\x2d\x33\x35\
\x30\x2e\x37\x39\x20\x34\x37\x2e\x34\x33\x37\x2d\x31\x30\x39\x2e\
\x30\x32\x20\x31\x31\x31\x2e\x35\x32\x2d\x32\x30\x33\x2e\x39\x20\
\x31\x39\x32\x2e\x32\x35\x2d\x32\x38\x34\x2e\x36\x33\x20\x38\x30\
\x2e\x37\x32\x37\x2d\x38\x30\x2e\x37\x32\x36\x20\x31\x37\x35\x2e\
\x36\x2d\x31\x34\x34\x2e\x38\x31\x20\x32\x38\x34\x2e\x36\x32\x2d\
\x31\x39\x32\x2e\x32\x34\x20\x31\x30\x39\x2e\x30\x32\x2d\x34\x37\
\x2e\x34\x33\x38\x20\x32\x32\x35\x2e\x39\x35\x2d\x37\x31\x2e\x31\
\x35\x36\x20\x33\x35\x30\x2e\x37\x39\x2d\x37\x31\x2e\x31\x35\x36\
\x20\x32\x31\x34\x2e\x37\x32\x20\x30\x20\x34\x30\x33\x2e\x32\x32\
\x20\x36\x36\x2e\x31\x36\x33\x20\x35\x36\x35\x2e\x35\x20\x31\x39\
\x38\x2e\x34\x39\x20\x31\x36\x32\x2e\x32\x39\x20\x31\x33\x32\x2e\
\x33\x33\x20\x32\x36\x35\x2e\x39\x20\x32\x39\x39\x2e\x31\x39\x20\
\x33\x31\x30\x2e\x38\x34\x20\x35\x30\x30\x2e\x35\x39\x7a\x22\x20\
\x73\x74\x72\x6f\x6b\x65\x2d\x77\x69\x64\x74\x68\x3d\x22\x32\x2e\
\x34\x39\x36\x37\x22\x20\x2f\x3e\x0a\x20\x20\x20\x20\x20\x20\x3c\
\x67\x20\x69\x64\x3d\x22\x63\x22\x20\x74\x72\x61\x6e\x73\x66\x6f\
\x72\x6d\x3d\x22\x74\x72\x61\x6e\x73\x6c\x61\x74\x65\x28\x36\x31\
\x2e\x31\x37\x20\x2d\x39\x2e\x30\x35\x37\x32\x29\x22\x20\x73\x74\
\x72\x6f\x6b\x65\x2d\x6c\x69\x6e\x65\x63\x61\x70\x3d\x22\x72\x6f\
\x75\x6e\x64\x22\x20\x73\x74\x72\x6f\x6b\x65\x2d\x6c\x69\x6e\x65\
\x6a\x6f\x69\x6e\x3d\x22\x72\x6f\x75\x6e\x64\x22\x20\x73\x74\x72\
\x6f\x6b\x65\x2d\x6d\x69\x74\x65\x72\x6c\x69\x6d\x69\x74\x3d\x22\
\x30\x22\x20\x73\x74\x72\x6f\x6b\x65\x2d\x77\x69\x64\x74\x68\x3d\
\x22\x30\x22\x20\x73\x74\x79\x6c\x65\x3d\x22\x70\x61\x69\x6e\x74\
\x2d\x6f\x72\x64\x65\x72\x3a\x66\x69\x6c\x6c\x20\x6d\x61\x72\x6b\
\x65\x72\x73\x20\x73\x74\x72\x6f\x6b\x65\x22\x20\x61\x72\x69\x61\
\x2d\x6c\x61\x62\x65\x6c\x3d\x22\x30\x22\x3e\x0a\x20\x20\x20\x20\
\x20\x20\x20\x20\x3c\x70\x61\x74\x68\x20\x69\x64\x3d\x22\x64\x22\
\x20\x64\x3d\x22\x6d\x34\x32\x33\x2e\x37\x32\x20\x32\x32\x31\x2e\
\x36\x34\x71\x31\x35\x34\x2e\x33\x34\x20\x30\x20\x32\x34\x31\x2e\
\x32\x39\x20\x31\x31\x30\x2e\x31\x34\x20\x31\x30\x33\x2e\x36\x31\
\x20\x31\x33\x30\x2e\x34\x32\x20\x31\x30\x33\x2e\x36\x31\x20\x34\
\x33\x32\x2e\x35\x37\x20\x30\x20\x33\x30\x31\x2e\x34\x33\x2d\x31\
\x30\x34\x2e\x33\x34\x20\x34\x33\x33\x2e\x33\x2d\x38\x36\x2e\x32\
\x32\x35\x20\x31\x30\x38\x2e\x36\x39\x2d\x32\x34\x30\x2e\x35\x36\
\x20\x31\x30\x38\x2e\x36\x39\x2d\x31\x35\x35\x2e\x30\x36\x20\x30\
\x2d\x32\x34\x39\x2e\x39\x38\x2d\x31\x31\x38\x2e\x38\x33\x2d\x39\
\x34\x2e\x39\x32\x2d\x31\x31\x39\x2e\x35\x36\x2d\x39\x34\x2e\x39\
\x32\x2d\x34\x32\x35\x2e\x33\x33\x20\x30\x2d\x32\x39\x39\x2e\x39\
\x38\x20\x31\x30\x34\x2e\x33\x34\x2d\x34\x33\x31\x2e\x38\x35\x20\
\x38\x36\x2e\x32\x32\x35\x2d\x31\x30\x38\x2e\x36\x39\x20\x32\x34\
\x30\x2e\x35\x36\x2d\x31\x30\x38\x2e\x36\x39\x7a\x6d\x30\x20\x31\
\x36\x38\x2e\x38\x33\x71\x2d\x33\x36\x2e\x39\x35\x34\x20\x30\x2d\
\x36\x35\x2e\x39\x33\x37\x20\x32\x33\x2e\x39\x31\x31\x2d\x32\x38\
\x2e\x39\x38\x33\x20\x32\x33\x2e\x31\x38\x37\x2d\x34\x34\x2e\x39\
\x32\x34\x20\x38\x34\x2e\x30\x35\x31\x2d\x32\x31\x2e\x30\x31\x33\
\x20\x37\x38\x2e\x39\x37\x39\x2d\x32\x31\x2e\x30\x31\x33\x20\x32\
\x36\x35\x2e\x39\x32\x74\x31\x38\x2e\x38\x33\x39\x20\x32\x35\x37\
\x2e\x32\x33\x71\x31\x38\x2e\x38\x33\x39\x20\x36\x39\x2e\x35\x36\
\x20\x34\x37\x2e\x30\x39\x38\x20\x39\x32\x2e\x37\x34\x36\x20\x32\
\x38\x2e\x39\x38\x33\x20\x32\x33\x2e\x31\x38\x37\x20\x36\x35\x2e\
\x39\x33\x37\x20\x32\x33\x2e\x31\x38\x37\x20\x33\x36\x2e\x39\x35\
\x34\x20\x30\x20\x36\x35\x2e\x39\x33\x37\x2d\x32\x33\x2e\x31\x38\
\x37\x20\x32\x38\x2e\x39\x38\x33\x2d\x32\x33\x2e\x39\x31\x31\x20\
\x34\x34\x2e\x39\x32\x34\x2d\x38\x34\x2e\x37\x37\x36\x20\x32\x31\
\x2e\x30\x31\x33\x2d\x37\x38\x2e\x32\x35\x35\x20\x32\x31\x2e\x30\
\x31\x33\x2d\x32\x36\x35\x2e\x32\x74\x2d\x31\x38\x2e\x38\x33\x39\
\x2d\x32\x35\x36\x2e\x35\x71\x2d\x31\x38\x2e\x38\x33\x39\x2d\x37\
\x30\x2e\x32\x38\x34\x2d\x34\x37\x2e\x38\x32\x32\x2d\x39\x33\x2e\
\x34\x37\x31\x2d\x32\x38\x2e\x32\x35\x39\x2d\x32\x33\x2e\x39\x31\
\x31\x2d\x36\x35\x2e\x32\x31\x32\x2d\x32\x33\x2e\x39\x31\x31\x7a\
\x22\x20\x73\x74\x72\x6f\x6b\x65\x3d\x22\x23\x35\x35\x35\x38\x35\
\x43\x22\x20\x2f\x3e\x0a\x20\x20\x20\x20\x20\x20\x3c\x2f\x67\x3e\
\x0a\x20\x20\x20\x20\x3c\x2f\x67\x3e\x0a\x20\x20\x3c\x2f\x67\x3e\
\x0a\x3c\x2f\x73\x76\x67\x3e\x0a\
\x00\x00\x06\xb2\
\x3c\
\x73\x76\x67\x20\x78\x6d\x6c\x6e\x73\x3d\x22\x68\x74\x74\x70\x3a\
\x2f\x2f\x77\x77\x77\x2e\x77\x33\x2e\x6f\x72\x67\x2f\x32\x30\x30\
\x30\x2f\x73\x76\x67\x22\x20\x77\x69\x64\x74\x68\x3d\x22\x32\x34\
\x22\x20\x68\x65\x69\x67\x68\x74\x3d\x22\x32\x34\x22\x20\x76\x65\
\x72\x73\x69\x6f\x6e\x3d\x22\x31\x2e\x31\x22\x20\x76\x69\x65\x77\
\x42\x6f\x78\x3d\x22\x30\x20\x30\x20\x32\x34\x20\x32\x34\x22\x3e\
\x0a\x20\x20\x3c\x67\x20\x74\x72\x61\x6e\x73\x66\x6f\x72\x6d\x3d\
\x22\x74\x72\x61\x6e\x73\x6c\x61\x74\x65\x28\x2d\x30\x29\x20\x73\
\x63\x61\x6c\x65\x28\x2e\x30\x34\x36\x38\x37\x35\x29\x22\x3e\x0a\
\x20\x20\x20\x20\x3c\x67\x20\x69\x64\x3d\x22\x61\x22\x20\x74\x72\
\x61\x6e\x73\x66\x6f\x72\x6d\x3d\x22\x74\x72\x61\x6e\x73\x6c\x61\
\x74\x65\x28\x30\x2c\x2d\x34\x29\x22\x3e\x0a\x20\x20\x20\x20\x20\
\x20\x3c\x70\x61\x74\x68\x20\x69\x64\x3d\x22\x62\x22\x20\x64\x3d\
\x22\x6d\x31\x39\x38\x2e\x30\x36\x20\x34\x37\x30\x2e\x36\x38\x2d\
\x38\x2e\x34\x32\x37\x33\x2d\x36\x37\x2e\x34\x31\x38\x71\x2d\x36\
\x2e\x38\x34\x37\x31\x2d\x32\x2e\x36\x33\x33\x35\x2d\x31\x32\x2e\
\x39\x30\x34\x2d\x36\x2e\x33\x32\x30\x34\x2d\x36\x2e\x30\x35\x37\
\x31\x2d\x33\x2e\x36\x38\x36\x39\x2d\x31\x31\x2e\x38\x35\x31\x2d\
\x37\x2e\x39\x30\x30\x36\x6c\x2d\x36\x32\x2e\x36\x37\x38\x20\x32\
\x36\x2e\x33\x33\x35\x2d\x35\x37\x2e\x39\x33\x37\x2d\x31\x30\x30\
\x2e\x30\x37\x20\x35\x34\x2e\x32\x35\x2d\x34\x31\x2e\x30\x38\x33\
\x71\x2d\x30\x2e\x35\x32\x36\x37\x2d\x33\x2e\x36\x38\x36\x39\x2d\
\x30\x2e\x35\x32\x36\x37\x2d\x37\x2e\x31\x31\x30\x35\x76\x2d\x31\
\x34\x2e\x32\x32\x31\x71\x30\x2d\x33\x2e\x34\x32\x33\x36\x20\x30\
\x2e\x35\x32\x36\x37\x2d\x37\x2e\x31\x31\x30\x35\x6c\x2d\x35\x34\
\x2e\x32\x35\x2d\x34\x31\x2e\x30\x38\x33\x20\x35\x37\x2e\x39\x33\
\x37\x2d\x31\x30\x30\x2e\x30\x37\x20\x36\x32\x2e\x36\x37\x38\x20\
\x32\x36\x2e\x33\x33\x35\x71\x35\x2e\x37\x39\x33\x37\x2d\x34\x2e\
\x32\x31\x33\x36\x20\x31\x32\x2e\x31\x31\x34\x2d\x37\x2e\x39\x30\
\x30\x36\x20\x36\x2e\x33\x32\x30\x34\x2d\x33\x2e\x36\x38\x36\x39\
\x20\x31\x32\x2e\x36\x34\x31\x2d\x36\x2e\x33\x32\x30\x34\x6c\x38\
\x2e\x34\x32\x37\x33\x2d\x36\x37\x2e\x34\x31\x38\x68\x31\x31\x35\
\x2e\x38\x37\x6c\x38\x2e\x34\x32\x37\x33\x20\x36\x37\x2e\x34\x31\
\x38\x71\x36\x2e\x38\x34\x37\x32\x20\x32\x2e\x36\x33\x33\x35\x20\
\x31\x32\x2e\x39\x30\x34\x20\x36\x2e\x33\x32\x30\x34\x20\x36\x2e\
\x30\x35\x37\x31\x20\x33\x2e\x36\x38\x36\x39\x20\x31\x31\x2e\x38\
\x35\x31\x20\x37\x2e\x39\x30\x30\x36\x6c\x36\x32\x2e\x36\x37\x38\
\x2d\x32\x36\x2e\x33\x33\x35\x20\x35\x37\x2e\x39\x33\x37\x20\x31\
\x30\x30\x2e\x30\x37\x2d\x35\x34\x2e\x32\x35\x20\x34\x31\x2e\x30\
\x38\x33\x71\x30\x2e\x35\x32\x36\x37\x32\x20\x33\x2e\x36\x38\x36\
\x39\x20\x30\x2e\x35\x32\x36\x37\x32\x20\x37\x2e\x31\x31\x30\x35\
\x76\x31\x34\x2e\x32\x32\x31\x71\x30\x20\x33\x2e\x34\x32\x33\x36\
\x2d\x31\x2e\x30\x35\x33\x34\x20\x37\x2e\x31\x31\x30\x35\x6c\x35\
\x34\x2e\x32\x35\x20\x34\x31\x2e\x30\x38\x33\x2d\x35\x37\x2e\x39\
\x33\x37\x20\x31\x30\x30\x2e\x30\x37\x2d\x36\x32\x2e\x31\x35\x31\
\x2d\x32\x36\x2e\x33\x33\x35\x71\x2d\x35\x2e\x37\x39\x33\x37\x20\
\x34\x2e\x32\x31\x33\x36\x2d\x31\x32\x2e\x31\x31\x34\x20\x37\x2e\
\x39\x30\x30\x36\x2d\x36\x2e\x33\x32\x30\x35\x20\x33\x2e\x36\x38\
\x36\x39\x2d\x31\x32\x2e\x36\x34\x31\x20\x36\x2e\x33\x32\x30\x34\
\x6c\x2d\x38\x2e\x34\x32\x37\x33\x20\x36\x37\x2e\x34\x31\x38\x7a\
\x6d\x33\x36\x2e\x38\x36\x39\x2d\x34\x32\x2e\x31\x33\x36\x68\x34\
\x31\x2e\x36\x31\x6c\x37\x2e\x33\x37\x33\x38\x2d\x35\x35\x2e\x38\
\x33\x31\x71\x31\x36\x2e\x33\x32\x38\x2d\x34\x2e\x32\x31\x33\x36\
\x20\x33\x30\x2e\x32\x38\x35\x2d\x31\x32\x2e\x33\x37\x38\x20\x31\
\x33\x2e\x39\x35\x38\x2d\x38\x2e\x31\x36\x33\x39\x20\x32\x35\x2e\
\x35\x34\x35\x2d\x31\x39\x2e\x37\x35\x31\x6c\x35\x32\x2e\x31\x34\
\x34\x20\x32\x31\x2e\x35\x39\x35\x20\x32\x30\x2e\x35\x34\x31\x2d\
\x33\x35\x2e\x38\x31\x36\x2d\x34\x35\x2e\x32\x39\x36\x2d\x33\x34\
\x2e\x32\x33\x36\x71\x32\x2e\x36\x33\x33\x35\x2d\x37\x2e\x33\x37\
\x33\x38\x20\x33\x2e\x36\x38\x36\x39\x2d\x31\x35\x2e\x35\x33\x38\
\x20\x31\x2e\x30\x35\x33\x34\x2d\x38\x2e\x31\x36\x33\x39\x20\x31\
\x2e\x30\x35\x33\x34\x2d\x31\x36\x2e\x35\x39\x31\x20\x30\x2d\x38\
\x2e\x34\x32\x37\x32\x2d\x31\x2e\x30\x35\x33\x34\x2d\x31\x36\x2e\
\x35\x39\x31\x2d\x31\x2e\x30\x35\x33\x34\x2d\x38\x2e\x31\x36\x33\
\x39\x2d\x33\x2e\x36\x38\x36\x39\x2d\x31\x35\x2e\x35\x33\x38\x6c\
\x34\x35\x2e\x32\x39\x36\x2d\x33\x34\x2e\x32\x33\x36\x2d\x32\x30\
\x2e\x35\x34\x31\x2d\x33\x35\x2e\x38\x31\x36\x2d\x35\x32\x2e\x31\
\x34\x34\x20\x32\x32\x2e\x31\x32\x32\x71\x2d\x31\x31\x2e\x35\x38\
\x37\x2d\x31\x32\x2e\x31\x31\x34\x2d\x32\x35\x2e\x35\x34\x35\x2d\
\x32\x30\x2e\x32\x37\x38\x2d\x31\x33\x2e\x39\x35\x38\x2d\x38\x2e\
\x31\x36\x33\x39\x2d\x33\x30\x2e\x32\x38\x35\x2d\x31\x32\x2e\x33\
\x37\x38\x6c\x2d\x36\x2e\x38\x34\x37\x32\x2d\x35\x35\x2e\x38\x33\
\x31\x68\x2d\x34\x31\x2e\x36\x31\x6c\x2d\x37\x2e\x33\x37\x33\x39\
\x20\x35\x35\x2e\x38\x33\x31\x71\x2d\x31\x36\x2e\x33\x32\x38\x20\
\x34\x2e\x32\x31\x33\x36\x2d\x33\x30\x2e\x32\x38\x35\x20\x31\x32\
\x2e\x33\x37\x38\x2d\x31\x33\x2e\x39\x35\x38\x20\x38\x2e\x31\x36\
\x33\x39\x2d\x32\x35\x2e\x35\x34\x35\x20\x31\x39\x2e\x37\x35\x31\
\x6c\x2d\x35\x32\x2e\x31\x34\x34\x2d\x32\x31\x2e\x35\x39\x35\x2d\
\x32\x30\x2e\x35\x34\x31\x20\x33\x35\x2e\x38\x31\x36\x20\x34\x35\
\x2e\x32\x39\x37\x20\x33\x33\x2e\x37\x30\x39\x71\x2d\x32\x2e\x36\
\x33\x33\x35\x20\x37\x2e\x39\x30\x30\x36\x2d\x33\x2e\x36\x38\x36\
\x39\x20\x31\x35\x2e\x38\x30\x31\x2d\x31\x2e\x30\x35\x33\x34\x20\
\x37\x2e\x39\x30\x30\x35\x2d\x31\x2e\x30\x35\x33\x34\x20\x31\x36\
\x2e\x38\x35\x35\x20\x30\x20\x38\x2e\x34\x32\x37\x33\x20\x31\x2e\
\x30\x35\x33\x34\x20\x31\x36\x2e\x33\x32\x38\x20\x31\x2e\x30\x35\
\x33\x34\x20\x37\x2e\x39\x30\x30\x35\x20\x33\x2e\x36\x38\x36\x39\
\x20\x31\x35\x2e\x38\x30\x31\x6c\x2d\x34\x35\x2e\x32\x39\x37\x20\
\x33\x34\x2e\x32\x33\x36\x20\x32\x30\x2e\x35\x34\x31\x20\x33\x35\
\x2e\x38\x31\x36\x20\x35\x32\x2e\x31\x34\x34\x2d\x32\x32\x2e\x31\
\x32\x32\x71\x31\x31\x2e\x35\x38\x37\x20\x31\x32\x2e\x31\x31\x34\
\x20\x32\x35\x2e\x35\x34\x35\x20\x32\x30\x2e\x32\x37\x38\x20\x31\
\x33\x2e\x39\x35\x38\x20\x38\x2e\x31\x36\x33\x39\x20\x33\x30\x2e\
\x32\x38\x35\x20\x31\x32\x2e\x33\x37\x38\x7a\x6d\x32\x32\x2e\x31\
\x32\x32\x2d\x39\x34\x2e\x38\x30\x37\x71\x33\x30\x2e\x35\x34\x39\
\x20\x30\x20\x35\x32\x2e\x31\x34\x34\x2d\x32\x31\x2e\x35\x39\x35\
\x74\x32\x31\x2e\x35\x39\x35\x2d\x35\x32\x2e\x31\x34\x34\x71\x30\
\x2d\x33\x30\x2e\x35\x34\x39\x2d\x32\x31\x2e\x35\x39\x35\x2d\x35\
\x32\x2e\x31\x34\x34\x74\x2d\x35\x32\x2e\x31\x34\x34\x2d\x32\x31\
\x2e\x35\x39\x35\x71\x2d\x33\x31\x2e\x30\x37\x36\x20\x30\x2d\x35\
\x32\x2e\x34\x30\x37\x20\x32\x31\x2e\x35\x39\x35\x74\x2d\x32\x31\
\x2e\x33\x33\x31\x20\x35\x32\x2e\x31\x34\x34\x71\x30\x20\x33\x30\
\x2e\x35\x34\x39\x20\x32\x31\x2e\x33\x33\x31\x20\x35\x32\x2e\x31\
\x34\x34\x74\x35\x32\x2e\x34\x30\x37\x20\x32\x31\x2e\x35\x39\x35\
\x7a\x22\x20\x66\x69\x6c\x6c\x3d\x22\x23\x35\x35\x35\x38\x35\x43\
\x22\x20\x73\x74\x72\x6f\x6b\x65\x2d\x77\x69\x64\x74\x68\x3d\x22\
\x2e\x35\x32\x36\x37\x22\x20\x2f\x3e\x0a\x20\x20\x20\x20\x3c\x2f\
\x67\x3e\x0a\x20\x20\x3c\x2f\x67\x3e\x0a\x3c\x2f\x73\x76\x67\x3e\
\x0a\
\x00\x00\x07\xa0\
\x00\
\x00\x26\x2f\x78\x9c\xed\x5a\xdb\x72\x1a\xb9\x16\x7d\x9f\xaf\x50\
\x91\x97\xb8\x4a\x92\x75\xdb\xba\x9c\x0a\xf3\x70\xbe\xe0\xfc\x02\
\x06\xdc\x90\x60\x70\x80\xd8\x9e\x7c\xfd\xd9\x92\x36\x98\xa6\xdb\
\x69\xc7\x97\xc9\xd4\x54\x70\x95\xbb\x91\x64\xed\xd5\x4b\x7b\x2d\
\x6d\x75\xf2\x69\x77\xd7\xb0\xfb\xe5\x6c\xbf\x18\x8f\x8c\x1b\xb1\
\xc5\x7c\xd9\x2c\xf6\xf5\xfe\x6e\xbe\xdd\x2d\x37\xeb\xf1\x48\x4b\
\x8d\xdf\x96\xf3\xfb\xff\x6e\x1e\xc6\x23\xc5\x14\x33\x8e\xe5\x11\
\x0f\x37\xab\xf5\x6e\x3c\x5a\xec\xf7\xb7\xff\xb9\xbc\xbc\xbf\xbf\
\x97\xf7\x56\x6e\xb6\xcd\xa5\x51\x4a\x5d\xe2\xd4\xa3\x3f\xff\x60\
\xec\x53\x83\xbf\xf0\xb3\xdf\x4e\xd6\xbb\xeb\xcd\xf6\x66\x3c\x2a\
\xb7\xab\xc9\x7e\xfe\x51\xa8\x0b\xb6\x9b\x4e\x56\xf3\x8f\x52\x39\
\x1f\x03\x5c\x8c\xea\xe8\xeb\xe5\x6a\x35\x1e\xad\x37\xeb\x39\x35\
\xec\xf6\xdb\xcd\x97\xf9\x78\xf4\x01\xe7\x6e\x35\x89\xd5\x72\x3d\
\x9f\x4e\x6e\xc7\xa3\xed\xe6\xdb\x7a\xd6\xed\xfb\xbc\x59\xae\x7b\
\x3b\xe9\xc1\xad\xa1\xe6\xe5\x6c\x3c\x6a\x74\x01\x8d\xb0\x67\xf3\
\xeb\x5d\x6d\xaf\x3d\xdf\xa8\x03\xbb\xa6\xab\xe5\xed\xff\x26\xfb\
\xc5\xa1\xbb\x0e\x98\x1d\x07\xe0\x90\xdb\x56\x77\x1d\x70\x37\x3a\
\x6d\xc1\x86\x1b\x6d\x0c\x30\x6b\x17\x21\x9a\xbb\x04\x7a\x21\xf0\
\xe6\xfb\x88\x5d\x1e\x23\x5d\x1e\x42\x0d\xc4\x9e\x0e\xc5\xbe\xef\
\xc6\x8e\x0e\x64\x64\x46\xba\xe4\x35\xd3\x49\x4b\xeb\x99\x76\x56\
\x02\x08\x0f\x5a\x22\xb2\xe8\xa3\xd4\xa2\x76\x89\xda\xf5\x22\x74\
\x57\x43\xe8\x1e\x3a\xe8\xbc\x02\xe6\xb5\x59\x68\x15\xd2\x9d\x56\
\xa0\x16\x22\xdf\xbe\x28\xfc\x64\x28\xfc\x5f\x5d\x72\x94\xb6\xd2\
\x32\x88\x5a\x42\x64\x41\x29\x64\x0a\x0c\xc8\x00\xc2\xd9\x28\x5d\
\xee\x72\xd2\x69\x51\xba\x44\xed\x7a\x11\xb8\xfd\x10\xb8\xef\x1d\
\x70\x10\x0c\x0b\x10\x16\x36\xa6\x3b\x17\xfd\x42\xe0\xcd\x8b\x62\
\xef\x86\x62\x4f\x26\x9d\xe0\x09\x1f\x38\x53\x62\xbd\x74\x9e\x21\
\x3f\x21\x05\x5c\x29\xcc\x10\x2b\xac\x4b\x32\x45\xe6\xbc\x97\x20\
\x4a\x97\x15\xb5\xeb\x45\xf0\xb6\x83\xf0\xae\xba\x79\x03\x89\x45\
\x63\x17\x36\x29\xe2\x26\xa9\x17\x05\xff\x3a\x18\x7c\xda\xe5\x26\
\x46\x69\x34\x8b\xca\x48\xf3\x03\x6a\xf4\x1b\x70\x73\x3b\x08\x6f\
\xd6\x81\x17\x5c\x60\x31\xa6\xd7\x73\xb3\x19\x0c\x3e\xef\x51\x54\
\xc8\x76\x13\x7d\x90\xc9\xf5\x91\x13\x4e\xf3\x26\xbc\x86\x9b\xf5\
\x20\xbc\xeb\x0e\xbc\x68\x1d\x4b\x00\xaf\xe7\xe6\x66\x30\x78\xd3\
\xe5\x46\x7b\xf4\x56\x96\xac\x95\x3e\xbe\x2f\x37\xab\x41\x78\x8b\
\x6e\x5a\x1b\xc3\xb4\x32\xea\xf5\xe4\x7c\x19\x8c\xbe\xec\xd9\x23\
\x71\x33\xd2\x2c\xa5\x24\x5d\xaf\xaa\x42\x4b\x55\xaf\x62\xe7\xf3\
\x20\xbe\xcf\x7d\x5b\x85\x42\x7a\x90\x96\x57\xd3\xb3\x1c\x0c\xff\
\xa5\x1b\xde\xe2\x7e\x14\x10\x80\x87\x7e\xd3\x79\xbb\xdc\x59\x0c\
\xc2\x5b\xf5\xb0\x83\x00\xb4\x06\xf3\x7a\x76\x9a\xc1\xf0\x37\xdd\
\xf0\xce\xe0\x3e\x85\x00\xac\x92\xe9\x7d\xd9\xb9\x1e\x84\xb7\xee\
\x11\x7e\x04\xa6\x8d\x8e\xaf\x67\x67\x3e\x18\x7e\xd3\x0d\x0f\x3a\
\x73\x93\xbc\xec\xdd\xc9\x7f\x5e\x58\x9f\x2e\x73\xd5\x4c\xf7\xcd\
\x69\xf5\xdc\xd8\x63\xf4\x93\x83\xc0\xcd\x64\xbf\x5d\x3e\x7c\xc4\
\x22\x8b\x2b\xfc\xc9\x57\xa1\x8d\xc7\x5f\x56\x5d\x3c\xd6\xdb\xcd\
\x59\x22\xb8\x93\x27\xe9\xce\x26\x35\x58\xc3\x84\x44\xc7\x8a\x09\
\xd8\xf1\x5a\x9a\xf1\x69\x65\xb2\x4c\x5b\x7c\xa4\x78\x71\xca\x59\
\xd3\x21\xec\xb6\x45\x58\x1f\x6c\xc3\xf2\x71\x28\x5f\xb1\x04\xd4\
\xd9\xbc\xb1\x4a\xc5\xf9\xcd\xe9\xcc\xe7\x73\xd3\xec\x5f\x47\xed\
\xc6\xcc\xa4\xc8\x0b\x87\x47\x8d\xed\xea\xe3\x87\xd9\xc5\xd9\x80\
\xf6\xa9\x05\xc3\x01\xc4\x56\x98\x6e\x20\x0a\xb5\x1d\x9d\x37\x9f\
\x07\x9b\x9e\x07\x7b\x56\xb8\x9e\x4c\x3b\x89\xba\xeb\x4c\x49\x59\
\x97\x2c\x60\xc2\x05\x2d\x15\x56\x44\xc8\x97\x57\x58\xcf\xca\x04\
\x56\x4f\x51\xad\x26\x26\x3c\x8d\xc8\xa0\x13\x73\x46\x2a\xac\xe7\
\x6c\x8e\xad\x19\xa6\xa4\x89\x78\xb1\x32\x96\x85\x94\x4a\xe3\x81\
\xc5\xcb\x18\xd1\x61\x1c\xb3\x01\x57\x14\x8b\x2f\xa9\x9d\x03\x06\
\x41\xaa\x10\x85\xa5\xd3\x0d\xfe\x8d\x4a\x42\x83\xb4\x06\x8f\x3c\
\x49\x42\xee\x03\x9c\x5d\x33\xc0\xb2\xc4\xdb\x95\x00\xec\xf5\x78\
\xe8\x88\x41\x5a\x98\x8a\x0c\xc1\x58\x56\x00\x81\x28\x10\xa0\x02\
\xca\x47\x00\x19\x71\x9e\x0c\x28\x04\x91\x21\x24\x5d\x00\x19\x51\
\x50\xe0\x03\x38\x91\x11\x44\x53\xf0\x44\x27\x08\x01\x6e\xf3\x82\
\xc2\x67\x30\xd6\x88\x12\x3e\x10\x98\x95\xa8\x74\x88\x4c\x47\x98\
\x0a\x8a\x5e\xe9\x10\x95\x8e\x8a\x45\x0b\x8a\x5e\xb1\x88\x1a\xbd\
\xb2\x81\x47\x35\xa9\x94\xab\x58\xd0\xda\x2a\x02\xc2\x53\x19\xa9\
\x78\xd0\x7b\x0a\x23\x04\x89\x55\x10\x82\x18\xa9\x84\x08\x22\x84\
\x30\x54\x44\xec\x80\xa1\x2e\x10\x61\xa8\x88\xd8\x01\x44\x46\xc4\
\x08\x43\x45\x74\x58\x95\x8a\x88\x56\x85\xe5\xd2\x27\x03\x40\x70\
\x95\x93\xba\x24\x81\xe0\x7c\xef\x49\xa3\xfa\x76\xe0\x03\x58\x88\
\x70\xdd\xd3\xdf\x9b\xbb\x8f\xb6\x45\xb9\x7b\xd9\xb4\x44\x7a\xf6\
\xb5\x4f\xb3\xfb\x01\xcd\x5e\x3d\x4b\xb3\xed\x21\xbd\xef\x45\x90\
\x99\xe0\x91\xb8\x38\x17\x70\xf1\x3c\x91\x7f\x1b\x14\xf9\xe4\x1d\
\x44\x7e\xf7\x84\xc8\x51\x0e\xca\x4a\xcd\x3d\x28\xa9\xf3\xd9\x59\
\x49\xe5\x39\x6e\x6e\x68\xc3\x6c\x4a\xb2\xe2\xa7\x3a\x07\x7e\xa2\
\xf3\x10\x38\x89\xac\xa4\x11\x3f\xca\x9c\xd7\x84\x22\x99\x73\x4a\
\x6a\xd2\x39\xa7\x8c\x22\xa1\x73\x4a\xeb\x22\x2e\x17\x78\xcd\x6b\
\xb6\xc2\x06\x3c\xa1\x45\xcb\x1d\x42\xc4\x3c\x9b\x32\x52\x3b\xa7\
\xec\x26\x89\xf1\x8a\x8b\x91\xc6\x38\xe5\x37\x09\x9e\xd7\x04\x27\
\x95\x71\x74\x20\x92\x18\x27\x0b\x22\xcd\xf3\x83\x09\x91\xca\xf8\
\xc1\x86\x48\x67\x9c\xe0\x65\x5c\x44\x93\x38\xf2\x44\x7a\xe3\x64\
\x01\x8c\x14\xc7\x09\x21\x23\xcd\xf1\x83\x25\x55\xd5\xf1\x83\x27\
\xa1\xee\x38\x01\x64\xa4\x3a\xfe\x68\x04\x79\xda\x4a\x58\xd5\x1d\
\x6f\xfb\x00\x27\x6f\x42\x60\xc4\x97\x28\x84\x79\xc4\x55\xe1\xf0\
\xb6\x1d\xf0\xb6\x1f\xf0\xb6\x21\xf0\x96\x23\xe0\xb7\x6a\x07\xc8\
\x57\xdb\x0f\xf8\xc1\x0f\x90\xaa\x53\x3f\xb0\x9c\x0c\xfb\x1f\x64\
\x08\x8d\x79\x5a\xcc\xc7\x22\xc1\x1b\xdc\xf1\x82\xe6\x0a\x4b\xa9\
\xa4\x6c\x8a\x11\x6f\xb1\xb2\x02\x1b\x30\x83\xb1\xa6\x8a\x90\x4c\
\x40\x76\x23\x6e\x89\xa9\xe4\xb1\x08\xf9\x4d\x42\x4c\x36\x3e\x53\
\xfc\xf7\x83\xe2\xdf\x0f\x89\x5f\x1b\x2c\x5c\xa0\x2b\xfe\x4e\x40\
\x0a\xf9\xd0\x43\xf3\x79\xd0\x5d\x37\xe8\x33\xc3\x3e\xe9\x3a\x14\
\xfd\xaf\x9e\x89\xc9\x79\x92\x53\x98\x6f\x3c\xd4\x37\x0d\x53\xe6\
\x50\xe3\x29\xe4\xb4\xc2\xbd\x07\x8d\x23\xa8\xc0\x83\x8c\x78\xae\
\xcc\xe6\x92\xb2\xbb\x98\xdc\x88\x5d\x0a\x19\xcf\xdf\x9c\xce\x75\
\x09\x2e\x00\x37\x98\xad\x98\xf1\x20\x53\x74\x8e\xbb\xbc\x40\x28\
\x25\x54\x83\x51\x16\x85\x1e\x92\x4f\xa5\xe6\xf3\xc1\x67\x37\x33\
\x68\x0f\xc6\xca\x80\xcb\x69\x3d\x5a\x4a\x51\xb5\x01\x14\x00\xb7\
\x28\x0e\xab\x8b\xd9\x58\x0c\xe4\xb8\x0e\xd2\x41\x1e\xaf\x72\xed\
\x93\x23\x61\x61\x2a\x4c\xc4\x02\x00\x45\x60\x4b\x75\x24\x0a\x18\
\x9e\x91\x05\x8f\x9d\x05\x0d\xaf\xd8\x50\xfc\x05\x0e\xcf\xe0\x22\
\xfe\x29\x48\xc8\xf8\x05\xa6\x5c\xca\x53\xe1\xb0\xe8\xb2\x0c\x73\
\xd9\x6e\x8b\x2b\x82\x41\x1d\xe2\xc3\x07\x9d\xbd\x03\x51\x43\xcc\
\xfe\x84\xcc\xa4\x6c\x10\x41\x59\x5d\xfa\xf1\x38\x5b\xbc\x24\xa6\
\x3c\x5f\xa5\x47\x14\x14\x81\x57\x4c\x65\xfa\xcc\x10\x81\xca\xe1\
\x33\x0c\x4e\xa8\x18\x71\x24\x88\xa4\xcc\x51\x2c\x3e\x86\xa4\x10\
\x45\xa2\x70\xe4\x91\xa3\x4a\x91\x38\x72\x54\x28\xca\xc3\x2b\x47\
\x44\x91\xa8\x1c\x11\x45\x82\x38\xaa\x14\x09\xe2\x88\x28\x22\x74\
\x8c\x28\x22\x70\x8c\x28\x2a\x0c\xe5\x97\x1a\x32\x82\xe1\xc4\x0f\
\xd1\x43\xec\xf4\xb9\xcc\xa3\xcf\xc0\x04\x66\xb3\xde\x11\xbd\xd9\
\x7d\xee\x34\x1d\x73\xe9\x6b\xe8\x57\x7a\x17\xd7\xb9\xe8\xb6\x6f\
\xac\xf4\xab\xc9\x33\x94\xfe\xf5\xbd\x94\x7e\x75\xf5\xb4\xd2\xb5\
\xc2\x54\x00\x1e\xeb\x7b\xb3\x27\x95\x9e\x93\xb9\xab\xf4\x2c\x58\
\xcc\x1c\xe5\x5b\x52\x37\x55\xea\xb6\x4a\x5d\xff\x50\xea\xf6\xed\
\xb4\xae\x73\x25\xf1\xa8\x75\x1b\xda\x5a\x07\xd2\xba\xe6\x15\x5d\
\xd5\x7a\xf0\x55\xeb\x40\x5a\xc7\x54\xce\x5a\x87\x44\x5a\x27\x2d\
\x77\xb5\x1e\x7f\x4e\xeb\xca\x0f\x88\x5d\xff\x48\xec\xb6\xad\xf6\
\xf0\x93\x6a\x77\xa7\x72\xcf\x34\xfd\x40\xee\xd0\x92\xbb\x73\x55\
\xee\x81\x13\x49\x8f\x72\x07\xdc\x18\x7e\x42\xee\xd7\xea\x6a\x0e\
\xf3\xf7\x94\xfb\x73\x6a\x8d\xf4\x96\xb5\x46\xfd\x17\x2b\x9f\x57\
\xa9\x14\x9d\x10\xfd\x33\x0f\x1a\x8d\xff\xdb\x6b\x8d\x06\x7e\x65\
\xad\x91\xfb\xce\xeb\xbc\xfa\xf9\x5d\x6e\xfc\x2e\x37\xfe\xdd\xe5\
\x46\x73\xfe\xb6\xe2\xfd\xcb\x8d\x26\xfc\xca\x72\x23\xf7\x75\x0d\
\x2e\x7f\x7e\x57\x1c\xbf\x2b\x8e\x7f\x6b\xc5\x71\xf2\xe5\x78\x4b\
\x37\xe5\xf2\x29\xff\x6f\xae\x3f\xff\xf8\x3f\xbd\xeb\xbf\x37\
\x00\x00\x02\xde\
\x3c\
\x73\x76\x67\x20\x78\x6d\x6c\x6e\x73\x3d\x22\x68\x74\x74\x70\x3a\
\x2f\x2f\x77\x77\x77\x2e\x77\x33\x2e\x6f\x72\x67\x2f\x32\x30\x30\
\x30\x2f\x73\x76\x67\x22\x20\x77\x69\x64\x74\x68\x3d\x22\x32\x34\
\x22\x20\x68\x65\x69\x67\x68\x74\x3d\x22\x32\x34\x22\x20\x76\x65\
\x72\x73\x69\x6f\x6e\x3d\x22\x31\x2e\x31\x22\x20\x76\x69\x65\x77\
\x42\x6f\x78\x3d\x22\x30\x20\x30\x20\x32\x34\x20\x32\x34\x22\x3e\
\x0a\x20\x20\x3c\x67\x20\x74\x72\x61\x6e\x73\x66\x6f\x72\x6d\x3d\
\x22\x74\x72\x61\x6e\x73\x6c\x61\x74\x65\x28\x2d\x30\x29\x20\x73\
\x63\x61\x6c\x65\x28\x2e\x30\x34\x36\x38\x37\x35\x29\x22\x20\x66\
\x69\x6c\x6c\x3d\x22\x23\x35\x35\x35\x38\x35\x43\x22\x3e\x0a\x20\
\x20\x20\x20\x3c\x70\x61\x74\x68\x20\x69\x64\x3d\x22\x61\x22\x20\
\x64\x3d\x22\x6d\x36\x39\x2e\x30\x31\x32\x20\x34\x36\x36\x2e\x33\
\x36\x76\x2d\x33\x37\x33\x2e\x39\x38\x63\x30\x2d\x31\x32\x2e\x38\
\x35\x35\x20\x34\x2e\x35\x37\x37\x33\x2d\x32\x33\x2e\x38\x36\x31\
\x20\x31\x33\x2e\x37\x33\x32\x2d\x33\x33\x2e\x30\x31\x35\x20\x39\
\x2e\x31\x35\x34\x36\x2d\x39\x2e\x31\x35\x34\x36\x20\x32\x30\x2e\
\x31\x36\x2d\x31\x33\x2e\x37\x33\x32\x20\x33\x33\x2e\x30\x31\x35\
\x2d\x31\x33\x2e\x37\x33\x32\x68\x31\x32\x30\x2e\x32\x34\x76\x34\
\x36\x2e\x37\x34\x37\x68\x2d\x31\x32\x30\x2e\x32\x34\x76\x33\x30\
\x32\x2e\x36\x39\x6c\x31\x31\x36\x2e\x38\x37\x2d\x35\x30\x2e\x32\
\x35\x33\x20\x31\x31\x36\x2e\x38\x37\x20\x35\x30\x2e\x32\x35\x33\
\x76\x2d\x31\x34\x32\x2e\x34\x35\x68\x34\x36\x2e\x37\x34\x37\x76\
\x32\x31\x33\x2e\x37\x34\x6c\x2d\x31\x36\x33\x2e\x36\x31\x2d\x37\
\x30\x2e\x31\x32\x31\x7a\x6d\x34\x36\x2e\x37\x34\x37\x2d\x33\x37\
\x33\x2e\x39\x38\x68\x31\x32\x30\x2e\x32\x34\x7a\x22\x20\x73\x74\
\x72\x6f\x6b\x65\x2d\x77\x69\x64\x74\x68\x3d\x22\x2e\x35\x38\x34\
\x33\x34\x22\x20\x2f\x3e\x0a\x20\x20\x20\x20\x3c\x70\x61\x74\x68\
\x20\x69\x64\x3d\x22\x62\x22\x20\x64\x3d\x22\x6d\x33\x35\x34\x2e\
\x38\x31\x20\x31\x38\x31\x2e\x34\x34\x76\x2d\x33\x36\x2e\x38\x39\
\x38\x68\x35\x35\x2e\x36\x34\x39\x63\x34\x39\x2e\x39\x38\x34\x2d\
\x31\x2e\x33\x32\x34\x36\x20\x34\x35\x2e\x38\x37\x38\x2d\x35\x38\
\x2e\x39\x39\x35\x20\x30\x2d\x35\x38\x2e\x39\x39\x35\x68\x2d\x35\
\x39\x2e\x33\x33\x31\x6c\x31\x39\x2e\x39\x30\x38\x20\x31\x39\x2e\
\x39\x30\x38\x2d\x32\x32\x2e\x37\x31\x31\x20\x32\x32\x2e\x37\x31\
\x31\x2d\x36\x31\x2e\x30\x36\x38\x2d\x36\x31\x2e\x30\x36\x38\x20\
\x36\x31\x2e\x30\x36\x38\x2d\x36\x31\x2e\x30\x36\x38\x20\x32\x32\
\x2e\x37\x31\x31\x20\x32\x32\x2e\x37\x31\x31\x2d\x31\x39\x2e\x39\
\x30\x38\x20\x31\x39\x2e\x39\x30\x38\x68\x35\x39\x2e\x33\x33\x31\
\x63\x34\x35\x2e\x30\x37\x38\x2d\x30\x2e\x36\x38\x32\x31\x33\x20\
\x37\x30\x2e\x31\x38\x34\x20\x32\x31\x2e\x37\x20\x37\x30\x2e\x36\
\x35\x37\x20\x36\x36\x2e\x33\x39\x36\x2d\x30\x2e\x35\x33\x38\x38\
\x34\x20\x34\x36\x2e\x39\x32\x37\x2d\x32\x37\x2e\x30\x33\x35\x20\
\x36\x36\x2e\x31\x34\x2d\x37\x30\x2e\x36\x35\x37\x20\x36\x36\x2e\
\x33\x39\x36\x7a\x22\x20\x73\x74\x72\x6f\x6b\x65\x2d\x77\x69\x64\
\x74\x68\x3d\x22\x2e\x32\x36\x36\x33\x37\x22\x20\x2f\x3e\x0a\x20\
\x20\x3c\x2f\x67\x3e\x0a\x3c\x2f\x73\x76\x67\x3e\x0a\
\x00\x00\x01\x35\
\x3c\
\x73\x76\x67\x20\x78\x6d\x6c\x6e\x73\x3d\x22\x68\x74\x74\x70\x3a\
\x2f\x2f\x77\x77\x77\x2e\x77\x33\x2e\x6f\x72\x67\x2f\x32\x30\x30\
\x30\x2f\x73\x76\x67\x22\x20\x77\x69\x64\x74\x68\x3d\x22\x32\x34\
\x22\x20\x68\x65\x69\x67\x68\x74\x3d\x22\x32\x34\x22\x20\x76\x65\
\x72\x73\x69\x6f\x6e\x3d\x22\x31\x2e\x31\x22\x20\x76\x69\x65\x77\
\x42\x6f\x78\x3d\x22\x30\x20\x30\x20\x32\x34\x20\x32\x34\x22\x3e\
\x0a\x20\x20\x3c\x67\x20\x74\x72\x61\x6e\x73\x66\x6f\x72\x6d\x3d\
\x22\x74\x72\x61\x6e\x73\x6c\x61\x74\x65\x28\x2d\x30\x29\x20\x73\
\x63\x61\x6c\x65\x28\x2e\x30\x34\x36\x38\x37\x35\x29\x22\x3e\x0a\
\x20\x20\x20\x20\x3c\x70\x61\x74\x68\x20\x69\x64\x3d\x22\x61\x22\
\x20\x64\x3d\x22\x6d\x36\x39\x2e\x39\x39\x32\x20\x34\x34\x37\x2e\
\x35\x39\x63\x36\x2d\x31\x34\x38\x20\x32\x30\x2d\x32\x34\x34\x20\
\x35\x31\x2d\x32\x39\x30\x20\x34\x37\x2d\x37\x30\x20\x31\x35\x37\
\x2d\x37\x34\x20\x33\x34\x31\x2d\x37\x34\x22\x20\x66\x69\x6c\x6c\
\x3d\x22\x6e\x6f\x6e\x65\x22\x20\x73\x74\x72\x6f\x6b\x65\x3d\x22\
\x23\x35\x35\x35\x38\x35\x43\x22\x20\x73\x74\x72\x6f\x6b\x65\x2d\
\x6c\x69\x6e\x65\x6a\x6f\x69\x6e\x3d\x22\x72\x6f\x75\x6e\x64\x22\
\x20\x73\x74\x72\x6f\x6b\x65\x2d\x77\x69\x64\x74\x68\x3d\x22\x34\
\x30\x22\x20\x2f\x3e\x0a\x20\x20\x3c\x2f\x67\x3e\x0a\x3c\x2f\x73\
\x76\x67\x3e\x0a\
\x00\x00\x02\xc0\
\x3c\
\x73\x76\x67\x20\x78\x6d\x6c\x6e\x73\x3d\x22\x68\x74\x74\x70\x3a\
\x2f\x2f\x77\x77\x77\x2e\x77\x33\x2e\x6f\x72\x67\x2f\x32\x30\x30\
\x30\x2f\x73\x76\x67\x22\x20\x77\x69\x64\x74\x68\x3d\x22\x32\x34\
\x22\x20\x68\x65\x69\x67\x68\x74\x3d\x22\x32\x34\x22\x20\x76\x65\
\x72\x73\x69\x6f\x6e\x3d\x22\x31\x2e\x31\x22\x20\x76\x69\x65\x77\
\x42\x6f\x78\x3d\x22\x30\x20\x30\x20\x32\x34\x20\x32\x34\x22\x3e\
\x0a\x20\x20\x3c\x67\x20\x74\x72\x61\x6e\x73\x66\x6f\x72\x6d\x3d\
\x22\x74\x72\x61\x6e\x73\x6c\x61\x74\x65\x28\x2d\x30\x29\x20\x73\
\x63\x61\x6c\x65\x28\x2e\x30\x34\x36\x38\x37\x35\x29\x22\x3e\x0a\
\x20\x20\x20\x20\x3c\x67\x20\x69\x64\x3d\x22\x61\x22\x20\x74\x72\
\x61\x6e\x73\x66\x6f\x72\x6d\x3d\x22\x72\x6f\x74\x61\x74\x65\x28\
\x2d\x33\x30\x20\x2d\x36\x39\x30\x2e\x36\x33\x20\x35\x32\x36\x2e\
\x31\x37\x29\x22\x20\x66\x69\x6c\x6c\x3d\x22\x23\x35\x35\x35\x38\
\x35\x43\x22\x20\x73\x74\x72\x6f\x6b\x65\x3d\x22\x23\x35\x35\x35\
\x38\x35\x43\x22\x20\x73\x74\x72\x6f\x6b\x65\x2d\x77\x69\x64\x74\
\x68\x3d\x22\x35\x22\x3e\x0a\x20\x20\x20\x20\x20\x20\x3c\x63\x69\
\x72\x63\x6c\x65\x20\x69\x64\x3d\x22\x62\x22\x20\x63\x78\x3d\x22\
\x35\x38\x2e\x35\x37\x34\x22\x20\x63\x79\x3d\x22\x37\x31\x30\x2e\
\x35\x34\x22\x20\x72\x3d\x22\x33\x32\x22\x20\x2f\x3e\x0a\x20\x20\
\x20\x20\x20\x20\x3c\x63\x69\x72\x63\x6c\x65\x20\x69\x64\x3d\x22\
\x63\x22\x20\x63\x78\x3d\x22\x31\x33\x37\x2e\x37\x39\x22\x20\x63\
\x79\x3d\x22\x38\x35\x34\x2e\x37\x38\x22\x20\x72\x3d\x22\x33\x32\
\x22\x20\x2f\x3e\x0a\x20\x20\x20\x20\x20\x20\x3c\x63\x69\x72\x63\
\x6c\x65\x20\x69\x64\x3d\x22\x64\x22\x20\x63\x78\x3d\x22\x34\x38\
\x31\x2e\x34\x37\x22\x20\x63\x79\x3d\x22\x37\x31\x31\x2e\x31\x31\
\x22\x20\x72\x3d\x22\x33\x32\x22\x20\x2f\x3e\x0a\x20\x20\x20\x20\
\x20\x20\x3c\x63\x69\x72\x63\x6c\x65\x20\x69\x64\x3d\x22\x65\x22\
\x20\x63\x78\x3d\x22\x32\x37\x37\x2e\x39\x36\x22\x20\x63\x79\x3d\
\x22\x37\x31\x39\x2e\x34\x35\x22\x20\x72\x3d\x22\x33\x32\x22\x20\
\x2f\x3e\x0a\x20\x20\x20\x20\x20\x20\x3c\x63\x69\x72\x63\x6c\x65\
\x20\x69\x64\x3d\x22\x66\x22\x20\x63\x78\x3d\x22\x33\x37\x34\x2e\
\x35\x34\x22\x20\x63\x79\x3d\x22\x38\x35\x37\x2e\x36\x34\x22\x20\
\x72\x3d\x22\x33\x32\x22\x20\x2f\x3e\x0a\x20\x20\x20\x20\x20\x20\
\x3c\x72\x65\x63\x74\x20\x69\x64\x3d\x22\x67\x22\x20\x74\x72\x61\
\x6e\x73\x66\x6f\x72\x6d\x3d\x22\x72\x6f\x74\x61\x74\x65\x28\x39\
\x30\x29\x22\x20\x78\x3d\x22\x37\x36\x37\x2e\x31\x33\x22\x20\x79\
\x3d\x22\x2d\x35\x30\x36\x2e\x33\x22\x20\x77\x69\x64\x74\x68\x3d\
\x22\x33\x33\x2e\x34\x39\x32\x22\x20\x68\x65\x69\x67\x68\x74\x3d\
\x22\x35\x30\x31\x2e\x32\x33\x22\x20\x72\x78\x3d\x22\x30\x22\x20\
\x72\x79\x3d\x22\x30\x22\x20\x73\x74\x72\x6f\x6b\x65\x2d\x6c\x69\
\x6e\x65\x63\x61\x70\x3d\x22\x73\x71\x75\x61\x72\x65\x22\x20\x73\
\x74\x72\x6f\x6b\x65\x2d\x6d\x69\x74\x65\x72\x6c\x69\x6d\x69\x74\
\x3d\x22\x30\x22\x20\x2f\x3e\x0a\x20\x20\x20\x20\x3c\x2f\x67\x3e\
\x0a\x20\x20\x3c\x2f\x67\x3e\x0a\x3c\x2f\x73\x76\x67\x3e\x0a\
\x00\x00\x02\x67\
\x3c\
\x73\x76\x67\x20\x78\x6d\x6c\x6e\x73\x3d\x22\x68\x74\x74\x70\x3a\
\x2f\x2f\x77\x77\x77\x2e\x77\x33\x2e\x6f\x72\x67\x2f\x32\x30\x30\
\x30\x2f\x73\x76\x67\x22\x20\x77\x69\x64\x74\x68\x3d\x22\x32\x34\
\x22\x20\x68\x65\x69\x67\x68\x74\x3d\x22\x32\x34\x22\x20\x76\x65\
\x72\x73\x69\x6f\x6e\x3d\x22\x31\x2e\x31\x22\x20\x76\x69\x65\x77\
\x42\x6f\x78\x3d\x22\x30\x20\x30\x20\x32\x34\x20\x32\x34\x22\x3e\
\x0a\x20\x20\x3c\x67\x20\x74\x72\x61\x6e\x73\x66\x6f\x72\x6d\x3d\
\x22\x74\x72\x61\x6e\x73\x6c\x61\x74\x65\x28\x2d\x30\x29\x20\x73\
\x63\x61\x6c\x65\x28\x2e\x30\x34\x36\x38\x37\x35\x29\x22\x20\x66\
\x69\x6c\x6c\x3d\x22\x23\x35\x35\x35\x38\x35\x43\x22\x20\x73\x74\
\x72\x6f\x6b\x65\x3d\x22\x23\x35\x35\x35\x38\x35\x43\x22\x20\x73\
\x74\x72\x6f\x6b\x65\x2d\x77\x69\x64\x74\x68\x3d\x22\x35\x22\x3e\
\x0a\x20\x20\x20\x20\x3c\x63\x69\x72\x63\x6c\x65\x20\x69\x64\x3d\
\x22\x61\x22\x20\x63\x78\x3d\x22\x38\x36\x2e\x38\x37\x34\x22\x20\
\x63\x79\x3d\x22\x33\x31\x36\x22\x20\x72\x3d\x22\x33\x32\x22\x20\
\x2f\x3e\x0a\x20\x20\x20\x20\x3c\x63\x69\x72\x63\x6c\x65\x20\x69\
\x64\x3d\x22\x62\x22\x20\x63\x78\x3d\x22\x31\x37\x37\x2e\x38\x32\
\x22\x20\x63\x79\x3d\x22\x31\x39\x36\x22\x20\x72\x3d\x22\x33\x32\
\x22\x20\x2f\x3e\x0a\x20\x20\x20\x20\x3c\x63\x69\x72\x63\x6c\x65\
\x20\x69\x64\x3d\x22\x63\x22\x20\x63\x78\x3d\x22\x34\x35\x30\x2e\
\x36\x37\x22\x20\x63\x79\x3d\x22\x33\x31\x36\x22\x20\x72\x3d\x22\
\x33\x32\x22\x20\x2f\x3e\x0a\x20\x20\x20\x20\x3c\x63\x69\x72\x63\
\x6c\x65\x20\x69\x64\x3d\x22\x64\x22\x20\x63\x78\x3d\x22\x32\x36\
\x38\x2e\x37\x37\x22\x20\x63\x79\x3d\x22\x33\x31\x36\x22\x20\x72\
\x3d\x22\x33\x32\x22\x20\x2f\x3e\x0a\x20\x20\x20\x20\x3c\x63\x69\
\x72\x63\x6c\x65\x20\x69\x64\x3d\x22\x65\x22\x20\x63\x78\x3d\x22\
\x33\x35\x39\x2e\x37\x32\x22\x20\x63\x79\x3d\x22\x31\x39\x36\x22\
\x20\x72\x3d\x22\x33\x32\x22\x20\x2f\x3e\x0a\x20\x20\x20\x20\x3c\
\x72\x65\x63\x74\x20\x69\x64\x3d\x22\x66\x22\x20\x74\x72\x61\x6e\
\x73\x66\x6f\x72\x6d\x3d\x22\x72\x6f\x74\x61\x74\x65\x28\x39\x30\
\x29\x22\x20\x78\x3d\x22\x32\x33\x39\x2e\x32\x35\x22\x20\x79\x3d\
\x22\x2d\x35\x30\x36\x2e\x36\x31\x22\x20\x77\x69\x64\x74\x68\x3d\
\x22\x33\x33\x2e\x34\x39\x32\x22\x20\x68\x65\x69\x67\x68\x74\x3d\
\x22\x35\x30\x31\x2e\x32\x33\x22\x20\x72\x78\x3d\x22\x30\x22\x20\
\x72\x79\x3d\x22\x30\x22\x20\x73\x74\x72\x6f\x6b\x65\x2d\x6c\x69\
\x6e\x65\x63\x61\x70\x3d\x22\x73\x71\x75\x61\x72\x65\x22\x20\x73\
\x74\x72\x6f\x6b\x65\x2d\x6d\x69\x74\x65\x72\x6c\x69\x6d\x69\x74\
\x3d\x22\x30\x22\x20\x2f\x3e\x0a\x20\x20\x3c\x2f\x67\x3e\x0a\x3c\
\x2f\x73\x76\x67\x3e\x0a\
\x00\x00\x01\xdc\
\x3c\
\x73\x76\x67\x20\x78\x6d\x6c\x6e\x73\x3d\x22\x68\x74\x74\x70\x3a\
\x2f\x2f\x77\x77\x77\x2e\x77\x33\x2e\x6f\x72\x67\x2f\x32\x30\x30\
\x30\x2f\x73\x76\x67\x22\x20\x77\x69\x64\x74\x68\x3d\x22\x32\x34\
\x22\x20\x68\x65\x69\x67\x68\x74\x3d\x22\x32\x34\x22\x20\x76\x69\
\x65\x77\x42\x6f\x78\x3d\x22\x30\x20\x30\x20\x32\x34\x20\x32\x34\
\x22\x3e\x0a\x20\x20\x3c\x70\x61\x74\x68\x20\x64\x3d\x22\x4d\x33\
\x2e\x32\x20\x31\x39\x2e\x36\x20\x32\x2e\x32\x20\x37\x2e\x34\x20\
\x31\x32\x20\x31\x2e\x38\x20\x32\x31\x2e\x38\x20\x37\x2e\x34\x20\
\x32\x30\x2e\x38\x20\x31\x39\x2e\x36\x5a\x22\x20\x66\x69\x6c\x6c\
\x3d\x22\x6e\x6f\x6e\x65\x22\x20\x73\x74\x72\x6f\x6b\x65\x3d\x22\
\x23\x35\x35\x35\x38\x35\x43\x22\x20\x73\x74\x72\x6f\x6b\x65\x2d\
\x77\x69\x64\x74\x68\x3d\x22\x31\x2e\x33\x35\x22\x20\x73\x74\x72\
\x6f\x6b\x65\x2d\x6c\x69\x6e\x65\x6a\x6f\x69\x6e\x3d\x22\x72\x6f\
\x75\x6e\x64\x22\x20\x73\x74\x72\x6f\x6b\x65\x2d\x64\x61\x73\x68\
\x61\x72\x72\x61\x79\x3d\x22\x32\x2e\x32\x20\x31\x2e\x38\x22\x20\
\x2f\x3e\x0a\x20\x20\x3c\x63\x69\x72\x63\x6c\x65\x20\x63\x78\x3d\
\x22\x31\x32\x22\x20\x63\x79\x3d\x22\x31\x31\x2e\x37\x22\x20\x72\
\x3d\x22\x33\x2e\x35\x35\x22\x20\x66\x69\x6c\x6c\x3d\x22\x6e\x6f\
\x6e\x65\x22\x20\x73\x74\x72\x6f\x6b\x65\x3d\x22\x23\x35\x35\x35\
\x38\x35\x43\x22\x20\x73\x74\x72\x6f\x6b\x65\x2d\x77\x69\x64\x74\
\x68\x3d\x22\x31\x2e\x33\x35\x22\x20\x2f\x3e\x0a\x20\x20\x3c\x67\
\x20\x73\x74\x72\x6f\x6b\x65\x3d\x22\x23\x35\x35\x35\x38\x35\x43\
\x22\x20\x73\x74\x72\x6f\x6b\x65\x2d\x77\x69\x64\x74\x68\x3d\x22\
\x31\x2e\x33\x35\x22\x20\x73\x74\x72\x6f\x6b\x65\x2d\x6c\x69\x6e\
\x65\x63\x61\x70\x3d\x22\x72\x6f\x75\x6e\x64\x22\x3e\x0a\x20\x20\
\x20\x20\x3c\x70\x61\x74\x68\x20\x64\x3d\x22\x4d\x31\x32\x20\x35\
\x2e\x37\x76\x32\x2e\x37\x4d\x31\x32\x20\x31\x35\x76\x32\x2e\x37\
\x4d\x36\x20\x31\x31\x2e\x37\x68\x32\x2e\x37\x4d\x31\x35\x2e\x33\
\x20\x31\x31\x2e\x37\x48\x31\x38\x22\x20\x2f\x3e\x0a\x20\x20\x3c\
\x2f\x67\x3e\x0a\x3c\x2f\x73\x76\x67\x3e\x0a\
\x00\x00\x01\x34\
\x3c\
\x73\x76\x67\x20\x78\x6d\x6c\x6e\x73\x3d\x22\x68\x74\x74\x70\x3a\
\x2f\x2f\x77\x77\x77\x2e\x77\x33\x2e\x6f\x72\x67\x2f\x32\x30\x30\
\x30\x2f\x73\x76\x67\x22\x20\x77\x69\x64\x74\x68\x3d\x22\x32\x34\
\x22\x20\x68\x65\x69\x67\x68\x74\x3d\x22\x32\x34\x22\x20\x76\x65\
\x72\x73\x69\x6f\x6e\x3d\x22\x31\x2e\x31\x22\x20\x76\x69\x65\x77\
\x42\x6f\x78\x3d\x22\x30\x20\x30\x20\x32\x34\x20\x32\x34\x22\x3e\
\x0a\x20\x20\x3c\x67\x20\x74\x72\x61\x6e\x73\x66\x6f\x72\x6d\x3d\
\x22\x74\x72\x61\x6e\x73\x6c\x61\x74\x65\x28\x2d\x30\x29\x20\x73\
\x63\x61\x6c\x65\x28\x2e\x30\x34\x36\x38\x37\x35\x29\x22\x3e\x0a\
\x20\x20\x20\x20\x3c\x70\x61\x74\x68\x20\x69\x64\x3d\x22\x61\x22\
\x20\x64\x3d\x22\x6d\x34\x34\x2e\x30\x30\x38\x20\x34\x32\x38\x2e\
\x34\x31\x63\x31\x39\x36\x20\x30\x20\x33\x30\x36\x2d\x34\x20\x33\
\x35\x33\x2d\x37\x34\x20\x33\x31\x2d\x34\x36\x20\x34\x35\x2d\x31\
\x34\x32\x20\x35\x31\x2d\x32\x39\x30\x22\x20\x66\x69\x6c\x6c\x3d\
\x22\x6e\x6f\x6e\x65\x22\x20\x73\x74\x72\x6f\x6b\x65\x3d\x22\x23\
\x35\x35\x35\x38\x35\x43\x22\x20\x73\x74\x72\x6f\x6b\x65\x2d\x6c\
\x69\x6e\x65\x6a\x6f\x69\x6e\x3d\x22\x72\x6f\x75\x6e\x64\x22\x20\
\x73\x74\x72\x6f\x6b\x65\x2d\x77\x69\x64\x74\x68\x3d\x22\x34\x30\
\x22\x20\x2f\x3e\x0a\x20\x20\x3c\x2f\x67\x3e\x0a\x3c\x2f\x73\x76\
\x67\x3e\x0a\
\x00\x00\x01\xdb\
\x3c\
\x73\x76\x67\x20\x78\x6d\x6c\x6e\x73\x3d\x22\x68\x74\x74\x70\x3a\
\x2f\x2f\x77\x77\x77\x2e\x77\x33\x2e\x6f\x72\x67\x2f\x32\x30\x30\
\x30\x2f\x73\x76\x67\x22\x20\x77\x69\x64\x74\x68\x3d\x22\x32\x34\
\x22\x20\x68\x65\x69\x67\x68\x74\x3d\x22\x32\x34\x22\x20\x76\x65\
\x72\x73\x69\x6f\x6e\x3d\x22\x31\x2e\x31\x22\x20\x76\x69\x65\x77\
\x42\x6f\x78\x3d\x22\x30\x20\x30\x20\x32\x34\x20\x32\x34\x22\x3e\
\x0a\x20\x20\x3c\x67\x20\x74\x72\x61\x6e\x73\x66\x6f\x72\x6d\x3d\
\x22\x74\x72\x61\x6e\x73\x6c\x61\x74\x65\x28\x2d\x30\x29\x20\x73\
\x63\x61\x6c\x65\x28\x2e\x30\x34\x36\x38\x37\x35\x29\x22\x3e\x0a\
\x20\x20\x20\x20\x3c\x70\x61\x74\x68\x20\x69\x64\x3d\x22\x61\x22\
\x20\x64\x3d\x22\x6d\x38\x39\x2e\x30\x31\x32\x20\x34\x36\x36\x2e\
\x33\x36\x76\x2d\x33\x37\x33\x2e\x39\x38\x63\x30\x2d\x31\x32\x2e\
\x38\x35\x35\x20\x34\x2e\x35\x37\x37\x33\x2d\x32\x33\x2e\x38\x36\
\x20\x31\x33\x2e\x37\x33\x32\x2d\x33\x33\x2e\x30\x31\x35\x73\x32\
\x30\x2e\x31\x36\x2d\x31\x33\x2e\x37\x33\x32\x20\x33\x33\x2e\x30\
\x31\x35\x2d\x31\x33\x2e\x37\x33\x32\x68\x32\x33\x33\x2e\x37\x34\
\x63\x31\x32\x2e\x38\x35\x35\x20\x30\x20\x32\x33\x2e\x38\x36\x20\
\x34\x2e\x35\x37\x37\x33\x20\x33\x33\x2e\x30\x31\x35\x20\x31\x33\
\x2e\x37\x33\x32\x73\x31\x33\x2e\x37\x33\x32\x20\x32\x30\x2e\x31\
\x36\x20\x31\x33\x2e\x37\x33\x32\x20\x33\x33\x2e\x30\x31\x35\x76\
\x33\x37\x33\x2e\x39\x38\x6c\x2d\x31\x36\x33\x2e\x36\x31\x2d\x37\
\x30\x2e\x31\x32\x31\x7a\x6d\x34\x36\x2e\x37\x34\x37\x2d\x37\x31\
\x2e\x32\x38\x39\x20\x31\x31\x36\x2e\x38\x37\x2d\x35\x30\x2e\x32\
\x35\x33\x20\x31\x31\x36\x2e\x38\x37\x20\x35\x30\x2e\x32\x35\x33\
\x76\x2d\x33\x30\x32\x2e\x36\x39\x68\x2d\x32\x33\x33\x2e\x37\x34\
\x7a\x6d\x30\x2d\x33\x30\x32\x2e\x36\x39\x68\x32\x33\x33\x2e\x37\
\x34\x7a\x22\x20\x66\x69\x6c\x6c\x3d\x22\x23\x35\x35\x35\x38\x35\
\x43\x22\x20\x73\x74\x72\x6f\x6b\x65\x2d\x77\x69\x64\x74\x68\x3d\
\x22\x2e\x35\x38\x34\x33\x34\x22\x20\x2f\x3e\x0a\x20\x20\x3c\x2f\
\x67\x3e\x0a\x3c\x2f\x73\x76\x67\x3e\x0a\
\x00\x00\x02\x9c\
\x3c\
\x73\x76\x67\x20\x78\x6d\x6c\x6e\x73\x3d\x22\x68\x74\x74\x70\x3a\
\x2f\x2f\x77\x77\x77\x2e\x77\x33\x2e\x6f\x72\x67\x2f\x32\x30\x30\
\x30\x2f\x73\x76\x67\x22\x20\x77\x69\x64\x74\x68\x3d\x22\x32\x34\
\x22\x20\x68\x65\x69\x67\x68\x74\x3d\x22\x32\x34\x22\x20\x76\x65\
\x72\x73\x69\x6f\x6e\x3d\x22\x31\x2e\x31\x22\x20\x76\x69\x65\x77\
\x42\x6f\x78\x3d\x22\x30\x20\x30\x20\x32\x34\x20\x32\x34\x22\x3e\
\x0a\x20\x20\x3c\x67\x20\x74\x72\x61\x6e\x73\x66\x6f\x72\x6d\x3d\
\x22\x74\x72\x61\x6e\x73\x6c\x61\x74\x65\x28\x2d\x30\x29\x20\x73\
\x63\x61\x6c\x65\x28\x2e\x30\x34\x36\x38\x37\x35\x29\x22\x3e\x0a\
\x20\x20\x20\x20\x3c\x67\x20\x69\x64\x3d\x22\x61\x22\x20\x74\x72\
\x61\x6e\x73\x66\x6f\x72\x6d\x3d\x22\x6d\x61\x74\x72\x69\x78\x28\
\x33\x32\x20\x30\x20\x30\x20\x33\x32\x20\x2d\x31\x32\x36\x2e\x36\
\x36\x20\x2d\x31\x33\x32\x2e\x38\x31\x29\x22\x20\x66\x69\x6c\x6c\
\x3d\x22\x23\x35\x35\x35\x38\x35\x43\x22\x3e\x0a\x20\x20\x20\x20\
\x20\x20\x3c\x63\x69\x72\x63\x6c\x65\x20\x69\x64\x3d\x22\x62\x22\
\x20\x63\x78\x3d\x22\x38\x2e\x36\x32\x35\x22\x20\x63\x79\x3d\x22\
\x31\x34\x2e\x35\x22\x20\x72\x3d\x22\x31\x2e\x35\x22\x20\x66\x69\
\x6c\x6c\x3d\x22\x23\x35\x35\x35\x38\x35\x43\x22\x20\x2f\x3e\x0a\
\x20\x20\x20\x20\x3c\x2f\x67\x3e\x0a\x20\x20\x20\x20\x3c\x67\x20\
\x69\x64\x3d\x22\x63\x22\x20\x74\x72\x61\x6e\x73\x66\x6f\x72\x6d\
\x3d\x22\x6d\x61\x74\x72\x69\x78\x28\x31\x2e\x31\x32\x35\x20\x30\
\x20\x30\x20\x31\x2e\x31\x32\x35\x20\x33\x35\x31\x2e\x36\x36\x20\
\x31\x37\x37\x2e\x37\x31\x29\x22\x20\x73\x74\x72\x6f\x6b\x65\x3d\
\x22\x23\x35\x35\x35\x38\x35\x43\x22\x3e\x0a\x20\x20\x20\x20\x20\
\x20\x3c\x67\x20\x69\x64\x3d\x22\x64\x22\x20\x74\x72\x61\x6e\x73\
\x66\x6f\x72\x6d\x3d\x22\x6d\x61\x74\x72\x69\x78\x28\x32\x35\x20\
\x30\x20\x30\x20\x32\x35\x20\x2d\x34\x36\x35\x2e\x39\x37\x20\x2d\
\x33\x31\x37\x2e\x39\x36\x29\x22\x3e\x0a\x20\x20\x20\x20\x20\x20\
\x20\x20\x3c\x72\x65\x63\x74\x20\x69\x64\x3d\x22\x65\x22\x20\x78\
\x3d\x22\x31\x34\x2e\x36\x38\x35\x22\x20\x79\x3d\x22\x37\x2e\x32\
\x32\x30\x36\x22\x20\x77\x69\x64\x74\x68\x3d\x22\x31\x2e\x31\x39\
\x38\x33\x22\x20\x68\x65\x69\x67\x68\x74\x3d\x22\x31\x36\x2e\x35\
\x31\x38\x22\x20\x72\x78\x3d\x22\x30\x22\x20\x72\x79\x3d\x22\x30\
\x22\x20\x66\x69\x6c\x6c\x3d\x22\x23\x35\x35\x35\x38\x35\x43\x22\
\x20\x73\x74\x72\x6f\x6b\x65\x3d\x22\x23\x35\x35\x35\x38\x35\x43\
\x22\x20\x73\x74\x72\x6f\x6b\x65\x2d\x6c\x69\x6e\x65\x63\x61\x70\
\x3d\x22\x73\x71\x75\x61\x72\x65\x22\x20\x73\x74\x72\x6f\x6b\x65\
\x2d\x6d\x69\x74\x65\x72\x6c\x69\x6d\x69\x74\x3d\x22\x30\x22\x20\
\x73\x74\x72\x6f\x6b\x65\x2d\x77\x69\x64\x74\x68\x3d\x22\x2e\x32\
\x31\x32\x33\x34\x22\x20\x2f\x3e\x0a\x20\x20\x20\x20\x20\x20\x3c\
\x2f\x67\x3e\x0a\x20\x20\x20\x20\x3c\x2f\x67\x3e\x0a\x20\x20\x3c\
\x2f\x67\x3e\x0a\x3c\x2f\x73\x76\x67\x3e\x0a\
\x00\x00\x02\xc3\
\x3c\
\x73\x76\x67\x20\x78\x6d\x6c\x6e\x73\x3d\x22\x68\x74\x74\x70\x3a\
\x2f\x2f\x77\x77\x77\x2e\x77\x33\x2e\x6f\x72\x67\x2f\x32\x30\x30\
\x30\x2f\x73\x76\x67\x22\x20\x77\x69\x64\x74\x68\x3d\x22\x32\x34\
\x22\x20\x68\x65\x69\x67\x68\x74\x3d\x22\x32\x34\x22\x20\x76\x65\
\x72\x73\x69\x6f\x6e\x3d\x22\x31\x2e\x31\x22\x20\x76\x69\x65\x77\
\x42\x6f\x78\x3d\x22\x30\x20\x30\x20\x32\x34\x20\x32\x34\x22\x3e\
\x0a\x20\x20\x3c\x67\x20\x74\x72\x61\x6e\x73\x66\x6f\x72\x6d\x3d\
\x22\x74\x72\x61\x6e\x73\x6c\x61\x74\x65\x28\x2d\x30\x29\x20\x73\
\x63\x61\x6c\x65\x28\x2e\x30\x34\x36\x38\x37\x35\x29\x22\x3e\x0a\
\x20\x20\x20\x20\x3c\x67\x20\x69\x64\x3d\x22\x61\x22\x20\x74\x72\
\x61\x6e\x73\x66\x6f\x72\x6d\x3d\x22\x6d\x61\x74\x72\x69\x78\x28\
\x30\x20\x2d\x31\x20\x2d\x31\x20\x30\x20\x35\x31\x31\x2e\x33\x36\
\x20\x34\x34\x35\x2e\x32\x34\x29\x22\x3e\x0a\x20\x20\x20\x20\x20\
\x20\x3c\x63\x69\x72\x63\x6c\x65\x20\x69\x64\x3d\x22\x62\x22\x20\
\x74\x72\x61\x6e\x73\x66\x6f\x72\x6d\x3d\x22\x6d\x61\x74\x72\x69\
\x78\x28\x33\x32\x20\x30\x20\x30\x20\x33\x32\x20\x2d\x31\x32\x36\
\x2e\x36\x36\x20\x2d\x31\x33\x32\x2e\x38\x31\x29\x22\x20\x63\x78\
\x3d\x22\x38\x2e\x36\x32\x35\x22\x20\x63\x79\x3d\x22\x31\x34\x2e\
\x35\x22\x20\x72\x3d\x22\x31\x2e\x35\x22\x20\x66\x69\x6c\x6c\x3d\
\x22\x23\x35\x35\x35\x38\x35\x43\x22\x20\x2f\x3e\x0a\x20\x20\x20\
\x20\x20\x20\x3c\x67\x20\x69\x64\x3d\x22\x63\x22\x20\x74\x72\x61\
\x6e\x73\x66\x6f\x72\x6d\x3d\x22\x6d\x61\x74\x72\x69\x78\x28\x31\
\x2e\x31\x32\x35\x20\x30\x20\x30\x20\x31\x2e\x31\x32\x35\x20\x33\
\x35\x31\x2e\x36\x36\x20\x31\x37\x37\x2e\x37\x31\x29\x22\x20\x73\
\x74\x72\x6f\x6b\x65\x3d\x22\x23\x35\x35\x35\x38\x35\x43\x22\x3e\
\x0a\x20\x20\x20\x20\x20\x20\x20\x20\x3c\x67\x20\x69\x64\x3d\x22\
\x64\x22\x20\x74\x72\x61\x6e\x73\x66\x6f\x72\x6d\x3d\x22\x6d\x61\
\x74\x72\x69\x78\x28\x32\x35\x20\x30\x20\x30\x20\x32\x35\x20\x2d\
\x34\x36\x35\x2e\x39\x37\x20\x2d\x33\x31\x37\x2e\x39\x36\x29\x22\
\x3e\x0a\x20\x20\x20\x20\x20\x20\x20\x20\x20\x20\x3c\x72\x65\x63\
\x74\x20\x69\x64\x3d\x22\x65\x22\x20\x78\x3d\x22\x31\x34\x2e\x36\
\x38\x35\x22\x20\x79\x3d\x22\x37\x2e\x32\x32\x30\x36\x22\x20\x77\
\x69\x64\x74\x68\x3d\x22\x31\x2e\x31\x39\x38\x33\x22\x20\x68\x65\
\x69\x67\x68\x74\x3d\x22\x31\x36\x2e\x35\x31\x38\x22\x20\x72\x78\
\x3d\x22\x30\x22\x20\x72\x79\x3d\x22\x30\x22\x20\x66\x69\x6c\x6c\
\x3d\x22\x23\x35\x35\x35\x38\x35\x43\x22\x20\x73\x74\x72\x6f\x6b\
\x65\x3d\x22\x23\x35\x35\x35\x38\x35\x43\x22\x20\x73\x74\x72\x6f\
\x6b\x65\x2d\x6c\x69\x6e\x65\x63\x61\x70\x3d\x22\x73\x71\x75\x61\
\x72\x65\x22\x20\x73\x74\x72\x6f\x6b\x65\x2d\x6d\x69\x74\x65\x72\
\x6c\x69\x6d\x69\x74\x3d\x22\x30\x22\x20\x73\x74\x72\x6f\x6b\x65\
\x2d\x77\x69\x64\x74\x68\x3d\x22\x2e\x32\x31\x32\x33\x34\x22\x20\
\x2f\x3e\x0a\x20\x20\x20\x20\x20\x20\x20\x20\x3c\x2f\x67\x3e\x0a\
\x20\x20\x20\x20\x20\x20\x3c\x2f\x67\x3e\x0a\x20\x20\x20\x20\x3c\
\x2f\x67\x3e\x0a\x20\x20\x3c\x2f\x67\x3e\x0a\x3c\x2f\x73\x76\x67\
\x3e\x0a\
\x00\x00\x09\x8e\
\x00\
\x00\x2b\x28\x78\x9c\xd5\x9a\xdb\x52\xe3\x3a\x16\x86\xef\xf7\x53\
\xa8\xbc\x6f\x9a\xaa\x91\xd0\xf9\xb0\x8b\xec\x8b\x79\x82\x79\x85\
\x10\x02\x49\x13\x12\x3a\xa4\x39\xf4\xd3\xcf\x2f\x2f\x99\xed\x20\
\x93\x76\x20\xdd\x53\x53\x54\xc5\x89\x6d\xad\xe3\xa7\xa5\x25\x9b\
\x8b\x87\xc7\x1b\xf6\xb4\xbc\xda\x2d\x26\x8d\xb6\x0d\x5b\xcc\x97\
\x37\x8b\x1d\x7d\x7f\x9c\x6f\x1f\x96\x9b\xf5\xa4\x51\x42\xe1\xd7\
\x72\xfe\xf4\xef\xcd\xf3\xa4\x91\x4c\x32\x6d\x59\xbe\xe3\xf9\x6e\
\xb5\x7e\x98\x34\x8b\xdd\xee\xfe\xaf\xf3\xf3\xa7\xa7\x27\xf1\x64\
\xc4\x66\x7b\x73\xae\xa5\x94\xe7\x10\xdd\xfc\xfd\x07\xbb\xb8\x61\
\xbb\xed\x74\xfd\x70\xbd\xd9\xde\x4d\x9a\xf6\xeb\x6a\xba\x9b\x7f\
\xe1\xf2\x8c\x3d\xcc\xa6\xab\xf9\x17\x21\xad\x8f\xc1\x9d\x35\xec\
\x7a\xb9\x5a\x4d\x9a\xf5\x66\x3d\x6f\xd8\xc3\x6e\xbb\xb9\x9d\x4f\
\x9a\x3f\x21\xab\xfb\xc5\x57\xcb\xf5\x7c\x36\xbd\x9f\x34\xdb\xcd\
\xf7\xf5\xd5\xde\xe9\xaf\x9b\xe5\xfa\xed\xf9\xe2\x99\xd1\xd9\x10\
\x76\x71\x35\xbf\x7e\x60\xcb\xab\x49\xf3\xbd\xfd\xcd\x2e\x66\xab\
\xe5\xfd\x7f\xa6\xbb\x45\x7b\xf2\x8a\x4e\xb2\x8b\xfb\xee\xcc\x63\
\xc3\xf0\x79\xa7\xb4\x76\xcc\x98\x45\x88\xfa\x31\x39\xb5\xe0\xf8\
\xf2\xa3\x39\x27\x11\xe7\x9d\x8c\x01\x89\xb3\x4a\xe2\x53\x91\x18\
\xad\x13\x91\x69\x61\x93\x57\x4c\x25\x25\x8c\x67\xca\x1a\xe1\x1c\
\xf7\x4e\x09\xe8\x8b\x3e\x0a\xc5\xe9\x12\xa7\x4b\xa3\x74\x5e\x56\
\x3a\x9f\x49\xa7\x97\x8e\x79\xa5\x17\x4a\x86\xf4\xa8\xa4\x93\x0b\
\x9e\xbf\x8e\x12\x3a\xad\x84\xbe\x14\x47\xa4\x32\xc2\x30\x17\x95\
\x70\x91\x05\x29\xe1\x95\xd3\x4e\x04\xc7\xad\x89\xc2\xe6\x4b\x56\
\x58\xc5\xdb\x4b\x9c\x2e\x8d\x52\xb9\xab\x54\xfe\x20\x95\x2e\x68\
\x16\x5c\x58\x98\x98\x1e\x6d\xf4\x0b\x8e\x2f\xa3\x24\x3e\x54\x12\
\xa7\x53\x12\x99\x60\x5c\x36\xdf\x78\x61\x3d\x83\x2f\x21\x05\xc4\
\x0a\x91\x37\xdc\xd8\x24\x52\x64\xd6\x7b\xe1\x78\x7b\xc9\x70\xba\
\x34\x4a\xe9\xb6\x56\x7a\x59\xf2\xe1\x12\x8b\xda\x2c\x4c\x92\xc5\
\x8f\x24\x47\x89\xfc\x56\x8b\x9c\x15\x3f\x62\x14\x5a\xb1\x28\xb5\
\xd0\x07\xdc\x50\x1f\xf0\xe3\xbe\x56\x7a\x45\x4a\x83\x0d\x2c\xc6\
\x74\xbc\x1f\x9b\x5a\xe4\xbc\xa3\x2a\xe4\xe9\x11\x7d\x10\xc9\x0e\
\x39\x12\xfa\xf9\x08\xc7\xf8\xb1\xae\x95\x5e\x93\xd2\x68\x2c\x4b\
\xce\x1d\xef\xc7\x5d\x2d\xf2\xa6\xf8\xa1\x3c\xe6\x2d\x4b\xc6\x08\
\x1f\x4f\xeb\xc7\xaa\x56\xba\x28\x10\x68\xcd\x94\xd4\xf2\x78\x47\
\x6e\x6b\x99\xcb\xae\x02\xa2\x28\x29\x96\x52\x12\x76\x90\xac\xb0\
\x47\xd6\x51\x9e\x7c\xad\xb5\x7e\x7d\x2d\x2e\x12\xae\xc0\x85\xa3\
\x5d\x59\xd6\x42\x6f\x8b\x50\x83\xba\x14\x20\xd6\xbb\xe1\x49\xf2\
\xf1\x9c\x2c\x6a\xa5\xab\xce\x13\x88\x55\xca\xe9\xe3\x3d\xb9\xa9\
\x85\xde\x15\xa1\x56\xa3\x5e\x41\xac\x91\x22\x9d\xd6\x93\xeb\x5a\
\xe9\xba\x43\x3a\x3a\xa6\xb4\x8a\xc7\x7b\x32\xaf\x85\x6e\x8a\x50\
\xa7\xb2\x1f\xc9\x8b\xc1\xea\x7b\x0c\x5c\x17\xe7\x79\x91\x6f\xbf\
\xdd\x50\xfc\x4c\xd3\xef\x3f\xee\xa6\xbb\xed\xf2\xf9\x0b\x96\xab\
\x7f\x49\xfc\xe5\x23\x57\xda\xe3\xc3\xc8\xb3\xd2\x15\x94\x81\x6a\
\x68\xa0\xf0\x5a\x5a\xc7\xb8\x50\xde\x63\x95\xee\x0e\x74\x36\x08\
\x9f\x1c\xaa\x88\x15\x52\x9f\xf5\x3a\x18\x67\xf2\x5f\xed\xfe\x3d\
\xb9\x6f\x92\x13\x12\xdd\x40\x32\x42\xfb\x19\xd7\x79\x31\xb2\x2c\
\x78\x11\x55\xe2\x98\x72\xce\x22\x3a\x5a\xe7\x65\x54\xe1\x6c\x6e\
\x15\xa4\x12\x51\xf3\x72\x0b\x0d\xe0\xe5\x16\x1a\xc0\xcb\x2d\x65\
\x40\xb9\x85\x06\xb0\xee\x96\x76\x00\xa3\x5b\xca\x00\x86\x35\x30\
\x78\xf8\x20\xa2\x93\x89\x21\xee\x1e\xbf\x8c\x16\x49\x62\xb6\x60\
\xf5\x56\xcc\x6b\x7c\x9a\xb7\x3d\x16\x56\xf6\x64\x43\xc9\x09\x9c\
\xdc\xac\x5e\x72\x57\x46\x8e\x7e\x6b\x86\x7b\x40\x85\xa9\x88\x80\
\x45\x21\x4d\xf0\x88\xd8\x3d\x7a\xb8\x1d\x3a\x4a\x83\x72\xa9\x74\
\x64\xed\x31\x78\xe8\x97\xf9\x78\x50\xe7\xc5\xf9\xcd\x5e\xfa\xec\
\x60\xfa\x30\xef\x93\x41\xfa\xa4\xb2\x39\xc8\xaf\x47\x3a\x8f\x2c\
\x0a\x15\x98\x46\xb8\x94\x3f\xeb\x12\x46\x02\xa7\xdb\x61\x90\x34\
\xcb\x1d\x71\x3e\xa2\xbd\x51\xb9\xd0\x23\x94\x22\x19\xdd\x8d\x7f\
\x15\xf0\xd0\xb0\x8c\x2a\xcf\x00\xa0\x07\xdd\xae\xbe\xfc\x79\x75\
\x56\xf9\x04\x24\x5d\xec\x86\xbe\x8e\xdd\xd5\x63\x67\x3f\x1b\xdb\
\x47\xed\x7b\x99\x69\xc9\x38\x4c\xb2\xa0\x84\x44\x37\x00\x3b\x3d\
\xd2\x8a\x55\xd6\x19\x35\x43\x35\xd1\x31\xa1\x1b\x45\x7a\x13\xb3\
\x5a\x48\x74\x28\x26\x8b\x54\x0c\xd3\x50\x47\x1c\x8c\x88\x06\xcb\
\x0b\x86\x2b\x50\x08\x9a\x22\xea\x1a\xf8\x08\x22\xe0\x32\x3a\x56\
\x8b\x69\xe0\x82\x90\x21\x72\x53\xba\x5b\x8c\x91\x89\x2b\x27\x8c\
\xce\x90\x0b\x97\xaf\x81\x78\x88\x75\x58\xe6\xbd\x59\x71\x87\xab\
\x1e\xed\x69\x0c\xc2\xb8\x19\xcf\x26\x68\x64\x23\x1b\xe4\x78\x6b\
\x82\x23\x83\x72\x5b\x09\x4a\x63\x6b\x50\x08\x3c\x9b\x90\x54\x6b\
\x90\xe6\xad\x15\x70\xc0\xf2\x6c\x01\x58\xce\xf6\xe4\x89\x41\x16\
\x60\x29\xe6\x45\x7d\x36\xc6\x68\xde\xaa\x0f\xc5\x98\x15\xa7\x70\
\xf0\x1c\x8e\x80\x69\x48\xda\x29\x1c\x9c\xc2\x41\xb6\x28\x5e\xb4\
\x93\x2d\x9c\xb4\x53\x34\xd0\xaa\x0b\x29\x2d\xd9\x82\xd2\x4b\x16\
\x14\x7b\x28\x22\x64\x0f\xaa\x68\x1b\x91\x62\x12\x23\x23\x78\x89\
\x08\x05\x84\x97\x80\x14\x1b\xc8\x22\xd6\xd9\x40\x09\x2a\x36\x90\
\x45\xac\x33\x22\x5b\xc4\x8a\x0d\x64\x51\x97\x15\xb2\xa8\x64\x85\
\xe5\xf6\x24\x1b\x00\xe3\x28\x26\x94\x92\x50\xcc\xf9\xd1\x6d\xc9\
\x72\x09\x8b\xee\xfa\x1d\xe0\xce\x5f\x69\x2d\x73\x70\xef\x5b\x21\
\xf8\xb1\x26\xf8\x72\x2c\xfd\x4f\xf5\xd8\xe9\x31\xf4\x3f\x77\x8b\
\x97\x34\x68\x63\xbc\xc3\xf4\xce\xfb\x14\x29\x24\x6a\x4b\xc2\x2f\
\x37\x2b\xc1\xed\xd3\xef\xfa\xf4\x23\xb8\x05\x3d\x0a\xee\x1b\xf8\
\x5d\x1f\x7e\xd4\xdd\x9f\xc1\x8f\xa6\xb9\x83\xdf\xa0\x5d\x8f\x86\
\x59\xd8\xe6\xc3\x20\xfc\x6a\x2c\xfc\xee\x0d\xfc\xd6\xfd\x03\x7f\
\x8b\x5e\x8f\x7f\x40\x43\x16\x14\x7b\x30\x0b\xdb\x80\xf0\x12\x90\
\x0f\x4d\x80\x04\xba\xdf\x85\xbf\x33\xa6\xa0\x36\x44\x7e\x58\x51\
\x34\x78\x1b\x0d\xff\x69\xf2\xbb\x74\x0c\x53\x0f\xe5\x7d\xea\xcd\
\x2f\xa0\xfe\xa5\x26\x77\x57\x91\xab\xb0\xbc\x1a\x57\x51\xff\xa3\
\x1e\xfb\xf0\xb3\xb1\x3d\xea\x2f\xbb\xdd\xad\xc5\xd6\x1b\xbb\xdb\
\x76\x37\x35\xb3\x80\x0c\x1d\x15\x42\x80\x6a\x00\x48\x82\x0c\x58\
\x00\x22\x3a\xfc\x0c\x52\x5e\xe5\x21\x31\x9f\xc4\xa2\x9c\x4c\x5e\
\x86\xdb\x1e\x41\xb6\x6b\x83\x46\x5c\xbd\x67\x58\x76\x23\x7a\x12\
\x8b\xfb\x41\x18\xf2\xa5\xa5\xc9\xa2\x92\x4f\x6d\x11\xc5\x8a\xad\
\x72\x56\xb8\x36\x22\x04\xd3\xf6\x14\x1a\x80\x69\x87\x24\x31\x83\
\xfc\x61\xb9\xc9\x30\x48\x6c\xef\x54\x10\xd6\x85\xdc\xc4\x60\x15\
\xca\x1a\xb0\x31\xd5\x11\x95\x18\x79\xca\x77\x00\xaf\xd6\x84\x6c\
\x4f\xf0\xbc\x98\x40\x06\x71\x32\xa1\x35\x08\xd0\x38\xe1\x60\x32\
\xc7\x22\x9c\x20\x04\xb7\x44\x0b\x3e\x72\xb3\x68\x32\xf2\x0e\x16\
\xc1\xd5\xa0\x80\x10\x8c\x74\x79\x89\x42\x14\x12\xcf\x51\x30\x2a\
\x5f\xc3\x66\x23\x23\x14\x49\x2b\xc2\xc0\x5b\xb5\x81\x6c\xe0\x45\
\x2b\xd9\xc0\x8b\xd6\x62\x03\x85\x81\x53\x18\xda\xa5\x35\xf2\x36\
\x0a\x8c\xa2\xc0\xdb\x28\xf8\x55\x1b\x04\x5e\x82\xa0\x8a\x87\x6d\
\x0c\x18\xc5\x80\xb7\x31\x60\x14\x03\x4e\x31\xa0\x34\x90\x31\xbe\
\xa4\xa1\x58\xd3\xa5\x81\xac\x61\x14\x03\xd6\xc6\x20\x6f\x04\xd1\
\xc7\x69\x46\x31\x60\x14\x03\x46\x31\xe8\x51\xee\xa6\xee\xaa\x7a\
\x68\x56\xc0\x1a\x43\xf9\xe5\x65\x4d\xea\x76\x24\xe5\x97\xb3\x7a\
\xec\xb7\x63\x28\xbf\xea\xb6\x58\x08\x18\xaa\x70\xbb\xd7\x7e\x8f\
\x72\xa4\x77\x80\xf2\x8c\x2b\xc2\x2b\xfd\x1e\xe6\x9a\x30\x37\x14\
\x5f\x75\x00\x73\x73\x02\xce\x55\x2e\xa0\xaf\x9c\x9b\xb0\xc7\xb9\
\x23\xc6\x54\xb1\xa8\xe5\x1c\x53\x21\xe7\xd8\x11\xe7\x4e\x67\xce\
\x5d\x22\xce\x89\xe5\xb7\x9c\xc7\xb1\x9c\x4b\x7f\x00\x74\xf5\x3e\
\xe8\x66\x8f\xf4\x30\x96\x74\xdb\x43\x5d\x51\x66\x86\x51\x77\x7d\
\xd4\x51\x7f\x5a\xd4\x03\xa3\x30\xf4\x50\x77\x39\xda\xc3\xa8\x5f\
\xcb\xcb\xb9\x9b\x7f\x06\xf5\x79\x8d\xeb\xfd\x58\xd4\xaf\xeb\xb1\
\x9b\x63\x50\x7f\x7d\xac\x84\xc5\x0e\xa0\xb4\x4f\x63\x86\x50\x57\
\x3f\x65\x7d\xb0\xa2\x9b\x81\x8a\x6e\x8e\x2d\xe8\x71\x0f\xf4\xd0\
\x03\x5d\x99\x7e\x41\xc7\x6c\x2b\xc8\x0d\x54\xf4\x42\xba\x25\xd2\
\xc3\x10\xe9\xb6\x47\xba\x0f\xba\x47\xba\x52\xa1\x47\x3a\x16\xb6\
\x21\xd2\xfd\xc9\x2a\xfa\x68\xce\x3f\x55\xd1\x43\x5d\xd1\x0f\x60\
\xfe\xf9\x8a\xbe\xa8\x51\x5d\x8f\xc5\x7c\x59\x8f\xbd\x3b\x06\xf3\
\xee\xf1\x1f\x82\x0f\xba\x92\x77\xd8\x8c\xf7\x30\x47\x7e\x7b\x98\
\x0f\x37\x2e\x63\x31\x57\xde\xbe\xdf\xb8\xfc\x26\xcc\x4b\xe3\x52\
\x30\x4f\xba\x87\x79\xd7\xb8\x7c\xb2\xa0\xff\x62\xcc\xcd\xc9\x30\
\xcf\xf1\x3f\xa2\x71\xf9\x7c\x35\xbf\xad\x51\x5d\x8d\xc5\x7c\x55\
\x8f\xbd\x3d\x06\xf3\xee\x31\xae\x4e\x2a\x3f\xc6\x95\xf9\x31\xee\
\x5e\x35\x4f\x63\xab\xf9\x9b\xce\x65\xbf\x41\x57\xc4\xb9\x3b\xd0\
\xb9\xb0\xd2\x9a\x12\xe8\xea\x40\xe7\x62\x13\x91\x6e\xa9\x75\x71\
\x03\xad\x4b\x1c\x6a\x5d\xdc\x5e\x41\x1f\x6c\x5d\xec\x2f\x68\x5d\
\xf4\xd8\xd6\xc5\x7e\xba\xa4\xef\x77\x2e\x26\xfc\xb4\x73\x29\xac\
\x3b\xfb\xbb\x4a\xfa\xba\xe6\xf5\xeb\x58\xd6\x37\xf5\xd8\xe5\x31\
\xac\xdf\x77\x2f\x5f\x42\x0e\x7b\x7e\xd0\x7f\xc2\xbe\xc5\x0e\x15\
\xf4\xf8\x6e\x41\xf7\x23\x0a\xfa\x09\x36\xa2\x87\xea\xf9\xfe\x46\
\x34\x85\x7e\xdb\x12\x7a\x90\x27\x9a\x5a\x1f\x2e\xe7\xf1\x7f\xbb\
\x0f\x0d\xa5\x6b\x31\xbf\xab\x9c\x7f\xab\x31\x5d\x8c\x45\x7c\x5b\
\x8f\xbd\x39\x06\xf1\x87\xee\xad\x9c\xf7\xf9\xfd\xa2\xf2\x88\x54\
\x0b\xb9\xdb\xeb\x5a\x4c\xbf\x6b\x89\x14\xd1\xff\x7f\xc8\xcd\x48\
\xc8\xbb\xa7\x2d\xa7\x84\xfc\x43\x0f\x5b\x06\x7a\x16\x65\xfa\x90\
\x63\x25\x21\x6b\xca\xd3\x80\x3d\xca\xd5\x5e\x21\x3f\xb0\x05\xa5\
\x6c\x63\x7f\x72\xca\x42\x3e\xf0\x2e\xe8\x7a\x2c\xe5\xdf\xeb\xb1\
\xf3\x63\x28\xef\xfe\x25\xca\x39\x78\x99\xdf\x4a\x46\xa1\x7a\x94\
\x77\xa5\xdc\xf4\x4b\xf9\x5b\xca\xc3\xfb\x4d\x4b\x3c\xf0\xb8\x25\
\x12\xe5\x96\x30\xb7\x2d\xe7\xe6\x10\xe6\x66\x1c\xe6\x66\xb0\x37\
\x77\x7b\x0f\x5b\x06\xb7\xa0\x87\x30\x8f\xef\x63\x6e\x4e\x80\x79\
\x79\xd4\x12\x3e\xd2\xaf\x10\xe7\x5d\xbf\x52\x38\x37\x71\x8f\x73\
\xf7\x3e\xe7\x83\x7b\x50\xca\xf7\x69\xaa\xf9\xeb\x8b\xdc\x37\x2f\
\x74\xf5\xe0\x0b\x5d\x1b\x2c\xaa\x61\x7e\x05\x5b\xbe\xc6\x20\x10\
\x0d\x16\xe1\x55\x30\x67\xfd\x47\xf9\xf9\x1d\x7c\x67\xce\xdd\x72\
\x37\xdf\xae\x96\x38\x4c\x1a\xf9\xd6\x48\xd9\xbd\xf9\xdd\xce\x67\
\x3b\xe2\xfe\xa9\x61\xcf\x93\x46\x1b\x04\xb8\x61\x2f\x93\x06\x49\
\x70\xd2\x36\xdd\xff\x4e\xda\x84\x80\xaa\x7f\xfe\x7f\x52\x39\x04\
\x33\x64\xb9\x2f\xab\xf9\xa4\xb9\x9f\x2e\xd7\x3b\xbe\xd9\x5e\xcd\
\xb7\x7f\x91\xaa\xd6\x2c\x76\x37\xdd\xde\xce\xb7\x0f\xaf\x6f\xcd\
\xff\xd1\xf7\xfc\x46\x9f\xb1\x06\x1a\x7f\x9d\xbe\x97\xbd\xe0\x6e\
\x37\xbb\xfc\x7a\x3e\xc9\xb3\x62\x86\x44\xfe\x5b\x3b\xb8\x93\x60\
\xf8\x17\x3a\xfe\x63\xac\x21\xca\xc7\x93\x1b\x52\x90\xa3\x43\xfb\
\x79\x91\xff\x8d\xf5\xef\x3f\xfe\x0b\x47\xa5\xeb\x12\
\x00\x00\x04\xc1\
\x3c\
\x73\x76\x67\x20\x78\x6d\x6c\x6e\x73\x3d\x22\x68\x74\x74\x70\x3a\
\x2f\x2f\x77\x77\x77\x2e\x77\x33\x2e\x6f\x72\x67\x2f\x32\x30\x30\
\x30\x2f\x73\x76\x67\x22\x20\x77\x69\x64\x74\x68\x3d\x22\x32\x34\
\x22\x20\x68\x65\x69\x67\x68\x74\x3d\x22\x32\x34\x22\x20\x76\x65\
\x72\x73\x69\x6f\x6e\x3d\x22\x31\x2e\x31\x22\x20\x76\x69\x65\x77\
\x42\x6f\x78\x3d\x22\x30\x20\x30\x20\x32\x34\x20\x32\x34\x22\x3e\
\x0a\x20\x20\x3c\x67\x20\x74\x72\x61\x6e\x73\x66\x6f\x72\x6d\x3d\
\x22\x74\x72\x61\x6e\x73\x6c\x61\x74\x65\x28\x2d\x30\x29\x20\x73\
\x63\x61\x6c\x65\x28\x2e\x30\x34\x36\x38\x37\x35\x29\x22\x3e\x0a\
\x20\x20\x20\x20\x3c\x67\x20\x69\x64\x3d\x22\x61\x22\x20\x74\x72\
\x61\x6e\x73\x66\x6f\x72\x6d\x3d\x22\x6d\x61\x74\x72\x69\x78\x28\
\x31\x2e\x31\x32\x35\x20\x30\x20\x30\x20\x31\x2e\x31\x32\x35\x20\
\x33\x35\x31\x2e\x36\x36\x20\x31\x37\x37\x2e\x37\x31\x29\x22\x20\
\x73\x74\x72\x6f\x6b\x65\x3d\x22\x23\x35\x35\x35\x38\x35\x43\x22\
\x3e\x0a\x20\x20\x20\x20\x20\x20\x3c\x67\x20\x69\x64\x3d\x22\x62\
\x22\x20\x74\x72\x61\x6e\x73\x66\x6f\x72\x6d\x3d\x22\x6d\x61\x74\
\x72\x69\x78\x28\x32\x35\x20\x30\x20\x30\x20\x32\x35\x20\x2d\x34\
\x36\x35\x2e\x39\x37\x20\x2d\x33\x31\x37\x2e\x39\x36\x29\x22\x3e\
\x0a\x20\x20\x20\x20\x20\x20\x20\x20\x3c\x70\x61\x74\x68\x20\x69\
\x64\x3d\x22\x63\x22\x20\x64\x3d\x22\x6d\x32\x30\x2e\x32\x37\x36\
\x20\x32\x31\x2e\x34\x36\x38\x2d\x34\x2e\x31\x37\x37\x38\x2d\x34\
\x2e\x31\x37\x37\x38\x63\x2d\x30\x2e\x33\x33\x31\x36\x31\x20\x30\
\x2e\x32\x36\x35\x32\x31\x2d\x30\x2e\x37\x31\x32\x38\x39\x20\x30\
\x2e\x34\x37\x35\x32\x32\x2d\x31\x2e\x31\x34\x33\x38\x20\x30\x2e\
\x36\x33\x30\x30\x32\x2d\x30\x2e\x34\x33\x31\x30\x38\x20\x30\x2e\
\x31\x35\x34\x36\x38\x2d\x30\x2e\x38\x38\x39\x37\x36\x20\x30\x2e\
\x32\x33\x32\x30\x31\x2d\x31\x2e\x33\x37\x36\x20\x30\x2e\x32\x33\
\x32\x30\x31\x2d\x31\x2e\x32\x30\x34\x37\x20\x30\x2d\x32\x2e\x32\
\x32\x34\x33\x2d\x30\x2e\x34\x31\x37\x32\x32\x2d\x33\x2e\x30\x35\
\x38\x37\x2d\x31\x2e\x32\x35\x31\x36\x2d\x30\x2e\x38\x33\x34\x34\
\x33\x2d\x30\x2e\x38\x33\x34\x34\x33\x2d\x31\x2e\x32\x35\x31\x36\
\x2d\x31\x2e\x38\x35\x34\x2d\x31\x2e\x32\x35\x31\x36\x2d\x33\x2e\
\x30\x35\x38\x37\x20\x30\x2d\x31\x2e\x32\x30\x34\x37\x20\x30\x2e\
\x34\x31\x37\x32\x32\x2d\x32\x2e\x32\x32\x34\x33\x20\x31\x2e\x32\
\x35\x31\x36\x2d\x33\x2e\x30\x35\x38\x37\x20\x30\x2e\x38\x33\x34\
\x34\x33\x2d\x30\x2e\x38\x33\x34\x34\x33\x20\x31\x2e\x38\x35\x34\
\x2d\x31\x2e\x32\x35\x31\x36\x20\x33\x2e\x30\x35\x38\x37\x2d\x31\
\x2e\x32\x35\x31\x36\x20\x31\x2e\x32\x30\x34\x37\x20\x30\x20\x32\
\x2e\x32\x32\x34\x33\x20\x30\x2e\x34\x31\x37\x32\x32\x20\x33\x2e\
\x30\x35\x38\x37\x20\x31\x2e\x32\x35\x31\x36\x20\x30\x2e\x38\x33\
\x34\x34\x33\x20\x30\x2e\x38\x33\x34\x34\x33\x20\x31\x2e\x32\x35\
\x31\x36\x20\x31\x2e\x38\x35\x34\x20\x31\x2e\x32\x35\x31\x36\x20\
\x33\x2e\x30\x35\x38\x37\x20\x30\x20\x30\x2e\x34\x38\x36\x32\x38\
\x2d\x30\x2e\x30\x37\x37\x33\x34\x20\x30\x2e\x39\x34\x34\x39\x37\
\x2d\x30\x2e\x32\x33\x32\x30\x31\x20\x31\x2e\x33\x37\x36\x2d\x30\
\x2e\x31\x35\x34\x36\x38\x20\x30\x2e\x34\x33\x31\x30\x38\x2d\x30\
\x2e\x33\x36\x34\x36\x38\x20\x30\x2e\x38\x31\x32\x33\x36\x2d\x30\
\x2e\x36\x33\x30\x30\x32\x20\x31\x2e\x31\x34\x33\x38\x6c\x34\x2e\
\x31\x37\x37\x38\x20\x34\x2e\x31\x37\x37\x38\x7a\x6d\x2d\x36\x2e\
\x36\x39\x37\x37\x2d\x34\x2e\x36\x34\x32\x63\x30\x2e\x38\x32\x38\
\x39\x36\x20\x30\x20\x31\x2e\x35\x33\x33\x35\x2d\x30\x2e\x32\x39\
\x30\x31\x34\x20\x32\x2e\x31\x31\x33\x37\x2d\x30\x2e\x38\x37\x30\
\x34\x33\x20\x30\x2e\x35\x38\x30\x32\x38\x2d\x30\x2e\x35\x38\x30\
\x32\x38\x20\x30\x2e\x38\x37\x30\x34\x33\x2d\x31\x2e\x32\x38\x34\
\x39\x20\x30\x2e\x38\x37\x30\x34\x33\x2d\x32\x2e\x31\x31\x33\x38\
\x20\x30\x2d\x30\x2e\x38\x32\x38\x39\x36\x2d\x30\x2e\x32\x39\x30\
\x31\x34\x2d\x31\x2e\x35\x33\x33\x35\x2d\x30\x2e\x38\x37\x30\x34\
\x33\x2d\x32\x2e\x31\x31\x33\x37\x2d\x30\x2e\x35\x38\x30\x32\x38\
\x2d\x30\x2e\x35\x38\x30\x32\x38\x2d\x31\x2e\x32\x38\x34\x39\x2d\
\x30\x2e\x38\x37\x30\x34\x33\x2d\x32\x2e\x31\x31\x33\x37\x2d\x30\
\x2e\x38\x37\x30\x34\x33\x2d\x30\x2e\x38\x32\x38\x39\x36\x20\x30\
\x2d\x31\x2e\x35\x33\x33\x35\x20\x30\x2e\x32\x39\x30\x31\x34\x2d\
\x32\x2e\x31\x31\x33\x38\x20\x30\x2e\x38\x37\x30\x34\x33\x2d\x30\
\x2e\x35\x38\x30\x32\x38\x20\x30\x2e\x35\x38\x30\x32\x38\x2d\x30\
\x2e\x38\x37\x30\x34\x33\x20\x31\x2e\x32\x38\x34\x39\x2d\x30\x2e\
\x38\x37\x30\x34\x33\x20\x32\x2e\x31\x31\x33\x37\x20\x30\x20\x30\
\x2e\x38\x32\x38\x39\x36\x20\x30\x2e\x32\x39\x30\x31\x34\x20\x31\
\x2e\x35\x33\x33\x35\x20\x30\x2e\x38\x37\x30\x34\x33\x20\x32\x2e\
\x31\x31\x33\x38\x20\x30\x2e\x35\x38\x30\x32\x38\x20\x30\x2e\x35\
\x38\x30\x32\x38\x20\x31\x2e\x32\x38\x34\x39\x20\x30\x2e\x38\x37\
\x30\x34\x33\x20\x32\x2e\x31\x31\x33\x38\x20\x30\x2e\x38\x37\x30\
\x34\x33\x7a\x22\x20\x66\x69\x6c\x6c\x3d\x22\x23\x35\x35\x35\x38\
\x35\x43\x22\x20\x73\x74\x72\x6f\x6b\x65\x2d\x77\x69\x64\x74\x68\
\x3d\x22\x2e\x30\x31\x36\x35\x37\x38\x22\x20\x2f\x3e\x0a\x20\x20\
\x20\x20\x20\x20\x3c\x2f\x67\x3e\x0a\x20\x20\x20\x20\x3c\x2f\x67\
\x3e\x0a\x20\x20\x3c\x2f\x67\x3e\x0a\x3c\x2f\x73\x76\x67\x3e\x0a\
\
\x00\x00\x05\x46\
\x3c\
\x73\x76\x67\x20\x78\x6d\x6c\x6e\x73\x3d\x22\x68\x74\x74\x70\x3a\
\x2f\x2f\x77\x77\x77\x2e\x77\x33\x2e\x6f\x72\x67\x2f\x32\x30\x30\
\x30\x2f\x73\x76\x67\x22\x20\x77\x69\x64\x74\x68\x3d\x22\x32\x34\
\x22\x20\x68\x65\x69\x67\x68\x74\x3d\x22\x32\x34\x22\x20\x76\x65\
\x72\x73\x69\x6f\x6e\x3d\x22\x31\x2e\x31\x22\x20\x76\x69\x65\x77\
\x42\x6f\x78\x3d\x22\x30\x20\x30\x20\x32\x34\x20\x32\x34\x22\x3e\
\x0a\x20\x20\x3c\x67\x20\x74\x72\x61\x6e\x73\x66\x6f\x72\x6d\x3d\
\x22\x74\x72\x61\x6e\x73\x6c\x61\x74\x65\x28\x2d\x30\x29\x20\x73\
\x63\x61\x6c\x65\x28\x2e\x30\x34\x36\x38\x37\x35\x29\x22\x3e\x0a\
\x20\x20\x20\x20\x3c\x67\x20\x69\x64\x3d\x22\x61\x22\x20\x74\x72\
\x61\x6e\x73\x66\x6f\x72\x6d\x3d\x22\x74\x72\x61\x6e\x73\x6c\x61\
\x74\x65\x28\x33\x31\x36\x2e\x34\x20\x2d\x31\x34\x33\x2e\x34\x37\
\x29\x22\x3e\x0a\x20\x20\x20\x20\x20\x20\x3c\x67\x20\x69\x64\x3d\
\x22\x62\x22\x20\x74\x72\x61\x6e\x73\x66\x6f\x72\x6d\x3d\x22\x6d\
\x61\x74\x72\x69\x78\x28\x2e\x38\x32\x31\x32\x38\x20\x30\x20\x30\
\x20\x2e\x38\x32\x31\x32\x38\x20\x2d\x31\x30\x36\x32\x20\x32\x34\
\x2e\x36\x34\x32\x29\x22\x20\x73\x74\x72\x6f\x6b\x65\x2d\x6c\x69\
\x6e\x65\x6a\x6f\x69\x6e\x3d\x22\x72\x6f\x75\x6e\x64\x22\x20\x73\
\x74\x72\x6f\x6b\x65\x2d\x6d\x69\x74\x65\x72\x6c\x69\x6d\x69\x74\
\x3d\x22\x30\x22\x3e\x0a\x20\x20\x20\x20\x20\x20\x20\x20\x3c\x72\
\x65\x63\x74\x20\x69\x64\x3d\x22\x63\x22\x20\x74\x72\x61\x6e\x73\
\x66\x6f\x72\x6d\x3d\x22\x74\x72\x61\x6e\x73\x6c\x61\x74\x65\x28\
\x2d\x33\x31\x36\x2e\x34\x20\x31\x34\x33\x2e\x34\x37\x29\x22\x20\
\x78\x3d\x22\x31\x32\x37\x31\x2e\x35\x22\x20\x79\x3d\x22\x34\x32\
\x2e\x38\x37\x31\x22\x20\x77\x69\x64\x74\x68\x3d\x22\x33\x38\x38\
\x2e\x33\x32\x22\x20\x68\x65\x69\x67\x68\x74\x3d\x22\x33\x39\x39\
\x2e\x34\x22\x20\x72\x79\x3d\x22\x35\x37\x2e\x35\x36\x32\x22\x20\
\x66\x69\x6c\x6c\x3d\x22\x6e\x6f\x6e\x65\x22\x20\x73\x74\x72\x6f\
\x6b\x65\x3d\x22\x23\x35\x35\x35\x38\x35\x43\x22\x20\x73\x74\x72\
\x6f\x6b\x65\x2d\x6c\x69\x6e\x65\x63\x61\x70\x3d\x22\x72\x6f\x75\
\x6e\x64\x22\x20\x73\x74\x72\x6f\x6b\x65\x2d\x77\x69\x64\x74\x68\
\x3d\x22\x33\x36\x2e\x35\x32\x38\x22\x20\x2f\x3e\x0a\x20\x20\x20\
\x20\x20\x20\x20\x20\x3c\x70\x61\x74\x68\x20\x69\x64\x3d\x22\x64\
\x22\x20\x74\x72\x61\x6e\x73\x66\x6f\x72\x6d\x3d\x22\x74\x72\x61\
\x6e\x73\x6c\x61\x74\x65\x28\x2d\x33\x31\x36\x2e\x34\x20\x31\x34\
\x33\x2e\x34\x37\x29\x22\x20\x64\x3d\x22\x6d\x31\x33\x33\x38\x2e\
\x34\x20\x31\x34\x31\x2e\x35\x34\x68\x32\x35\x34\x2e\x33\x37\x22\
\x20\x66\x69\x6c\x6c\x3d\x22\x6e\x6f\x6e\x65\x22\x20\x73\x74\x72\
\x6f\x6b\x65\x3d\x22\x23\x35\x35\x35\x38\x35\x43\x22\x20\x73\x74\
\x72\x6f\x6b\x65\x2d\x77\x69\x64\x74\x68\x3d\x22\x33\x36\x2e\x35\
\x32\x38\x22\x20\x2f\x3e\x0a\x20\x20\x20\x20\x20\x20\x20\x20\x3c\
\x70\x61\x74\x68\x20\x69\x64\x3d\x22\x65\x22\x20\x74\x72\x61\x6e\
\x73\x66\x6f\x72\x6d\x3d\x22\x74\x72\x61\x6e\x73\x6c\x61\x74\x65\
\x28\x2d\x33\x31\x36\x2e\x34\x20\x31\x34\x33\x2e\x34\x37\x29\x22\
\x20\x64\x3d\x22\x6d\x31\x33\x33\x38\x2e\x34\x20\x32\x34\x31\x2e\
\x35\x34\x68\x31\x39\x32\x2e\x30\x34\x22\x20\x66\x69\x6c\x6c\x3d\
\x22\x6e\x6f\x6e\x65\x22\x20\x73\x74\x72\x6f\x6b\x65\x3d\x22\x23\
\x35\x35\x35\x38\x35\x43\x22\x20\x73\x74\x72\x6f\x6b\x65\x2d\x77\
\x69\x64\x74\x68\x3d\x22\x33\x36\x2e\x35\x32\x38\x22\x20\x2f\x3e\
\x0a\x20\x20\x20\x20\x20\x20\x20\x20\x3c\x70\x61\x74\x68\x20\x69\
\x64\x3d\x22\x66\x22\x20\x74\x72\x61\x6e\x73\x66\x6f\x72\x6d\x3d\
\x22\x74\x72\x61\x6e\x73\x6c\x61\x74\x65\x28\x2d\x33\x31\x36\x2e\
\x34\x20\x31\x34\x33\x2e\x34\x37\x29\x22\x20\x64\x3d\x22\x6d\x31\
\x33\x33\x38\x2e\x34\x20\x33\x34\x31\x2e\x35\x34\x68\x31\x31\x30\
\x2e\x36\x34\x22\x20\x66\x69\x6c\x6c\x3d\x22\x6e\x6f\x6e\x65\x22\
\x20\x73\x74\x72\x6f\x6b\x65\x3d\x22\x23\x35\x35\x35\x38\x35\x43\
\x22\x20\x73\x74\x72\x6f\x6b\x65\x2d\x77\x69\x64\x74\x68\x3d\x22\
\x33\x36\x2e\x35\x32\x38\x22\x20\x2f\x3e\x0a\x20\x20\x20\x20\x20\
\x20\x20\x20\x3c\x63\x69\x72\x63\x6c\x65\x20\x69\x64\x3d\x22\x67\
\x22\x20\x63\x78\x3d\x22\x31\x33\x34\x33\x2e\x34\x22\x20\x63\x79\
\x3d\x22\x35\x38\x35\x2e\x37\x33\x22\x20\x72\x3d\x22\x31\x34\x33\
\x2e\x34\x37\x22\x20\x66\x69\x6c\x6c\x3d\x22\x23\x35\x35\x35\x38\
\x35\x43\x22\x20\x73\x74\x72\x6f\x6b\x65\x3d\x22\x23\x66\x66\x66\
\x22\x20\x73\x74\x72\x6f\x6b\x65\x2d\x77\x69\x64\x74\x68\x3d\x22\
\x33\x36\x2e\x35\x32\x38\x22\x20\x2f\x3e\x0a\x20\x20\x20\x20\x20\
\x20\x20\x20\x3c\x67\x20\x69\x64\x3d\x22\x68\x22\x20\x74\x72\x61\
\x6e\x73\x66\x6f\x72\x6d\x3d\x22\x6d\x61\x74\x72\x69\x78\x28\x31\
\x2e\x33\x35\x30\x37\x20\x30\x20\x30\x20\x31\x2e\x33\x35\x30\x37\
\x20\x2d\x34\x37\x35\x2e\x34\x31\x20\x2d\x32\x30\x31\x2e\x31\x37\
\x29\x22\x20\x73\x74\x72\x6f\x6b\x65\x3d\x22\x23\x66\x66\x66\x22\
\x20\x73\x74\x72\x6f\x6b\x65\x2d\x77\x69\x64\x74\x68\x3d\x22\x32\
\x37\x2e\x30\x34\x34\x22\x3e\x0a\x20\x20\x20\x20\x20\x20\x20\x20\
\x20\x20\x3c\x70\x61\x74\x68\x20\x69\x64\x3d\x22\x69\x22\x20\x64\
\x3d\x22\x6d\x31\x32\x39\x37\x2e\x39\x20\x36\x33\x31\x2e\x31\x39\
\x20\x39\x30\x2e\x39\x32\x32\x2d\x39\x30\x2e\x39\x32\x32\x22\x20\
\x66\x69\x6c\x6c\x3d\x22\x23\x35\x35\x35\x38\x35\x43\x22\x20\x2f\
\x3e\x0a\x20\x20\x20\x20\x20\x20\x20\x20\x20\x20\x3c\x70\x61\x74\
\x68\x20\x69\x64\x3d\x22\x6a\x22\x20\x64\x3d\x22\x6d\x31\x33\x30\
\x31\x2e\x37\x20\x35\x33\x38\x2e\x33\x35\x20\x38\x37\x2e\x31\x30\
\x37\x20\x31\x2e\x39\x32\x31\x20\x31\x2e\x39\x32\x31\x31\x20\x38\
\x37\x2e\x31\x30\x37\x22\x20\x66\x69\x6c\x6c\x3d\x22\x6e\x6f\x6e\
\x65\x22\x20\x2f\x3e\x0a\x20\x20\x20\x20\x20\x20\x20\x20\x3c\x2f\
\x67\x3e\x0a\x20\x20\x20\x20\x20\x20\x3c\x2f\x67\x3e\x0a\x20\x20\
\x20\x20\x3c\x2f\x67\x3e\x0a\x20\x20\x3c\x2f\x67\x3e\x0a\x3c\x2f\
\x73\x76\x67\x3e\x0a\
\x00\x00\x02\x23\
\x3c\
\x73\x76\x67\x20\x78\x6d\x6c\x6e\x73\x3d\x22\x68\x74\x74\x70\x3a\
\x2f\x2f\x77\x77\x77\x2e\x77\x33\x2e\x6f\x72\x67\x2f\x32\x30\x30\
\x30\x2f\x73\x76\x67\x22\x20\x77\x69\x64\x74\x68\x3d\x22\x32\x34\
\x22\x20\x68\x65\x69\x67\x68\x74\x3d\x22\x32\x34\x22\x20\x76\x65\
\x72\x73\x69\x6f\x6e\x3d\x22\x31\x2e\x31\x22\x20\x76\x69\x65\x77\
\x42\x6f\x78\x3d\x22\x30\x20\x30\x20\x32\x34\x20\x32\x34\x22\x3e\
\x0a\x20\x20\x3c\x67\x20\x74\x72\x61\x6e\x73\x66\x6f\x72\x6d\x3d\
\x22\x74\x72\x61\x6e\x73\x6c\x61\x74\x65\x28\x2d\x30\x29\x20\x73\
\x63\x61\x6c\x65\x28\x2e\x33\x37\x35\x29\x22\x3e\x0a\x20\x20\x20\
\x20\x3c\x67\x20\x69\x64\x3d\x22\x61\x22\x20\x74\x72\x61\x6e\x73\
\x66\x6f\x72\x6d\x3d\x22\x74\x72\x61\x6e\x73\x6c\x61\x74\x65\x28\
\x32\x2e\x31\x33\x37\x35\x65\x2d\x35\x20\x2d\x33\x2e\x30\x33\x33\
\x65\x2d\x35\x29\x22\x20\x66\x69\x6c\x6c\x3d\x22\x6e\x6f\x6e\x65\
\x22\x20\x73\x74\x72\x6f\x6b\x65\x3d\x22\x23\x35\x35\x35\x38\x35\
\x43\x22\x20\x73\x74\x72\x6f\x6b\x65\x2d\x6c\x69\x6e\x65\x63\x61\
\x70\x3d\x22\x72\x6f\x75\x6e\x64\x22\x20\x73\x74\x72\x6f\x6b\x65\
\x2d\x6c\x69\x6e\x65\x6a\x6f\x69\x6e\x3d\x22\x72\x6f\x75\x6e\x64\
\x22\x20\x73\x74\x72\x6f\x6b\x65\x2d\x6d\x69\x74\x65\x72\x6c\x69\
\x6d\x69\x74\x3d\x22\x30\x22\x20\x73\x74\x72\x6f\x6b\x65\x2d\x77\
\x69\x64\x74\x68\x3d\x22\x35\x22\x3e\x0a\x20\x20\x20\x20\x20\x20\
\x3c\x70\x61\x74\x68\x20\x69\x64\x3d\x22\x62\x22\x20\x64\x3d\x22\
\x6d\x31\x34\x2e\x39\x39\x37\x20\x31\x36\x2e\x33\x30\x35\x76\x33\
\x36\x2e\x36\x32\x32\x68\x32\x38\x2e\x37\x37\x35\x22\x20\x73\x74\
\x79\x6c\x65\x3d\x22\x70\x61\x69\x6e\x74\x2d\x6f\x72\x64\x65\x72\
\x3a\x66\x69\x6c\x6c\x20\x6d\x61\x72\x6b\x65\x72\x73\x20\x73\x74\
\x72\x6f\x6b\x65\x22\x20\x2f\x3e\x0a\x20\x20\x20\x20\x20\x20\x3c\
\x72\x65\x63\x74\x20\x69\x64\x3d\x22\x63\x22\x20\x78\x3d\x22\x32\
\x35\x2e\x34\x36\x22\x20\x79\x3d\x22\x31\x31\x2e\x30\x37\x33\x22\
\x20\x77\x69\x64\x74\x68\x3d\x22\x32\x33\x2e\x35\x34\x33\x22\x20\
\x68\x65\x69\x67\x68\x74\x3d\x22\x33\x31\x2e\x33\x39\x31\x22\x20\
\x73\x74\x79\x6c\x65\x3d\x22\x70\x61\x69\x6e\x74\x2d\x6f\x72\x64\
\x65\x72\x3a\x66\x69\x6c\x6c\x20\x6d\x61\x72\x6b\x65\x72\x73\x20\
\x73\x74\x72\x6f\x6b\x65\x22\x20\x2f\x3e\x0a\x20\x20\x20\x20\x3c\
\x2f\x67\x3e\x0a\x20\x20\x3c\x2f\x67\x3e\x0a\x3c\x2f\x73\x76\x67\
\x3e\x0a\
\x00\x00\x02\x14\
\x3c\
\x73\x76\x67\x20\x78\x6d\x6c\x6e\x73\x3d\x22\x68\x74\x74\x70\x3a\
\x2f\x2f\x77\x77\x77\x2e\x77\x33\x2e\x6f\x72\x67\x2f\x32\x30\x30\
\x30\x2f\x73\x76\x67\x22\x20\x77\x69\x64\x74\x68\x3d\x22\x32\x34\
\x22\x20\x68\x65\x69\x67\x68\x74\x3d\x22\x32\x34\x22\x20\x76\x69\
\x65\x77\x42\x6f\x78\x3d\x22\x30\x20\x30\x20\x32\x34\x20\x32\x34\
\x22\x3e\x0a\x20\x20\x3c\x70\x61\x74\x68\x20\x64\x3d\x22\x4d\x33\
\x2e\x32\x20\x31\x39\x2e\x36\x20\x32\x2e\x32\x20\x37\x2e\x34\x20\
\x31\x32\x20\x31\x2e\x38\x20\x32\x31\x2e\x38\x20\x37\x2e\x34\x20\
\x32\x30\x2e\x38\x20\x31\x39\x2e\x36\x5a\x22\x20\x66\x69\x6c\x6c\
\x3d\x22\x6e\x6f\x6e\x65\x22\x20\x73\x74\x72\x6f\x6b\x65\x3d\x22\
\x23\x35\x35\x35\x38\x35\x43\x22\x20\x73\x74\x72\x6f\x6b\x65\x2d\
\x77\x69\x64\x74\x68\x3d\x22\x31\x2e\x33\x35\x22\x20\x73\x74\x72\
\x6f\x6b\x65\x2d\x6c\x69\x6e\x65\x6a\x6f\x69\x6e\x3d\x22\x72\x6f\
\x75\x6e\x64\x22\x20\x73\x74\x72\x6f\x6b\x65\x2d\x64\x61\x73\x68\
\x61\x72\x72\x61\x79\x3d\x22\x32\x2e\x32\x20\x31\x2e\x38\x22\x20\
\x2f\x3e\x0a\x20\x20\x3c\x70\x61\x74\x68\x20\x64\x3d\x22\x4d\x31\
\x32\x20\x36\x2e\x33\x63\x2d\x32\x2e\x34\x35\x20\x30\x2d\x34\x2e\
\x34\x20\x31\x2e\x39\x33\x2d\x34\x2e\x34\x20\x34\x2e\x33\x32\x20\
\x30\x20\x33\x2e\x32\x38\x20\x34\x2e\x34\x20\x37\x2e\x38\x35\x20\
\x34\x2e\x34\x20\x37\x2e\x38\x35\x73\x34\x2e\x34\x2d\x34\x2e\x35\
\x37\x20\x34\x2e\x34\x2d\x37\x2e\x38\x35\x43\x31\x36\x2e\x34\x20\
\x38\x2e\x32\x33\x20\x31\x34\x2e\x34\x35\x20\x36\x2e\x33\x20\x31\
\x32\x20\x36\x2e\x33\x5a\x22\x20\x66\x69\x6c\x6c\x3d\x22\x6e\x6f\
\x6e\x65\x22\x20\x73\x74\x72\x6f\x6b\x65\x3d\x22\x23\x35\x35\x35\
\x38\x35\x43\x22\x20\x73\x74\x72\x6f\x6b\x65\x2d\x77\x69\x64\x74\
\x68\x3d\x22\x31\x2e\x35\x22\x20\x73\x74\x72\x6f\x6b\x65\x2d\x6c\
\x69\x6e\x65\x6a\x6f\x69\x6e\x3d\x22\x72\x6f\x75\x6e\x64\x22\x20\
\x2f\x3e\x0a\x20\x20\x3c\x63\x69\x72\x63\x6c\x65\x20\x63\x78\x3d\
\x22\x31\x32\x22\x20\x63\x79\x3d\x22\x31\x30\x2e\x37\x22\x20\x72\
\x3d\x22\x31\x2e\x35\x35\x22\x20\x66\x69\x6c\x6c\x3d\x22\x6e\x6f\
\x6e\x65\x22\x20\x73\x74\x72\x6f\x6b\x65\x3d\x22\x23\x35\x35\x35\
\x38\x35\x43\x22\x20\x73\x74\x72\x6f\x6b\x65\x2d\x77\x69\x64\x74\
\x68\x3d\x22\x31\x2e\x33\x35\x22\x20\x2f\x3e\x0a\x3c\x2f\x73\x76\
\x67\x3e\x0a\
\x00\x00\x04\xb9\
\x00\
\x00\x12\xf7\x78\x9c\xd5\x58\xdb\x52\xe3\x38\x10\x7d\x9f\xaf\x50\
\x79\x5e\xe0\x41\x8a\xba\x75\x9f\x22\xf3\xb0\xfb\x03\xfb\x0b\x26\
\x09\x89\x97\x5c\x58\xc7\x43\x80\xaf\xdf\x23\xdb\x21\x10\x3c\xec\
\xc0\x42\xc1\xa4\x52\x91\x2c\xc9\xad\xa3\x3e\xa7\x5b\x52\xce\xb6\
\xd7\x73\x71\xb3\x5a\xae\xb7\xe3\x62\xd1\x34\x57\xdf\x46\xa3\xdd\
\x6e\xa7\x76\x46\x6d\xea\xf9\x88\xb5\xd6\x23\x8c\x28\xc4\xae\x9a\
\x36\x8b\x71\xc1\xb6\x10\x8b\x59\x35\x5f\x34\x5d\xfd\x7a\x56\x6f\
\xab\xcd\x7a\x5c\x90\x22\x3c\x55\xb3\xdd\x1f\x9b\x9b\x71\xa1\x85\
\x16\x6c\xf1\x2d\xbe\x7f\x11\xe2\x6c\x2e\x9a\xba\x5c\x6f\x2f\x36\
\xf5\x6a\x5c\xb4\xd5\x65\xd9\xcc\x4e\xa4\x3e\x15\xdb\x49\xb9\x9c\
\x9d\x28\x6d\x7d\x0c\xee\xb4\x1d\x8e\x17\xa6\xb3\x8b\xad\xa8\xa6\
\xe3\x62\xd6\xb7\xa0\x6d\xb2\xac\xae\xfe\x2a\x9b\x45\xdb\x5e\xde\
\xb7\xa3\xe7\x6a\xdf\x7a\x51\x3c\x9c\x68\x55\x36\x75\x75\x73\x42\
\x22\xa3\x91\x24\xa4\x75\x5e\x99\x20\xc8\x45\xa3\xd2\x69\x21\xf0\
\xc6\xca\xb2\xce\x6d\x96\x58\x91\x5d\x10\xeb\xa0\xc2\x75\x57\x2c\
\x64\x57\xde\x15\x62\x74\x8f\x62\xb4\x87\x31\x8c\x6b\x3e\x88\x6b\
\x31\x88\x4b\x19\x7c\x7a\x70\x5d\x3d\xb2\x63\xc1\xc1\x68\x15\x7a\
\x78\xe8\x5d\xb0\xb6\xf1\x3a\xff\x2c\x64\xfe\x7d\x09\x9c\x6a\x10\
\xce\xdf\x1f\x05\xe7\x72\x10\xce\xf2\xa3\xe0\xac\x06\xe1\xac\x3f\
\x0a\xce\x74\x10\xce\xe6\x79\x4d\x13\x19\xe5\x49\x10\x25\xba\xd7\
\xf4\xff\xc4\x31\x19\xc4\x71\x35\x84\x43\x2a\x27\x54\xf4\x5e\x9b\
\xfb\xc2\x09\xe7\x92\x22\xce\xd0\x38\x28\x7a\x1b\x4c\xe7\x83\x98\
\xfe\xf9\x19\x26\xd9\xa3\x91\x07\x54\xcc\x94\x94\x17\x5e\x23\x53\
\x99\xd7\x81\x3a\x1b\xe5\xbc\xd4\xd7\xe7\x2d\x82\x7a\x18\x01\xbb\
\x8e\xa0\x5c\x31\xc6\x46\x95\x30\xb1\x51\x31\x33\xb4\x6d\xea\xcd\
\xe5\x4c\xf6\x09\x15\x29\xe6\x90\xe2\x3a\x9b\xdb\x61\x9b\xc1\xc7\
\xde\x68\xae\x51\x0a\xb0\xcd\x26\xd0\xbd\xc9\x71\xf1\xd5\x39\x17\
\xdd\x9f\x83\xbe\x6a\xfe\x43\xd6\x7b\x55\x5b\xe0\x74\xd0\x93\x25\
\x65\x7b\x37\x05\x47\xf0\xa3\x88\x3e\x29\x43\x5b\x19\x91\x31\x3d\
\x49\xa3\x4c\x72\x41\x5a\xcd\x58\x97\x84\x0c\x4d\x4c\x93\x9c\x32\
\x95\xf3\xe8\x0c\xc6\x39\xc9\x96\x15\xb3\xb4\x78\xd4\x51\x1a\xed\
\x95\x97\x64\x2d\xa6\x92\xd9\x18\x07\x49\x3a\x2a\xe3\x24\x5c\xd4\
\x0e\x47\xba\x25\xc1\x4e\x45\x97\x24\x0c\x08\x0a\xc8\xcb\x84\x8e\
\xa8\x08\xcb\x45\xbf\x41\x3b\xcc\x3c\xac\x17\x22\xf3\x24\xf3\x52\
\xc7\xc5\x8f\x7a\x79\xf2\x75\x0a\xe4\x17\xd5\x72\x89\x68\xde\xac\
\x67\x4f\x1d\x74\x4c\x82\xd6\x8f\x68\x9f\x1f\x31\xf2\xe3\xc5\x8c\
\x74\x93\x3f\xc7\xc7\xf5\xab\xd3\x8c\x4d\x59\x4f\xc4\x29\xa9\x30\
\xf1\xac\x92\xf1\x12\xf5\x84\xfd\x56\x25\xf6\x5e\x5a\x90\x41\x31\
\x73\x60\x35\x08\xb2\x18\x67\x64\xa0\xec\x54\x41\x51\x85\xe0\x5a\
\x12\xbc\x15\x4e\x67\x2a\x18\x9b\x9f\xb5\x02\x19\xc4\x73\xd8\x82\
\x4a\x8d\x8a\x48\x8c\x3e\xd0\x15\x59\xb9\xbc\x69\x6a\xa5\xe3\x04\
\x11\x6d\x61\x85\x3d\x66\x02\x2c\x6c\xa4\x01\x05\xa3\xf0\xc2\x00\
\x57\x80\x07\xc0\xa8\x36\x77\xc7\x3e\x78\xce\xbf\xbb\x77\x51\xfc\
\xcd\xb0\x55\x8f\x4f\xc8\xee\x25\x67\xb1\xae\xae\xd8\x37\x27\x38\
\x50\x19\xac\x8f\xad\x8a\xbf\xad\xfc\x27\x6f\x2b\xff\xdb\x77\x90\
\xff\xdd\xab\xe5\x9f\xe0\xba\x20\x4c\xde\x64\xcc\xc4\x39\xa8\x92\
\x05\x69\xab\x6c\x6e\x04\x79\xf0\x8d\x6e\x37\x20\x03\x41\x9b\x36\
\xf1\x2b\x6f\x44\xce\xfe\x21\x47\x81\x27\xe8\x17\x4a\x35\x2c\xb3\
\xa8\x2d\x67\x35\x47\x1f\x25\x33\x0c\x83\x4a\x3c\x38\x19\xc0\x8f\
\xcf\x6c\x29\x0f\x66\x08\xb3\x31\x28\x89\xca\x83\x6c\x36\x88\x2f\
\x27\x4d\xc0\xb1\xd5\x62\x6e\xc8\x02\x7d\xc6\xe5\x88\x22\xf4\x45\
\x10\x83\xf7\x1d\x74\x84\x2c\x6a\xe8\x45\xb1\x50\x96\xef\x12\x0c\
\xe5\xf9\x73\xd1\xb0\x8f\x82\xa3\x68\x80\x5b\xd9\x0b\xe7\xa1\xce\
\xdf\x36\x16\xce\xdf\x36\x16\xca\xc9\x3b\x04\x43\x39\x7d\x75\x34\
\x90\x33\x20\x0d\xbb\x81\xb1\x8a\xe0\x73\xe4\x77\x0d\x2f\x43\x7c\
\x10\x68\xab\x5a\x84\x83\x55\x1a\x4f\x31\xe4\x93\x22\x43\xfb\x44\
\xc2\xc1\x99\x31\xe5\x22\x66\x0d\x93\x53\x09\x56\xb4\xce\xb6\xa2\
\x6b\x33\x3e\xd4\x4e\x38\x30\x21\x6e\x3c\x4e\x31\xb0\xeb\xb1\x7d\
\x58\xa7\x38\x0a\x8f\xfc\xef\xba\xd0\x82\x40\xb0\x0b\xe4\x3e\x28\
\x3e\xb6\x51\x81\x9b\x1f\x64\x82\x0d\x02\x08\x82\x02\x7d\x88\x3d\
\xa6\x6e\x27\x32\xf6\x57\xa2\xe1\x50\xe9\xbc\x3e\x4f\xc3\x0e\x02\
\xf4\xee\xec\x82\x0a\xf4\x93\x20\x3f\x91\x45\xc9\xfe\xf4\x70\xaa\
\xaa\x67\x93\xa6\x73\x33\xe8\xbf\xc9\xf7\xd6\xa4\x6c\x2c\xc4\x2d\
\xd8\x8e\x70\x6c\xb8\xbf\xdd\x22\xda\x83\x39\x5c\x70\xb3\xac\x0c\
\x3f\x81\xdb\x0b\x66\x55\x35\xb3\x7a\x59\xa1\xc0\x7d\xf7\x58\x46\
\x6d\xc3\xed\x12\x3a\xbb\x2a\xab\x75\x23\x37\xf5\x74\x56\x7f\xeb\
\xc6\xb4\xf6\xc4\xaa\xac\x2f\x71\x79\x7e\xb8\xfa\x83\x1e\x06\x2f\
\xb2\x52\xf5\xc7\x7e\x94\x26\x1f\xfb\x6d\x5b\x18\xf7\x20\x31\x5a\
\xd0\x07\x72\x8c\x99\x64\x6e\x42\x10\x8f\x0b\x97\xd7\xcb\xb0\x11\
\x71\xca\xd3\xc8\x64\x0f\x7b\x65\xdf\xdb\x3f\x75\x43\x84\xee\x07\
\x1d\x15\x7b\x4b\xfb\x61\x8f\x7a\xfb\x79\xf6\x4f\x7b\x4b\x77\x4f\
\xa3\xb3\x7c\x59\x74\xa6\x47\xc1\x79\x20\x76\x7e\x4c\x2c\x03\x80\
\xfb\x34\xc4\x1e\x80\x3e\xfe\x27\xa0\xde\x34\xf9\x7f\x90\xa4\x4f\
\x7b\xfc\xc8\x79\xa1\xc5\x8f\xed\x04\x87\x30\xfa\x7c\x0b\xa8\x7e\
\x75\x01\x8c\x05\xd8\xcf\xb1\x80\x3e\x9b\xb4\xc5\x59\xfe\x3b\xeb\
\xfb\x97\x7f\x01\x91\x2d\xad\xd2\
\x00\x00\x06\xff\
\x00\
\x00\x18\x9d\x78\x9c\x95\x99\xcb\x76\xdb\x38\x0c\x86\xf7\x7d\x0a\
\x1e\x75\xd3\x2e\xc0\xf0\x4e\x6a\x4e\xdc\xc5\xbc\x89\x46\x71\x12\
\xb7\x89\xdd\xb1\xdc\xa6\xd3\xa7\x1f\x90\x00\x13\xb2\x8e\x72\x9c\
\x8d\x11\x00\x9f\x40\x89\xfc\xc5\x8b\x72\xbd\xfc\xbc\x13\x4f\xbb\
\x9b\xd3\xfd\x66\x30\x6e\x10\xf7\xdb\xdd\xdd\xfd\x89\xfe\xfe\xb9\
\x3d\x2e\xbb\xc3\x7e\x33\x68\xa9\xd1\xdb\x6d\x9f\xfe\x3e\xfc\xda\
\x0c\x4a\x28\x61\x9c\xc8\xc4\xaf\xc7\x87\xfd\xb2\x19\xee\x4f\xa7\
\xef\x7f\x5d\x5d\x3d\x3d\x3d\xc9\x27\x2b\x0f\xc7\xbb\x2b\xa3\x94\
\xba\xc2\xd2\xc3\x97\x0f\xe2\xfa\x4e\x9c\x8e\xd3\x7e\xb9\x3d\x1c\
\x1f\x37\x43\xf9\xf3\x61\x3a\x6d\x3f\x81\xfa\x2c\x96\x79\x7a\xd8\
\x7e\x92\xca\x85\x14\xfd\xe7\x41\xdc\xee\x1e\x1e\x36\xc3\xfe\xb0\
\xdf\x0e\x62\x39\x1d\x0f\xdf\xb6\x9b\xe1\x23\xd6\xaa\x1e\x3c\xec\
\xf6\xdb\x79\xfa\xbe\x19\x8e\x87\x1f\xfb\x9b\x2e\xfc\xf5\xb0\xdb\
\xd7\x38\x36\x9b\xdb\xdd\xdd\x6c\x86\x69\x68\x9b\x3f\x1e\x4e\xa5\
\x6d\xed\x45\x10\xe0\xbc\xf4\xb9\xdd\x8c\x8b\xeb\xef\xd3\xe9\xbe\
\x5c\xf2\xcf\x20\xf0\xf7\x51\xdb\x24\xad\xb0\x31\x48\xe7\x27\xfc\
\xdb\x18\x23\xd8\xe4\x3e\xd0\xd0\xc7\xd6\x89\xd7\xc1\x42\x88\x4b\
\x09\x36\xbf\x07\x31\x1f\x1e\x0e\x47\xea\x96\xd2\x33\xd4\x67\x1f\
\x67\xa3\xa3\x4e\xc3\xd5\x1f\xcf\x32\xf3\xb3\x28\x25\x55\x14\xd6\
\x46\xa9\xec\x0c\x46\xcb\xe8\xbd\x50\x60\x47\xe9\x74\x10\x3a\xca\
\x10\x74\xf5\xc8\x80\xde\x42\x10\x4c\x12\x20\x3a\xa0\x9a\x5a\xec\
\xf9\xba\x96\x7d\x6e\x61\x0b\x5e\x70\xbb\xd0\x35\xd7\x9b\xdf\x8f\
\xa8\x2e\x69\x53\x8a\xb3\x51\xd2\x05\x97\xeb\xe2\x4d\x9b\x28\x74\
\x90\x3e\xd8\xea\xb1\x41\xba\x60\xd0\x65\xa1\x83\xa0\x56\xe2\x30\
\xb3\xd0\xb1\xf4\xb8\x15\xed\x88\xbe\xe8\xfa\x10\xe4\xbf\x4b\xff\
\x5f\x5f\xdd\x35\x0a\xbc\x59\x53\x20\x18\x23\x63\x8a\x02\xec\x99\
\x04\xb7\x34\x6c\xc6\x5b\xa9\xb0\x2b\xb5\x93\x63\x98\xbc\x92\x29\
\x04\xc1\x86\x14\xd6\xc7\xd6\x89\xd7\x41\x52\xd8\xa5\x04\x9b\xf5\
\x0e\xb8\x4d\xe9\xd6\xe8\x33\x0d\xde\xf2\xc3\x28\x23\x35\x4e\x1c\
\xc1\x48\xaf\x51\x83\x49\x8e\x1e\x45\x0e\xde\xe0\x0b\x16\x85\xb1\
\xd2\x2b\x5f\x3d\x36\x45\x36\x4c\x12\x40\x19\x2f\x5a\xee\x19\x51\
\xec\x43\x61\x6d\xf5\xc8\x2c\x1c\xe5\x26\xa0\x4d\xc6\xac\x3b\x2b\
\x75\x1c\x51\x77\x51\x1a\x9b\x75\xe7\x46\x69\x22\xd6\x36\x38\x41\
\xb9\xea\x15\x53\xd4\x82\x99\x42\x42\x01\x0c\x03\xd0\x72\x78\x23\
\x5c\x0c\xf8\x3a\x62\xab\x47\xd0\x42\x2d\x70\x50\xb4\xb9\xf7\xab\
\xed\x6e\x4d\x6d\xa8\x6c\x3d\x1a\x14\x9b\x97\x63\x1c\xab\xe2\xe8\
\xa2\x7b\xf2\x9a\x31\xdb\xd1\x98\xd9\x98\x64\xb4\x02\x2f\x94\x46\
\x4f\x21\x48\xab\x8d\x60\x43\xf2\xea\x63\xeb\xc4\xeb\x20\xc9\xeb\
\x52\x82\xcd\x7a\x9f\x4c\x5b\x7d\x93\x46\x16\x60\xf3\x34\x5f\xf9\
\x69\x34\x8e\xb5\x11\xda\x78\xe9\x66\xb0\x41\xa6\x31\x0f\x0d\x56\
\x4d\x58\xdc\x8c\x72\xd4\x63\xf5\xd8\x94\x71\x66\x92\x00\xca\x58\
\xd1\x73\xb5\x18\xf9\x1a\x5a\x56\x73\xcd\x85\xa2\x91\x5d\xe8\x92\
\x59\x80\x7a\xc6\x32\xd6\x5b\x6a\x35\xf8\x9c\xce\xad\x3a\x3f\x56\
\xaf\x18\xaa\x94\xe5\x4f\x2e\x74\xc9\xf2\x64\xcf\x55\x80\x11\x2a\
\x03\xed\x05\xf9\xe5\x63\xb4\xcb\x76\x55\xdf\xe8\xed\x67\x05\x56\
\x09\x56\x39\x7d\xeb\x90\x3f\x07\xe3\xe1\x8f\xc1\xb0\x32\xe1\x92\
\x84\x93\x6b\x74\x36\x8f\x06\xae\xba\x09\xfb\x5c\xc9\x80\x2f\x0a\
\x7b\x6c\xca\x5a\x90\x31\xca\x8a\x3e\x4b\x66\x29\x06\xe7\xee\x06\
\xb1\x5c\x67\xa6\x2e\xa1\x22\x44\x70\x06\x3a\x2e\x0f\x86\xc3\xc9\
\xca\xf9\x19\x5f\x97\x3c\x93\xe0\xc0\x3a\x7c\x93\x53\x9e\x69\xa2\
\x8d\xd5\xcb\xa6\x2c\x51\x85\x82\x92\xf4\x14\x85\x16\x81\x5a\x06\
\xc8\xa5\x2a\xf0\x02\x96\xd5\x89\x98\x36\xd7\x94\x72\xe7\x03\x71\
\xa6\xf3\xc7\xb3\xae\xb5\xb9\x6b\x13\x2e\x22\x8e\xba\x36\x51\xd7\
\xa6\xa8\xab\xc7\x46\x09\xc6\x28\x2b\xfa\x6c\xbd\x92\x2b\x91\x5f\
\x7a\xf0\x99\xb5\xb5\x20\xf7\x71\x41\x0b\x11\x46\x4e\x41\x07\xb2\
\xe2\xa3\x74\xb1\xf4\x6f\xcc\xb9\xdc\xbc\xcb\x12\x24\xaf\x18\x1e\
\x77\xc4\xa0\x64\x39\x0a\x1d\xb3\x00\x47\xa9\x00\xb4\x8c\x9f\xe1\
\x79\xe0\x73\x63\x1d\xd2\x55\xf3\xbc\x0e\xe4\x91\xcf\xe3\x11\x23\
\x8f\x59\x74\x65\x8d\x09\x91\x1d\xfa\x2d\x03\x9f\x19\xca\x89\x36\
\x47\xbf\x94\xa7\xe6\x73\xc4\x26\x68\x58\xf4\x08\xe3\xdb\x23\xb8\
\x00\x9e\x32\xd0\x62\xdc\x63\x9e\xd7\xa7\x60\x73\x2a\xb7\xed\x71\
\x6f\xc7\x5e\x36\x7c\x63\x65\x6d\x4a\x65\xd1\x2c\x51\x68\x11\xa8\
\x65\x80\x5c\xaa\x02\x2f\x20\x2b\x32\x33\x6d\xae\x29\xb5\xaa\xc8\
\xba\x22\x75\x0b\xd3\x7e\x65\x61\x3a\xdb\xfb\x1c\x58\xc4\x29\xe2\
\x64\x8f\xcf\x81\xf7\xe0\xa6\x80\xfb\xd7\xfc\x90\x64\x78\x61\xe9\
\x62\xeb\xc4\xeb\x20\x2f\x2c\x17\x12\x6c\xde\xd8\xfb\x6c\x67\xa5\
\xe6\xb3\xbd\xcf\x77\x7e\x18\xdc\x07\xe4\x59\x16\x5f\xc8\x80\xc2\
\xc2\xb9\xc5\x97\xae\xd7\xa8\x39\x9d\xf7\x11\xd1\xa4\xea\x15\x63\
\x97\x12\x0c\xec\x89\x2e\xc7\x06\xe8\xba\xea\x75\x41\xe8\x83\x64\
\x48\xdc\xd1\x9b\xd9\xe2\x56\x0c\xaf\xc4\xfd\x52\x92\xda\xe2\x9d\
\x05\x7c\x3a\x5b\xbd\x62\x74\x16\x51\xc1\xa0\x64\x3d\x67\xa1\x85\
\xf0\x8d\xe4\x4a\x14\xd6\xcc\x56\x8f\x59\x55\x31\x6a\x87\xb3\xa2\
\x85\xf4\xbb\x77\x3a\xff\xae\xed\x74\x9c\xcd\xc7\xba\x7c\x2e\xc1\
\x7d\xcb\x99\xbc\x8e\x34\x22\x0e\x35\xad\x93\x70\x79\x60\xfc\x84\
\x0a\x77\x76\x14\x6c\x48\x3c\x7d\x6c\x9d\x78\x1d\x24\xf1\x5c\x4a\
\xb0\x79\xa3\x0f\x6c\xba\x9d\x6e\xcf\xe4\xb5\xd4\xad\xb5\x54\x09\
\x4f\x5c\xa9\x9c\xee\xf0\xf0\xa2\xf1\x58\xa1\xf2\x9a\x6f\xb1\xd3\
\x75\x9e\xd0\x4c\xf5\xd8\xb8\x7c\xdc\x61\x92\x00\xca\x04\xd1\x72\
\xcf\x88\x62\x1f\x0a\x5b\x9d\x7a\x45\x39\x3a\x11\x49\x00\x37\x06\
\x2d\x97\xca\xf4\x85\x33\x5c\x74\xb3\xc6\x97\xda\xe4\xd3\x05\x76\
\xbf\x77\x23\x2e\x55\x08\xf8\xea\x65\xe3\xf1\x7c\x58\x6e\xb1\x90\
\x50\x00\xcb\x00\x34\x1c\x7a\xb5\x18\xf0\x75\xc4\x56\xaf\x42\x32\
\xd0\x5d\x12\x4c\x0d\x32\x23\x1a\xd4\xbf\x5f\x88\xa7\xd5\x03\x5e\
\x10\x2b\x9f\x18\x7e\xf0\xb1\xdc\x6b\xbc\x39\xe1\xa2\x96\xe3\x38\
\xd9\x3c\xa7\xe2\x22\x4b\x86\xbf\x20\x74\xb1\x75\xe2\x75\x90\xbf\
\x20\x5c\x48\xb0\x79\xeb\xf9\xe7\xdb\x1b\x73\x26\xc2\x9f\xfc\x30\
\x78\xac\x8f\x23\xbe\x7d\x11\xdf\x3b\x54\x21\x9e\x5f\xf2\x24\x9a\
\x67\xbb\x84\x87\x58\xec\x78\x3f\x9a\xea\xa1\x89\xe3\x08\xa4\x42\
\x22\x0b\xe0\xc4\x0b\xd0\x98\x5a\xac\x5e\xf7\xc2\x66\x8f\x21\xc5\
\x6d\xc2\x4b\x53\x9c\x7d\x31\xf4\x7d\x41\xab\x11\x35\x88\x6f\x4b\
\x88\x34\xcb\x85\x84\x1a\x74\x32\xa0\xc4\xd8\xab\xc1\xbc\x30\x13\
\x09\x0d\x30\x6a\x68\x38\xf4\x6a\x31\xa8\x7e\x66\x3d\x34\xec\xa8\
\x05\x7d\x62\x60\xb4\x21\x5e\xca\x90\xf7\x6e\x05\x3e\xbd\x5f\x81\
\xbf\x68\xd0\xca\xc4\x8c\x73\xbb\xf3\x4e\x2a\x33\xe1\x49\xd4\xe0\
\x86\x8e\x0d\xcf\x72\x5d\x6c\x9d\x78\x1d\xe4\x59\xee\x42\x82\xcd\
\x7a\x07\x04\x37\xdd\xa8\x73\x09\xfe\xc7\x4f\x83\x4f\x61\xf3\xe1\
\xdb\x6a\xa9\xf2\xae\x0f\xbb\x33\x96\x99\xc1\x94\x3d\x97\x56\xd2\
\x8c\xba\x7a\x35\x58\x34\x48\x24\x01\xa2\x07\x2a\xc7\x48\x39\xf9\
\x97\x10\x74\x38\xd4\x20\x8d\x72\xa1\xa1\x6b\xb1\x37\x34\x1d\xda\
\xd1\x84\x59\xe3\xfb\x5f\xce\x11\xb8\x66\x79\xdc\x63\x8d\x32\x78\
\x15\xaa\x47\x86\xea\x12\x09\x2d\x10\xa0\xe5\xc2\x02\x1c\xcd\x8c\
\x09\xd0\x32\x61\xe6\x9b\xa3\xf6\x5a\xc2\xf5\xc5\xde\x2d\xc1\xdf\
\x97\x6e\xef\xa6\x89\xd7\x2c\xda\xf9\x3a\x87\x67\x95\x30\xe1\x6f\
\x1a\xf3\x72\x5c\x0c\xc9\xaa\x8f\xad\x13\xaf\x83\x24\xab\x4b\x09\
\x36\xeb\x8f\xbd\xf5\x6e\x36\xfe\x4c\x78\x13\x7f\x2c\x36\xd8\x6d\
\xc9\x95\x25\xd8\xe0\x09\xdc\x38\x3c\x61\xe4\xe9\xc0\xd1\x21\x10\
\x27\xa6\x64\x4c\xf5\xc8\x2c\x14\x2c\x9e\x13\x4d\x0a\x1b\xa2\xcb\
\x8b\xd4\x28\x01\x05\xae\x58\x29\xe4\x16\xe8\xca\xf6\x86\x26\xba\
\x90\x74\x98\x8b\xdc\xf2\xe3\x3a\x1c\x5a\x3f\xe6\xe9\xcc\xe3\x94\
\xc3\x5e\x31\x71\xc9\xd3\x92\x47\x2d\x53\x14\xda\x24\x4e\xe6\xb5\
\x04\xc5\x23\xc3\xd5\x23\x6a\xa1\xba\x1c\x14\x6d\xee\xf2\xcf\x58\
\xe5\xf7\x3a\xff\xef\xe0\xcb\x87\xff\x01\x94\x08\x43\x2c\
\x00\x00\x05\xb6\
\x3c\
\x73\x76\x67\x20\x78\x6d\x6c\x6e\x73\x3d\x22\x68\x74\x74\x70\x3a\
\x2f\x2f\x77\x77\x77\x2e\x77\x33\x2e\x6f\x72\x67\x2f\x32\x30\x30\
\x30\x2f\x73\x76\x67\x22\x20\x77\x69\x64\x74\x68\x3d\x22\x32\x34\
\x22\x20\x68\x65\x69\x67\x68\x74\x3d\x22\x32\x34\x22\x20\x76\x65\
\x72\x73\x69\x6f\x6e\x3d\x22\x31\x2e\x31\x22\x20\x76\x69\x65\x77\
\x42\x6f\x78\x3d\x22\x30\x20\x30\x20\x32\x34\x20\x32\x34\x22\x3e\
\x0a\x20\x20\x3c\x67\x20\x74\x72\x61\x6e\x73\x66\x6f\x72\x6d\x3d\
\x22\x74\x72\x61\x6e\x73\x6c\x61\x74\x65\x28\x2d\x30\x29\x20\x73\
\x63\x61\x6c\x65\x28\x2e\x30\x34\x36\x38\x37\x35\x29\x22\x3e\x0a\
\x20\x20\x20\x20\x3c\x67\x20\x69\x64\x3d\x22\x61\x22\x20\x74\x72\
\x61\x6e\x73\x66\x6f\x72\x6d\x3d\x22\x6d\x61\x74\x72\x69\x78\x28\
\x31\x2e\x31\x32\x35\x20\x30\x20\x30\x20\x31\x2e\x31\x32\x35\x20\
\x33\x35\x31\x2e\x36\x36\x20\x31\x37\x37\x2e\x37\x31\x29\x22\x20\
\x73\x74\x72\x6f\x6b\x65\x3d\x22\x23\x35\x35\x35\x38\x35\x43\x22\
\x3e\x0a\x20\x20\x20\x20\x20\x20\x3c\x67\x20\x69\x64\x3d\x22\x62\
\x22\x20\x74\x72\x61\x6e\x73\x66\x6f\x72\x6d\x3d\x22\x6d\x61\x74\
\x72\x69\x78\x28\x32\x35\x20\x30\x20\x30\x20\x32\x35\x20\x2d\x34\
\x36\x35\x2e\x39\x37\x20\x2d\x33\x31\x37\x2e\x39\x36\x29\x22\x3e\
\x0a\x20\x20\x20\x20\x20\x20\x20\x20\x3c\x67\x20\x69\x64\x3d\x22\
\x63\x22\x20\x74\x72\x61\x6e\x73\x66\x6f\x72\x6d\x3d\x22\x6d\x61\
\x74\x72\x69\x78\x28\x2e\x30\x32\x33\x31\x31\x34\x20\x30\x20\x30\
\x20\x2e\x30\x32\x33\x31\x31\x34\x20\x31\x31\x2e\x34\x33\x20\x39\
\x2e\x35\x38\x34\x39\x29\x22\x3e\x0a\x20\x20\x20\x20\x20\x20\x20\
\x20\x20\x20\x3c\x67\x20\x69\x64\x3d\x22\x64\x22\x20\x74\x72\x61\
\x6e\x73\x66\x6f\x72\x6d\x3d\x22\x6d\x61\x74\x72\x69\x78\x28\x2e\
\x36\x33\x36\x38\x34\x20\x2e\x36\x33\x36\x38\x34\x20\x2d\x2e\x36\
\x33\x36\x38\x34\x20\x2e\x36\x33\x36\x38\x34\x20\x32\x35\x33\x2e\
\x37\x37\x20\x2d\x36\x37\x2e\x39\x34\x35\x29\x22\x20\x73\x74\x72\
\x6f\x6b\x65\x3d\x22\x23\x35\x35\x35\x38\x35\x43\x22\x20\x73\x74\
\x72\x6f\x6b\x65\x2d\x6c\x69\x6e\x65\x6a\x6f\x69\x6e\x3d\x22\x72\
\x6f\x75\x6e\x64\x22\x20\x73\x74\x72\x6f\x6b\x65\x2d\x6d\x69\x74\
\x65\x72\x6c\x69\x6d\x69\x74\x3d\x22\x30\x22\x20\x73\x74\x72\x6f\
\x6b\x65\x2d\x77\x69\x64\x74\x68\x3d\x22\x33\x39\x2e\x31\x35\x37\
\x22\x3e\x0a\x20\x20\x20\x20\x20\x20\x20\x20\x20\x20\x20\x20\x3c\
\x70\x61\x74\x68\x20\x69\x64\x3d\x22\x65\x22\x20\x64\x3d\x22\x6d\
\x32\x35\x36\x20\x35\x35\x35\x2e\x32\x35\x20\x37\x30\x2e\x36\x35\
\x36\x2d\x37\x30\x2e\x36\x35\x36\x76\x2d\x33\x36\x37\x2e\x37\x38\
\x68\x2d\x31\x34\x30\x2e\x39\x36\x6c\x2d\x30\x2e\x33\x34\x38\x36\
\x20\x33\x36\x37\x2e\x37\x38\x7a\x22\x20\x66\x69\x6c\x6c\x3d\x22\
\x6e\x6f\x6e\x65\x22\x20\x73\x74\x72\x6f\x6b\x65\x2d\x77\x69\x64\
\x74\x68\x3d\x22\x33\x39\x2e\x31\x35\x37\x22\x20\x2f\x3e\x0a\x20\
\x20\x20\x20\x20\x20\x20\x20\x20\x20\x20\x20\x3c\x72\x65\x63\x74\
\x20\x69\x64\x3d\x22\x66\x22\x20\x78\x3d\x22\x31\x38\x36\x2e\x34\
\x32\x22\x20\x79\x3d\x22\x31\x34\x2e\x30\x30\x36\x22\x20\x77\x69\
\x64\x74\x68\x3d\x22\x31\x33\x39\x2e\x35\x22\x20\x68\x65\x69\x67\
\x68\x74\x3d\x22\x31\x30\x32\x2e\x30\x38\x22\x20\x72\x79\x3d\x22\
\x39\x2e\x33\x32\x33\x31\x22\x20\x66\x69\x6c\x6c\x3d\x22\x23\x35\
\x35\x35\x38\x35\x43\x22\x20\x2f\x3e\x0a\x20\x20\x20\x20\x20\x20\
\x20\x20\x20\x20\x3c\x2f\x67\x3e\x0a\x20\x20\x20\x20\x20\x20\x20\
\x20\x3c\x2f\x67\x3e\x0a\x20\x20\x20\x20\x20\x20\x20\x20\x3c\x70\
\x61\x74\x68\x20\x69\x64\x3d\x22\x67\x22\x20\x64\x3d\x22\x6d\x39\
\x2e\x38\x31\x31\x39\x20\x31\x32\x2e\x36\x33\x76\x37\x2e\x33\x37\
\x37\x33\x22\x20\x66\x69\x6c\x6c\x3d\x22\x23\x35\x35\x35\x38\x35\
\x43\x22\x20\x73\x74\x72\x6f\x6b\x65\x3d\x22\x23\x35\x35\x35\x38\
\x35\x43\x22\x20\x73\x74\x72\x6f\x6b\x65\x2d\x6c\x69\x6e\x65\x63\
\x61\x70\x3d\x22\x72\x6f\x75\x6e\x64\x22\x20\x73\x74\x72\x6f\x6b\
\x65\x2d\x6c\x69\x6e\x65\x6a\x6f\x69\x6e\x3d\x22\x72\x6f\x75\x6e\
\x64\x22\x20\x73\x74\x72\x6f\x6b\x65\x2d\x6d\x69\x74\x65\x72\x6c\
\x69\x6d\x69\x74\x3d\x22\x30\x22\x20\x73\x74\x72\x6f\x6b\x65\x2d\
\x77\x69\x64\x74\x68\x3d\x22\x31\x2e\x30\x36\x36\x37\x22\x20\x73\
\x74\x79\x6c\x65\x3d\x22\x70\x61\x69\x6e\x74\x2d\x6f\x72\x64\x65\
\x72\x3a\x66\x69\x6c\x6c\x20\x6d\x61\x72\x6b\x65\x72\x73\x20\x73\
\x74\x72\x6f\x6b\x65\x22\x20\x2f\x3e\x0a\x20\x20\x20\x20\x20\x20\
\x20\x20\x3c\x70\x61\x74\x68\x20\x69\x64\x3d\x22\x68\x22\x20\x64\
\x3d\x22\x6d\x38\x2e\x36\x31\x39\x36\x20\x32\x30\x2e\x30\x30\x38\
\x68\x32\x2e\x33\x38\x34\x37\x22\x20\x66\x69\x6c\x6c\x3d\x22\x23\
\x35\x35\x35\x38\x35\x43\x22\x20\x73\x74\x72\x6f\x6b\x65\x3d\x22\
\x23\x35\x35\x35\x38\x35\x43\x22\x20\x73\x74\x72\x6f\x6b\x65\x2d\
\x6c\x69\x6e\x65\x63\x61\x70\x3d\x22\x72\x6f\x75\x6e\x64\x22\x20\
\x73\x74\x72\x6f\x6b\x65\x2d\x6c\x69\x6e\x65\x6a\x6f\x69\x6e\x3d\
\x22\x72\x6f\x75\x6e\x64\x22\x20\x73\x74\x72\x6f\x6b\x65\x2d\x6d\
\x69\x74\x65\x72\x6c\x69\x6d\x69\x74\x3d\x22\x30\x22\x20\x73\x74\
\x72\x6f\x6b\x65\x2d\x77\x69\x64\x74\x68\x3d\x22\x31\x2e\x30\x36\
\x36\x37\x22\x20\x73\x74\x79\x6c\x65\x3d\x22\x70\x61\x69\x6e\x74\
\x2d\x6f\x72\x64\x65\x72\x3a\x66\x69\x6c\x6c\x20\x6d\x61\x72\x6b\
\x65\x72\x73\x20\x73\x74\x72\x6f\x6b\x65\x22\x20\x2f\x3e\x0a\x20\
\x20\x20\x20\x20\x20\x20\x20\x3c\x70\x61\x74\x68\x20\x69\x64\x3d\
\x22\x69\x22\x20\x64\x3d\x22\x6d\x38\x2e\x36\x31\x39\x36\x20\x31\
\x32\x2e\x36\x33\x68\x32\x2e\x33\x38\x34\x37\x22\x20\x66\x69\x6c\
\x6c\x3d\x22\x23\x35\x35\x35\x38\x35\x43\x22\x20\x73\x74\x72\x6f\
\x6b\x65\x3d\x22\x23\x35\x35\x35\x38\x35\x43\x22\x20\x73\x74\x72\
\x6f\x6b\x65\x2d\x6c\x69\x6e\x65\x63\x61\x70\x3d\x22\x72\x6f\x75\
\x6e\x64\x22\x20\x73\x74\x72\x6f\x6b\x65\x2d\x6c\x69\x6e\x65\x6a\
\x6f\x69\x6e\x3d\x22\x72\x6f\x75\x6e\x64\x22\x20\x73\x74\x72\x6f\
\x6b\x65\x2d\x6d\x69\x74\x65\x72\x6c\x69\x6d\x69\x74\x3d\x22\x30\
\x22\x20\x73\x74\x72\x6f\x6b\x65\x2d\x77\x69\x64\x74\x68\x3d\x22\
\x31\x2e\x30\x36\x36\x37\x22\x20\x73\x74\x79\x6c\x65\x3d\x22\x70\
\x61\x69\x6e\x74\x2d\x6f\x72\x64\x65\x72\x3a\x66\x69\x6c\x6c\x20\
\x6d\x61\x72\x6b\x65\x72\x73\x20\x73\x74\x72\x6f\x6b\x65\x22\x20\
\x2f\x3e\x0a\x20\x20\x20\x20\x20\x20\x3c\x2f\x67\x3e\x0a\x20\x20\
\x20\x20\x3c\x2f\x67\x3e\x0a\x20\x20\x3c\x2f\x67\x3e\x0a\x3c\x2f\
\x73\x76\x67\x3e\x0a\
\x00\x00\x04\x92\
\x3c\
\x73\x76\x67\x20\x78\x6d\x6c\x6e\x73\x3d\x22\x68\x74\x74\x70\x3a\
\x2f\x2f\x77\x77\x77\x2e\x77\x33\x2e\x6f\x72\x67\x2f\x32\x30\x30\
\x30\x2f\x73\x76\x67\x22\x20\x78\x6d\x6c\x6e\x73\x3a\x6e\x73\x31\
\x3d\x22\x68\x74\x74\x70\x3a\x2f\x2f\x73\x6f\x64\x69\x70\x6f\x64\
\x69\x2e\x73\x6f\x75\x72\x63\x65\x66\x6f\x72\x67\x65\x2e\x6e\x65\
\x74\x2f\x44\x54\x44\x2f\x73\x6f\x64\x69\x70\x6f\x64\x69\x2d\x30\
\x2e\x64\x74\x64\x22\x20\x78\x6d\x6c\x6e\x73\x3a\x6e\x73\x32\x3d\
\x22\x68\x74\x74\x70\x3a\x2f\x2f\x77\x77\x77\x2e\x69\x6e\x6b\x73\
\x63\x61\x70\x65\x2e\x6f\x72\x67\x2f\x6e\x61\x6d\x65\x73\x70\x61\
\x63\x65\x73\x2f\x69\x6e\x6b\x73\x63\x61\x70\x65\x22\x20\x77\x69\
\x64\x74\x68\x3d\x22\x32\x34\x22\x20\x68\x65\x69\x67\x68\x74\x3d\
\x22\x32\x34\x22\x20\x76\x65\x72\x73\x69\x6f\x6e\x3d\x22\x31\x2e\
\x31\x22\x20\x76\x69\x65\x77\x42\x6f\x78\x3d\x22\x30\x20\x30\x20\
\x32\x34\x20\x32\x34\x22\x20\x69\x64\x3d\x22\x73\x76\x67\x31\x22\
\x20\x6e\x73\x31\x3a\x64\x6f\x63\x6e\x61\x6d\x65\x3d\x22\x6c\x61\
\x62\x65\x6c\x2e\x73\x76\x67\x22\x20\x6e\x73\x32\x3a\x76\x65\x72\
\x73\x69\x6f\x6e\x3d\x22\x31\x2e\x33\x2d\x64\x65\x76\x20\x28\x37\
\x37\x62\x63\x37\x33\x65\x2c\x20\x32\x30\x32\x32\x2d\x30\x35\x2d\
\x31\x38\x29\x22\x3e\x0a\x20\x20\x3c\x64\x65\x66\x73\x20\x69\x64\
\x3d\x22\x64\x65\x66\x73\x31\x22\x20\x2f\x3e\x0a\x20\x20\x3c\x6e\
\x73\x31\x3a\x6e\x61\x6d\x65\x64\x76\x69\x65\x77\x20\x69\x64\x3d\
\x22\x6e\x61\x6d\x65\x64\x76\x69\x65\x77\x31\x22\x20\x70\x61\x67\
\x65\x63\x6f\x6c\x6f\x72\x3d\x22\x23\x66\x66\x66\x66\x66\x66\x22\
\x20\x62\x6f\x72\x64\x65\x72\x63\x6f\x6c\x6f\x72\x3d\x22\x23\x30\
\x30\x30\x30\x30\x30\x22\x20\x62\x6f\x72\x64\x65\x72\x6f\x70\x61\
\x63\x69\x74\x79\x3d\x22\x30\x2e\x32\x35\x22\x20\x6e\x73\x32\x3a\
\x73\x68\x6f\x77\x70\x61\x67\x65\x73\x68\x61\x64\x6f\x77\x3d\x22\
\x32\x22\x20\x6e\x73\x32\x3a\x70\x61\x67\x65\x6f\x70\x61\x63\x69\
\x74\x79\x3d\x22\x30\x2e\x30\x22\x20\x6e\x73\x32\x3a\x70\x61\x67\
\x65\x63\x68\x65\x63\x6b\x65\x72\x62\x6f\x61\x72\x64\x3d\x22\x30\
\x22\x20\x6e\x73\x32\x3a\x64\x65\x73\x6b\x63\x6f\x6c\x6f\x72\x3d\
\x22\x23\x64\x31\x64\x31\x64\x31\x22\x20\x73\x68\x6f\x77\x67\x72\
\x69\x64\x3d\x22\x66\x61\x6c\x73\x65\x22\x20\x6e\x73\x32\x3a\x7a\
\x6f\x6f\x6d\x3d\x22\x31\x31\x2e\x31\x33\x36\x39\x33\x32\x22\x20\
\x6e\x73\x32\x3a\x63\x78\x3d\x22\x2d\x36\x2e\x35\x30\x39\x38\x37\
\x31\x39\x22\x20\x6e\x73\x32\x3a\x63\x79\x3d\x22\x31\x35\x2e\x30\
\x38\x34\x39\x34\x35\x22\x20\x6e\x73\x32\x3a\x77\x69\x6e\x64\x6f\
\x77\x2d\x77\x69\x64\x74\x68\x3d\x22\x31\x34\x31\x38\x22\x20\x6e\
\x73\x32\x3a\x77\x69\x6e\x64\x6f\x77\x2d\x68\x65\x69\x67\x68\x74\
\x3d\x22\x39\x30\x36\x22\x20\x6e\x73\x32\x3a\x77\x69\x6e\x64\x6f\
\x77\x2d\x78\x3d\x22\x33\x39\x22\x20\x6e\x73\x32\x3a\x77\x69\x6e\
\x64\x6f\x77\x2d\x79\x3d\x22\x33\x30\x22\x20\x6e\x73\x32\x3a\x77\
\x69\x6e\x64\x6f\x77\x2d\x6d\x61\x78\x69\x6d\x69\x7a\x65\x64\x3d\
\x22\x30\x22\x20\x6e\x73\x32\x3a\x63\x75\x72\x72\x65\x6e\x74\x2d\
\x6c\x61\x79\x65\x72\x3d\x22\x73\x76\x67\x31\x22\x20\x2f\x3e\x0a\
\x20\x20\x3c\x70\x61\x74\x68\x20\x64\x3d\x22\x4d\x20\x34\x2c\x32\
\x30\x20\x51\x20\x33\x2e\x31\x37\x35\x2c\x32\x30\x20\x32\x2e\x35\
\x38\x37\x35\x30\x30\x31\x2c\x31\x39\x2e\x34\x31\x32\x35\x20\x32\
\x2e\x30\x30\x30\x30\x30\x30\x31\x2c\x31\x38\x2e\x38\x32\x35\x20\
\x32\x2e\x30\x30\x30\x30\x30\x30\x31\x2c\x31\x38\x20\x56\x20\x36\
\x2e\x30\x30\x30\x30\x30\x30\x31\x20\x71\x20\x30\x2c\x2d\x30\x2e\
\x38\x32\x35\x20\x30\x2e\x35\x38\x37\x35\x2c\x2d\x31\x2e\x34\x31\
\x32\x35\x20\x51\x20\x33\x2e\x31\x37\x35\x2c\x34\x2e\x30\x30\x30\
\x30\x30\x30\x31\x20\x34\x2c\x34\x2e\x30\x30\x30\x30\x30\x30\x31\
\x20\x68\x20\x31\x30\x2e\x39\x39\x39\x39\x39\x39\x20\x71\x20\x30\
\x2e\x34\x37\x35\x2c\x30\x20\x30\x2e\x39\x2c\x30\x2e\x32\x31\x32\
\x35\x20\x30\x2e\x34\x32\x35\x2c\x30\x2e\x32\x31\x32\x35\x20\x30\
\x2e\x37\x2c\x30\x2e\x35\x38\x37\x35\x20\x4c\x20\x32\x32\x2c\x31\
\x32\x2e\x30\x30\x30\x30\x30\x31\x20\x31\x36\x2e\x35\x39\x39\x39\
\x39\x39\x2c\x31\x39\x2e\x32\x20\x71\x20\x2d\x30\x2e\x32\x37\x35\
\x2c\x30\x2e\x33\x37\x35\x20\x2d\x30\x2e\x37\x2c\x30\x2e\x35\x38\
\x37\x35\x20\x2d\x30\x2e\x34\x32\x35\x2c\x30\x2e\x32\x31\x32\x35\
\x20\x2d\x30\x2e\x39\x2c\x30\x2e\x32\x31\x32\x35\x20\x7a\x20\x4d\
\x20\x34\x2c\x31\x38\x20\x48\x20\x31\x34\x2e\x39\x39\x39\x39\x39\
\x39\x20\x4c\x20\x31\x39\x2e\x35\x2c\x31\x32\x2e\x30\x30\x30\x30\
\x30\x31\x20\x31\x34\x2e\x39\x39\x39\x39\x39\x39\x2c\x36\x2e\x30\
\x30\x30\x30\x30\x30\x31\x20\x48\x20\x34\x20\x5a\x20\x6d\x20\x35\
\x2e\x34\x39\x39\x39\x39\x39\x2c\x2d\x35\x2e\x39\x39\x39\x39\x39\
\x39\x20\x7a\x22\x20\x69\x64\x3d\x22\x70\x61\x74\x68\x31\x22\x20\
\x73\x74\x79\x6c\x65\x3d\x22\x66\x69\x6c\x6c\x3a\x23\x35\x35\x35\
\x38\x35\x63\x3b\x66\x69\x6c\x6c\x2d\x6f\x70\x61\x63\x69\x74\x79\
\x3a\x31\x3b\x73\x74\x72\x6f\x6b\x65\x2d\x77\x69\x64\x74\x68\x3a\
\x30\x2e\x30\x32\x35\x22\x20\x2f\x3e\x0a\x3c\x2f\x73\x76\x67\x3e\
\x0a\
\x00\x00\x07\xe1\
\x3c\
\x73\x76\x67\x20\x78\x6d\x6c\x6e\x73\x3d\x22\x68\x74\x74\x70\x3a\
\x2f\x2f\x77\x77\x77\x2e\x77\x33\x2e\x6f\x72\x67\x2f\x32\x30\x30\
\x30\x2f\x73\x76\x67\x22\x20\x77\x69\x64\x74\x68\x3d\x22\x32\x34\
\x22\x20\x68\x65\x69\x67\x68\x74\x3d\x22\x32\x34\x22\x20\x76\x65\
\x72\x73\x69\x6f\x6e\x3d\x22\x31\x2e\x31\x22\x20\x76\x69\x65\x77\
\x42\x6f\x78\x3d\x22\x30\x20\x30\x20\x32\x34\x20\x32\x34\x22\x3e\
\x0a\x20\x20\x3c\x67\x20\x74\x72\x61\x6e\x73\x66\x6f\x72\x6d\x3d\
\x22\x74\x72\x61\x6e\x73\x6c\x61\x74\x65\x28\x2d\x30\x29\x20\x73\
\x63\x61\x6c\x65\x28\x2e\x30\x34\x36\x38\x37\x35\x29\x22\x3e\x0a\
\x20\x20\x20\x20\x3c\x64\x65\x66\x73\x20\x69\x64\x3d\x22\x65\x22\
\x3e\x0a\x20\x20\x20\x20\x20\x20\x3c\x63\x6c\x69\x70\x50\x61\x74\
\x68\x20\x69\x64\x3d\x22\x64\x22\x3e\x0a\x20\x20\x20\x20\x20\x20\
\x20\x20\x3c\x70\x61\x74\x68\x20\x69\x64\x3d\x22\x66\x22\x20\x74\
\x72\x61\x6e\x73\x66\x6f\x72\x6d\x3d\x22\x6d\x61\x74\x72\x69\x78\
\x28\x31\x20\x30\x20\x30\x20\x2d\x31\x20\x2d\x32\x39\x39\x2e\x31\
\x31\x20\x38\x31\x37\x2e\x32\x32\x29\x22\x20\x64\x3d\x22\x6d\x30\
\x20\x30\x68\x32\x30\x34\x38\x76\x32\x30\x34\x38\x68\x2d\x32\x30\
\x34\x38\x7a\x22\x20\x2f\x3e\x0a\x20\x20\x20\x20\x20\x20\x3c\x2f\
\x63\x6c\x69\x70\x50\x61\x74\x68\x3e\x0a\x20\x20\x20\x20\x20\x20\
\x3c\x63\x6c\x69\x70\x50\x61\x74\x68\x20\x69\x64\x3d\x22\x63\x22\
\x3e\x0a\x20\x20\x20\x20\x20\x20\x20\x20\x3c\x70\x61\x74\x68\x20\
\x69\x64\x3d\x22\x67\x22\x20\x74\x72\x61\x6e\x73\x66\x6f\x72\x6d\
\x3d\x22\x6d\x61\x74\x72\x69\x78\x28\x2d\x2e\x30\x31\x31\x35\x30\
\x33\x20\x2d\x2e\x30\x31\x31\x39\x30\x37\x20\x2d\x2e\x30\x31\x31\
\x39\x30\x37\x20\x2e\x30\x31\x31\x35\x30\x33\x20\x31\x35\x2e\x39\
\x34\x20\x2e\x31\x33\x35\x32\x31\x29\x22\x20\x64\x3d\x22\x6d\x30\
\x20\x30\x68\x32\x30\x34\x38\x76\x32\x30\x34\x38\x68\x2d\x32\x30\
\x34\x38\x7a\x22\x20\x2f\x3e\x0a\x20\x20\x20\x20\x20\x20\x3c\x2f\
\x63\x6c\x69\x70\x50\x61\x74\x68\x3e\x0a\x20\x20\x20\x20\x20\x20\
\x3c\x63\x6c\x69\x70\x50\x61\x74\x68\x20\x69\x64\x3d\x22\x62\x22\
\x3e\x0a\x20\x20\x20\x20\x20\x20\x20\x20\x3c\x70\x61\x74\x68\x20\
\x69\x64\x3d\x22\x68\x22\x20\x74\x72\x61\x6e\x73\x66\x6f\x72\x6d\
\x3d\x22\x6d\x61\x74\x72\x69\x78\x28\x31\x20\x30\x20\x30\x20\x2d\
\x31\x20\x2d\x33\x32\x33\x2e\x38\x34\x20\x31\x37\x34\x35\x2e\x39\
\x29\x22\x20\x64\x3d\x22\x6d\x30\x20\x30\x68\x32\x30\x34\x38\x76\
\x32\x30\x34\x38\x68\x2d\x32\x30\x34\x38\x7a\x22\x20\x2f\x3e\x0a\
\x20\x20\x20\x20\x20\x20\x3c\x2f\x63\x6c\x69\x70\x50\x61\x74\x68\
\x3e\x0a\x20\x20\x20\x20\x20\x20\x3c\x63\x6c\x69\x70\x50\x61\x74\
\x68\x20\x69\x64\x3d\x22\x61\x22\x3e\x0a\x20\x20\x20\x20\x20\x20\
\x20\x20\x3c\x70\x61\x74\x68\x20\x69\x64\x3d\x22\x69\x22\x20\x74\
\x72\x61\x6e\x73\x66\x6f\x72\x6d\x3d\x22\x6d\x61\x74\x72\x69\x78\
\x28\x2e\x30\x31\x31\x35\x30\x33\x20\x2e\x30\x31\x31\x39\x30\x37\
\x20\x2e\x30\x31\x31\x39\x30\x37\x20\x2d\x2e\x30\x31\x31\x35\x30\
\x33\x20\x2d\x33\x32\x2e\x36\x38\x38\x20\x2d\x2e\x36\x36\x33\x31\
\x36\x29\x22\x20\x64\x3d\x22\x6d\x30\x20\x30\x68\x32\x30\x34\x38\
\x76\x32\x30\x34\x38\x68\x2d\x32\x30\x34\x38\x7a\x22\x20\x2f\x3e\
\x0a\x20\x20\x20\x20\x20\x20\x3c\x2f\x63\x6c\x69\x70\x50\x61\x74\
\x68\x3e\x0a\x20\x20\x20\x20\x3c\x2f\x64\x65\x66\x73\x3e\x0a\x20\
\x20\x20\x20\x3c\x67\x20\x69\x64\x3d\x22\x6a\x22\x20\x74\x72\x61\
\x6e\x73\x66\x6f\x72\x6d\x3d\x22\x6d\x61\x74\x72\x69\x78\x28\x31\
\x2e\x31\x32\x35\x20\x30\x20\x30\x20\x31\x2e\x31\x32\x35\x20\x33\
\x35\x31\x2e\x36\x36\x20\x31\x37\x37\x2e\x37\x31\x29\x22\x20\x73\
\x74\x72\x6f\x6b\x65\x3d\x22\x23\x35\x35\x35\x38\x35\x43\x22\x3e\
\x0a\x20\x20\x20\x20\x20\x20\x3c\x67\x20\x69\x64\x3d\x22\x6b\x22\
\x20\x74\x72\x61\x6e\x73\x66\x6f\x72\x6d\x3d\x22\x6d\x61\x74\x72\
\x69\x78\x28\x32\x35\x20\x30\x20\x30\x20\x32\x35\x20\x2d\x34\x36\
\x35\x2e\x39\x37\x20\x2d\x33\x31\x37\x2e\x39\x36\x29\x22\x3e\x0a\
\x20\x20\x20\x20\x20\x20\x20\x20\x3c\x67\x20\x69\x64\x3d\x22\x6c\
\x22\x20\x74\x72\x61\x6e\x73\x66\x6f\x72\x6d\x3d\x22\x6d\x61\x74\
\x72\x69\x78\x28\x2e\x32\x32\x35\x20\x30\x20\x30\x20\x2e\x32\x32\
\x35\x20\x31\x34\x2e\x35\x38\x38\x20\x31\x33\x2e\x30\x36\x37\x29\
\x22\x20\x66\x69\x6c\x6c\x3d\x22\x6e\x6f\x6e\x65\x22\x20\x73\x74\
\x72\x6f\x6b\x65\x3d\x22\x23\x35\x35\x35\x38\x35\x43\x22\x3e\x0a\
\x20\x20\x20\x20\x20\x20\x20\x20\x20\x20\x3c\x67\x20\x69\x64\x3d\
\x22\x6d\x22\x20\x74\x72\x61\x6e\x73\x66\x6f\x72\x6d\x3d\x22\x6d\
\x61\x74\x72\x69\x78\x28\x2e\x30\x33\x35\x35\x35\x36\x20\x30\x20\
\x30\x20\x2e\x30\x33\x35\x35\x35\x36\x20\x2d\x34\x36\x2e\x33\x33\
\x20\x2d\x33\x36\x2e\x38\x30\x38\x29\x22\x3e\x0a\x20\x20\x20\x20\
\x20\x20\x20\x20\x20\x20\x20\x20\x3c\x70\x61\x74\x68\x20\x69\x64\
\x3d\x22\x6e\x22\x20\x74\x72\x61\x6e\x73\x66\x6f\x72\x6d\x3d\x22\
\x6d\x61\x74\x72\x69\x78\x28\x31\x2e\x33\x33\x33\x33\x20\x30\x20\
\x30\x20\x31\x2e\x33\x33\x33\x33\x20\x34\x33\x31\x2e\x37\x38\x20\
\x34\x30\x32\x2e\x37\x34\x29\x22\x20\x64\x3d\x22\x6d\x30\x20\x34\
\x38\x34\x2e\x32\x39\x63\x33\x34\x36\x2e\x30\x31\x2d\x35\x34\x32\
\x2e\x31\x39\x20\x37\x34\x36\x2e\x38\x39\x2d\x36\x32\x39\x2e\x31\
\x32\x20\x31\x32\x30\x32\x2e\x36\x2d\x32\x36\x30\x2e\x37\x39\x6c\
\x33\x35\x2e\x39\x36\x31\x20\x33\x34\x2e\x37\x34\x22\x20\x63\x6c\
\x69\x70\x2d\x70\x61\x74\x68\x3d\x22\x75\x72\x6c\x28\x23\x62\x29\
\x22\x20\x73\x74\x72\x6f\x6b\x65\x2d\x77\x69\x64\x74\x68\x3d\x22\
\x31\x30\x30\x22\x20\x2f\x3e\x0a\x20\x20\x20\x20\x20\x20\x20\x20\
\x20\x20\x20\x20\x3c\x70\x61\x74\x68\x20\x69\x64\x3d\x22\x6f\x22\
\x20\x74\x72\x61\x6e\x73\x66\x6f\x72\x6d\x3d\x22\x6d\x61\x74\x72\
\x69\x78\x28\x35\x35\x2e\x39\x35\x34\x20\x2d\x35\x37\x2e\x39\x32\
\x20\x35\x37\x2e\x39\x32\x20\x35\x35\x2e\x39\x35\x34\x20\x31\x38\
\x36\x37\x2e\x34\x20\x38\x37\x34\x2e\x35\x29\x22\x20\x64\x3d\x22\
\x6d\x30\x20\x30\x20\x33\x20\x35\x20\x33\x2d\x35\x6d\x2d\x33\x20\
\x30\x76\x35\x22\x20\x63\x6c\x69\x70\x2d\x70\x61\x74\x68\x3d\x22\
\x75\x72\x6c\x28\x23\x61\x29\x22\x20\x73\x74\x72\x6f\x6b\x65\x2d\
\x6c\x69\x6e\x65\x6a\x6f\x69\x6e\x3d\x22\x72\x6f\x75\x6e\x64\x22\
\x20\x73\x74\x72\x6f\x6b\x65\x2d\x6d\x69\x74\x65\x72\x6c\x69\x6d\
\x69\x74\x3d\x22\x31\x30\x22\x20\x73\x74\x72\x6f\x6b\x65\x2d\x77\
\x69\x64\x74\x68\x3d\x22\x31\x2e\x36\x35\x35\x36\x22\x20\x2f\x3e\
\x0a\x20\x20\x20\x20\x20\x20\x20\x20\x20\x20\x3c\x2f\x67\x3e\x0a\
\x20\x20\x20\x20\x20\x20\x20\x20\x20\x20\x3c\x67\x20\x69\x64\x3d\
\x22\x70\x22\x20\x74\x72\x61\x6e\x73\x66\x6f\x72\x6d\x3d\x22\x6d\
\x61\x74\x72\x69\x78\x28\x2e\x30\x33\x35\x35\x35\x36\x20\x30\x20\
\x30\x20\x2e\x30\x33\x35\x35\x35\x36\x20\x2d\x34\x36\x2e\x33\x33\
\x20\x2d\x33\x36\x2e\x38\x30\x38\x29\x22\x3e\x0a\x20\x20\x20\x20\
\x20\x20\x20\x20\x20\x20\x20\x20\x3c\x70\x61\x74\x68\x20\x69\x64\
\x3d\x22\x71\x22\x20\x74\x72\x61\x6e\x73\x66\x6f\x72\x6d\x3d\x22\
\x6d\x61\x74\x72\x69\x78\x28\x31\x2e\x33\x33\x33\x33\x20\x30\x20\
\x30\x20\x31\x2e\x33\x33\x33\x33\x20\x33\x39\x38\x2e\x38\x31\x20\
\x31\x36\x34\x31\x29\x22\x20\x64\x3d\x22\x6d\x31\x34\x35\x32\x2e\
\x34\x20\x30\x63\x2d\x33\x34\x36\x2e\x30\x31\x20\x35\x34\x32\x2e\
\x31\x39\x2d\x37\x34\x36\x2e\x38\x39\x20\x36\x32\x39\x2e\x31\x32\
\x2d\x31\x32\x30\x32\x2e\x36\x20\x32\x36\x30\x2e\x37\x39\x6c\x2d\
\x33\x35\x2e\x39\x36\x31\x2d\x33\x34\x2e\x37\x34\x22\x20\x63\x6c\
\x69\x70\x2d\x70\x61\x74\x68\x3d\x22\x75\x72\x6c\x28\x23\x64\x29\
\x22\x20\x73\x74\x72\x6f\x6b\x65\x2d\x77\x69\x64\x74\x68\x3d\x22\
\x31\x30\x30\x22\x20\x2f\x3e\x0a\x20\x20\x20\x20\x20\x20\x20\x20\
\x20\x20\x20\x20\x3c\x70\x61\x74\x68\x20\x69\x64\x3d\x22\x72\x22\
\x20\x74\x72\x61\x6e\x73\x66\x6f\x72\x6d\x3d\x22\x6d\x61\x74\x72\
\x69\x78\x28\x2d\x35\x35\x2e\x39\x35\x34\x20\x35\x37\x2e\x39\x32\
\x20\x2d\x35\x37\x2e\x39\x32\x20\x2d\x35\x35\x2e\x39\x35\x34\x20\
\x38\x39\x39\x2e\x37\x32\x20\x31\x38\x31\x35\x29\x22\x20\x64\x3d\
\x22\x6d\x30\x20\x30\x20\x33\x20\x35\x20\x33\x2d\x35\x6d\x2d\x33\
\x20\x30\x76\x35\x22\x20\x63\x6c\x69\x70\x2d\x70\x61\x74\x68\x3d\
\x22\x75\x72\x6c\x28\x23\x63\x29\x22\x20\x73\x74\x72\x6f\x6b\x65\
\x2d\x6c\x69\x6e\x65\x6a\x6f\x69\x6e\x3d\x22\x72\x6f\x75\x6e\x64\
\x22\x20\x73\x74\x72\x6f\x6b\x65\x2d\x6d\x69\x74\x65\x72\x6c\x69\
\x6d\x69\x74\x3d\x22\x31\x30\x22\x20\x73\x74\x72\x6f\x6b\x65\x2d\
\x77\x69\x64\x74\x68\x3d\x22\x31\x2e\x36\x35\x35\x36\x22\x20\x2f\
\x3e\x0a\x20\x20\x20\x20\x20\x20\x20\x20\x20\x20\x3c\x2f\x67\x3e\
\x0a\x20\x20\x20\x20\x20\x20\x20\x20\x3c\x2f\x67\x3e\x0a\x20\x20\
\x20\x20\x20\x20\x3c\x2f\x67\x3e\x0a\x20\x20\x20\x20\x3c\x2f\x67\
\x3e\x0a\x20\x20\x3c\x2f\x67\x3e\x0a\x3c\x2f\x73\x76\x67\x3e\x0a\
\
\x00\x00\x01\x3f\
\x3c\
\x73\x76\x67\x20\x78\x6d\x6c\x6e\x73\x3d\x22\x68\x74\x74\x70\x3a\
\x2f\x2f\x77\x77\x77\x2e\x77\x33\x2e\x6f\x72\x67\x2f\x32\x30\x30\
\x30\x2f\x73\x76\x67\x22\x20\x77\x69\x64\x74\x68\x3d\x22\x32\x34\
\x22\x20\x68\x65\x69\x67\x68\x74\x3d\x22\x32\x34\x22\x20\x76\x65\
\x72\x73\x69\x6f\x6e\x3d\x22\x31\x2e\x31\x22\x20\x76\x69\x65\x77\
\x42\x6f\x78\x3d\x22\x30\x20\x30\x20\x32\x34\x20\x32\x34\x22\x3e\
\x0a\x20\x20\x3c\x67\x20\x74\x72\x61\x6e\x73\x66\x6f\x72\x6d\x3d\
\x22\x74\x72\x61\x6e\x73\x6c\x61\x74\x65\x28\x2d\x30\x29\x20\x73\
\x63\x61\x6c\x65\x28\x2e\x30\x34\x36\x38\x37\x35\x29\x22\x3e\x0a\
\x20\x20\x20\x20\x3c\x70\x61\x74\x68\x20\x69\x64\x3d\x22\x61\x22\
\x20\x64\x3d\x22\x6d\x32\x31\x33\x2e\x39\x31\x20\x34\x32\x34\x2e\
\x33\x35\x68\x38\x34\x2e\x31\x37\x37\x76\x2d\x31\x32\x36\x2e\x32\
\x37\x68\x31\x32\x36\x2e\x32\x37\x76\x2d\x38\x34\x2e\x31\x37\x37\
\x68\x2d\x31\x32\x36\x2e\x32\x37\x76\x2d\x31\x32\x36\x2e\x32\x37\
\x68\x2d\x38\x34\x2e\x31\x37\x37\x76\x31\x32\x36\x2e\x32\x37\x68\
\x2d\x31\x32\x36\x2e\x32\x37\x76\x38\x34\x2e\x31\x37\x37\x68\x31\
\x32\x36\x2e\x32\x37\x7a\x22\x20\x66\x69\x6c\x6c\x3d\x22\x23\x35\
\x35\x35\x38\x35\x43\x22\x20\x73\x74\x72\x6f\x6b\x65\x2d\x77\x69\
\x64\x74\x68\x3d\x22\x31\x2e\x30\x35\x32\x32\x22\x20\x2f\x3e\x0a\
\x20\x20\x3c\x2f\x67\x3e\x0a\x3c\x2f\x73\x76\x67\x3e\x0a\
\x00\x00\x02\xef\
\x3c\
\x73\x76\x67\x20\x78\x6d\x6c\x6e\x73\x3d\x22\x68\x74\x74\x70\x3a\
\x2f\x2f\x77\x77\x77\x2e\x77\x33\x2e\x6f\x72\x67\x2f\x32\x30\x30\
\x30\x2f\x73\x76\x67\x22\x20\x77\x69\x64\x74\x68\x3d\x22\x32\x34\
\x22\x20\x68\x65\x69\x67\x68\x74\x3d\x22\x32\x34\x22\x20\x76\x65\
\x72\x73\x69\x6f\x6e\x3d\x22\x31\x2e\x31\x22\x20\x76\x69\x65\x77\
\x42\x6f\x78\x3d\x22\x30\x20\x30\x20\x32\x34\x20\x32\x34\x22\x3e\
\x0a\x20\x20\x3c\x67\x20\x74\x72\x61\x6e\x73\x66\x6f\x72\x6d\x3d\
\x22\x74\x72\x61\x6e\x73\x6c\x61\x74\x65\x28\x2d\x30\x29\x20\x73\
\x63\x61\x6c\x65\x28\x2e\x30\x34\x36\x38\x37\x35\x29\x22\x3e\x0a\
\x20\x20\x20\x20\x3c\x64\x65\x66\x73\x20\x69\x64\x3d\x22\x62\x22\
\x3e\x0a\x20\x20\x20\x20\x20\x20\x3c\x63\x6c\x69\x70\x50\x61\x74\
\x68\x20\x69\x64\x3d\x22\x61\x22\x3e\x0a\x20\x20\x20\x20\x20\x20\
\x20\x20\x3c\x70\x61\x74\x68\x20\x69\x64\x3d\x22\x63\x22\x20\x74\
\x72\x61\x6e\x73\x66\x6f\x72\x6d\x3d\x22\x6d\x61\x74\x72\x69\x78\
\x28\x31\x20\x30\x20\x30\x20\x2d\x31\x20\x2d\x36\x36\x2e\x31\x36\
\x34\x20\x31\x36\x38\x34\x2e\x38\x29\x22\x20\x64\x3d\x22\x6d\x30\
\x20\x30\x68\x32\x30\x34\x38\x76\x32\x30\x34\x38\x68\x2d\x32\x30\
\x34\x38\x7a\x22\x20\x2f\x3e\x0a\x20\x20\x20\x20\x20\x20\x3c\x2f\
\x63\x6c\x69\x70\x50\x61\x74\x68\x3e\x0a\x20\x20\x20\x20\x3c\x2f\
\x64\x65\x66\x73\x3e\x0a\x20\x20\x20\x20\x3c\x67\x20\x69\x64\x3d\
\x22\x64\x22\x20\x74\x72\x61\x6e\x73\x66\x6f\x72\x6d\x3d\x22\x6d\
\x61\x74\x72\x69\x78\x28\x2e\x31\x38\x20\x30\x20\x30\x20\x2e\x31\
\x38\x20\x31\x35\x2e\x38\x34\x31\x20\x34\x36\x2e\x38\x37\x32\x29\
\x22\x20\x73\x74\x72\x6f\x6b\x65\x3d\x22\x23\x35\x35\x35\x38\x35\
\x43\x22\x20\x73\x74\x72\x6f\x6b\x65\x2d\x77\x69\x64\x74\x68\x3d\
\x22\x32\x32\x32\x2e\x32\x32\x22\x3e\x0a\x20\x20\x20\x20\x20\x20\
\x3c\x70\x61\x74\x68\x20\x69\x64\x3d\x22\x65\x22\x20\x74\x72\x61\
\x6e\x73\x66\x6f\x72\x6d\x3d\x22\x6d\x61\x74\x72\x69\x78\x28\x31\
\x2e\x33\x33\x33\x33\x20\x30\x20\x30\x20\x31\x2e\x33\x33\x33\x33\
\x20\x38\x38\x2e\x32\x31\x39\x20\x34\x38\x34\x2e\x32\x31\x29\x22\
\x20\x64\x3d\x22\x6d\x30\x20\x30\x63\x31\x30\x31\x2e\x34\x39\x20\
\x32\x35\x35\x2e\x32\x38\x20\x32\x33\x34\x2e\x39\x33\x20\x34\x38\
\x34\x2e\x37\x20\x33\x39\x34\x2e\x37\x32\x20\x36\x39\x30\x2e\x35\
\x20\x31\x33\x34\x2e\x36\x34\x20\x31\x37\x33\x2e\x34\x32\x20\x33\
\x30\x35\x2e\x34\x20\x33\x34\x37\x2e\x32\x36\x20\x35\x34\x33\x2e\
\x37\x34\x20\x33\x34\x39\x2e\x34\x36\x20\x32\x33\x31\x2e\x39\x32\
\x20\x32\x2e\x31\x34\x32\x20\x34\x30\x35\x2e\x37\x38\x2d\x31\x37\
\x31\x2e\x32\x39\x20\x35\x34\x31\x2e\x38\x31\x2d\x33\x34\x38\x2e\
\x37\x20\x31\x35\x39\x2e\x31\x34\x2d\x32\x30\x37\x2e\x35\x36\x20\
\x32\x39\x32\x2e\x33\x37\x2d\x34\x33\x38\x2e\x31\x37\x20\x33\x39\
\x34\x2e\x35\x34\x2d\x36\x39\x30\x2e\x35\x32\x22\x20\x63\x6c\x69\
\x70\x2d\x70\x61\x74\x68\x3d\x22\x75\x72\x6c\x28\x23\x61\x29\x22\
\x20\x66\x69\x6c\x6c\x3d\x22\x6e\x6f\x6e\x65\x22\x20\x73\x74\x72\
\x6f\x6b\x65\x3d\x22\x23\x35\x35\x35\x38\x35\x43\x22\x20\x73\x74\
\x72\x6f\x6b\x65\x2d\x77\x69\x64\x74\x68\x3d\x22\x31\x36\x36\x2e\
\x36\x37\x22\x20\x2f\x3e\x0a\x20\x20\x20\x20\x3c\x2f\x67\x3e\x0a\
\x20\x20\x3c\x2f\x67\x3e\x0a\x3c\x2f\x73\x76\x67\x3e\x0a\
\x00\x00\x03\x4b\
\x3c\
\x73\x76\x67\x20\x78\x6d\x6c\x6e\x73\x3d\x22\x68\x74\x74\x70\x3a\
\x2f\x2f\x77\x77\x77\x2e\x77\x33\x2e\x6f\x72\x67\x2f\x32\x30\x30\
\x30\x2f\x73\x76\x67\x22\x20\x77\x69\x64\x74\x68\x3d\x22\x32\x34\
\x22\x20\x68\x65\x69\x67\x68\x74\x3d\x22\x32\x34\x22\x20\x76\x65\
\x72\x73\x69\x6f\x6e\x3d\x22\x31\x2e\x31\x22\x20\x76\x69\x65\x77\
\x42\x6f\x78\x3d\x22\x30\x20\x30\x20\x32\x34\x20\x32\x34\x22\x3e\
\x0a\x20\x20\x3c\x67\x20\x74\x72\x61\x6e\x73\x66\x6f\x72\x6d\x3d\
\x22\x74\x72\x61\x6e\x73\x6c\x61\x74\x65\x28\x2d\x30\x29\x20\x73\
\x63\x61\x6c\x65\x28\x2e\x30\x34\x36\x38\x37\x35\x29\x22\x3e\x0a\
\x20\x20\x20\x20\x3c\x64\x65\x66\x73\x20\x69\x64\x3d\x22\x62\x22\
\x3e\x0a\x20\x20\x20\x20\x20\x20\x3c\x63\x6c\x69\x70\x50\x61\x74\
\x68\x20\x69\x64\x3d\x22\x61\x22\x3e\x0a\x20\x20\x20\x20\x20\x20\
\x20\x20\x3c\x70\x61\x74\x68\x20\x69\x64\x3d\x22\x63\x22\x20\x74\
\x72\x61\x6e\x73\x66\x6f\x72\x6d\x3d\x22\x6d\x61\x74\x72\x69\x78\
\x28\x31\x20\x30\x20\x30\x20\x2d\x31\x20\x2d\x38\x34\x2e\x35\x38\
\x33\x20\x31\x36\x38\x38\x2e\x37\x29\x22\x20\x64\x3d\x22\x6d\x30\
\x20\x30\x68\x32\x30\x34\x38\x76\x32\x30\x34\x38\x68\x2d\x32\x30\
\x34\x38\x7a\x22\x20\x2f\x3e\x0a\x20\x20\x20\x20\x20\x20\x3c\x2f\
\x63\x6c\x69\x70\x50\x61\x74\x68\x3e\x0a\x20\x20\x20\x20\x3c\x2f\
\x64\x65\x66\x73\x3e\x0a\x20\x20\x20\x20\x3c\x67\x20\x69\x64\x3d\
\x22\x64\x22\x20\x74\x72\x61\x6e\x73\x66\x6f\x72\x6d\x3d\x22\x6d\
\x61\x74\x72\x69\x78\x28\x2e\x31\x38\x20\x30\x20\x30\x20\x2e\x31\
\x38\x20\x38\x2e\x35\x33\x38\x35\x20\x32\x2e\x35\x31\x37\x39\x29\
\x22\x20\x73\x74\x72\x6f\x6b\x65\x3d\x22\x23\x35\x35\x35\x38\x35\
\x43\x22\x20\x73\x74\x72\x6f\x6b\x65\x2d\x77\x69\x64\x74\x68\x3d\
\x22\x32\x32\x32\x2e\x32\x32\x22\x3e\x0a\x20\x20\x20\x20\x20\x20\
\x3c\x70\x61\x74\x68\x20\x69\x64\x3d\x22\x65\x22\x20\x74\x72\x61\
\x6e\x73\x66\x6f\x72\x6d\x3d\x22\x6d\x61\x74\x72\x69\x78\x28\x31\
\x2e\x33\x33\x33\x33\x20\x30\x20\x30\x20\x31\x2e\x33\x33\x33\x33\
\x20\x31\x31\x32\x2e\x37\x38\x20\x34\x37\x39\x2e\x31\x29\x22\x20\
\x64\x3d\x22\x6d\x30\x20\x31\x33\x36\x32\x2e\x36\x63\x34\x32\x2e\
\x37\x32\x39\x2d\x31\x31\x33\x2e\x33\x32\x20\x31\x30\x30\x2e\x37\
\x31\x2d\x32\x31\x38\x2e\x30\x32\x20\x31\x37\x31\x2e\x32\x34\x2d\
\x33\x31\x32\x2e\x31\x34\x20\x31\x33\x32\x2e\x33\x37\x2d\x31\x37\
\x36\x2e\x36\x36\x20\x33\x31\x34\x2e\x36\x31\x2d\x33\x32\x32\x2e\
\x34\x32\x20\x35\x34\x30\x2e\x34\x32\x2d\x33\x35\x39\x2e\x36\x38\
\x20\x37\x36\x2e\x31\x31\x39\x2d\x31\x32\x2e\x35\x35\x39\x20\x31\
\x35\x33\x2e\x35\x36\x2d\x31\x30\x2e\x38\x34\x34\x20\x32\x33\x30\
\x2e\x36\x35\x2d\x39\x2e\x35\x35\x33\x34\x20\x37\x36\x2e\x30\x39\
\x20\x31\x2e\x32\x37\x33\x36\x20\x31\x35\x32\x2e\x34\x39\x20\x32\
\x2e\x31\x35\x30\x38\x20\x32\x32\x37\x2e\x36\x35\x2d\x31\x30\x2e\
\x30\x34\x32\x20\x32\x32\x31\x2e\x37\x32\x2d\x33\x35\x2e\x39\x36\
\x37\x20\x34\x30\x38\x2e\x31\x39\x2d\x31\x37\x36\x2e\x34\x39\x20\
\x35\x34\x32\x2e\x39\x39\x2d\x33\x35\x36\x2e\x35\x34\x20\x37\x31\
\x2e\x37\x32\x39\x2d\x39\x35\x2e\x38\x31\x35\x20\x31\x32\x38\x2e\
\x35\x38\x2d\x32\x30\x31\x2e\x39\x31\x20\x31\x36\x38\x2e\x36\x35\
\x2d\x33\x31\x34\x2e\x36\x39\x22\x20\x63\x6c\x69\x70\x2d\x70\x61\
\x74\x68\x3d\x22\x75\x72\x6c\x28\x23\x61\x29\x22\x20\x66\x69\x6c\
\x6c\x3d\x22\x6e\x6f\x6e\x65\x22\x20\x73\x74\x72\x6f\x6b\x65\x3d\
\x22\x23\x35\x35\x35\x38\x35\x43\x22\x20\x73\x74\x72\x6f\x6b\x65\
\x2d\x77\x69\x64\x74\x68\x3d\x22\x31\x36\x36\x2e\x36\x37\x22\x20\
\x2f\x3e\x0a\x20\x20\x20\x20\x3c\x2f\x67\x3e\x0a\x20\x20\x3c\x2f\
\x67\x3e\x0a\x3c\x2f\x73\x76\x67\x3e\x0a\
\x00\x00\x02\x71\
\x3c\
\x73\x76\x67\x20\x78\x6d\x6c\x6e\x73\x3d\x22\x68\x74\x74\x70\x3a\
\x2f\x2f\x77\x77\x77\x2e\x77\x33\x2e\x6f\x72\x67\x2f\x32\x30\x30\
\x30\x2f\x73\x76\x67\x22\x20\x77\x69\x64\x74\x68\x3d\x22\x32\x34\
\x22\x20\x68\x65\x69\x67\x68\x74\x3d\x22\x32\x34\x22\x20\x76\x65\
\x72\x73\x69\x6f\x6e\x3d\x22\x31\x2e\x31\x22\x20\x76\x69\x65\x77\
\x42\x6f\x78\x3d\x22\x30\x20\x30\x20\x32\x34\x20\x32\x34\x22\x3e\
\x0a\x20\x20\x3c\x67\x20\x74\x72\x61\x6e\x73\x66\x6f\x72\x6d\x3d\
\x22\x74\x72\x61\x6e\x73\x6c\x61\x74\x65\x28\x2d\x30\x29\x20\x73\
\x63\x61\x6c\x65\x28\x2e\x30\x34\x36\x38\x37\x35\x29\x22\x3e\x0a\
\x20\x20\x20\x20\x3c\x64\x65\x66\x73\x20\x69\x64\x3d\x22\x62\x22\
\x3e\x0a\x20\x20\x20\x20\x20\x20\x3c\x63\x6c\x69\x70\x50\x61\x74\
\x68\x20\x69\x64\x3d\x22\x61\x22\x3e\x0a\x20\x20\x20\x20\x20\x20\
\x20\x20\x3c\x70\x61\x74\x68\x20\x69\x64\x3d\x22\x63\x22\x20\x74\
\x72\x61\x6e\x73\x66\x6f\x72\x6d\x3d\x22\x6d\x61\x74\x72\x69\x78\
\x28\x2e\x38\x38\x30\x34\x39\x20\x2d\x2e\x34\x37\x34\x30\x37\x20\
\x2d\x2e\x34\x37\x34\x30\x37\x20\x2d\x2e\x38\x38\x30\x34\x39\x20\
\x36\x31\x39\x2e\x31\x35\x20\x31\x33\x37\x32\x2e\x37\x29\x22\x20\
\x64\x3d\x22\x6d\x30\x20\x30\x68\x32\x30\x34\x38\x76\x32\x30\x34\
\x38\x68\x2d\x32\x30\x34\x38\x7a\x22\x20\x2f\x3e\x0a\x20\x20\x20\
\x20\x20\x20\x3c\x2f\x63\x6c\x69\x70\x50\x61\x74\x68\x3e\x0a\x20\
\x20\x20\x20\x3c\x2f\x64\x65\x66\x73\x3e\x0a\x20\x20\x20\x20\x3c\
\x67\x20\x69\x64\x3d\x22\x64\x22\x20\x74\x72\x61\x6e\x73\x66\x6f\
\x72\x6d\x3d\x22\x6d\x61\x74\x72\x69\x78\x28\x2e\x31\x38\x20\x30\
\x20\x30\x20\x2e\x31\x38\x20\x31\x30\x2e\x31\x33\x32\x20\x37\x2e\
\x35\x31\x37\x34\x29\x22\x20\x73\x74\x72\x6f\x6b\x65\x3d\x22\x23\
\x35\x35\x35\x38\x35\x43\x22\x20\x73\x74\x72\x6f\x6b\x65\x2d\x77\
\x69\x64\x74\x68\x3d\x22\x32\x32\x32\x2e\x32\x32\x22\x3e\x0a\x20\
\x20\x20\x20\x20\x20\x3c\x70\x61\x74\x68\x20\x69\x64\x3d\x22\x65\
\x22\x20\x74\x72\x61\x6e\x73\x66\x6f\x72\x6d\x3d\x22\x6d\x61\x74\
\x72\x69\x78\x28\x31\x2e\x31\x37\x34\x20\x2e\x36\x33\x32\x30\x39\
\x20\x2d\x2e\x36\x33\x32\x30\x39\x20\x31\x2e\x31\x37\x34\x20\x31\
\x34\x30\x2e\x38\x31\x20\x37\x32\x37\x2e\x37\x33\x29\x22\x20\x64\
\x3d\x22\x6d\x30\x20\x30\x68\x32\x30\x38\x39\x2e\x36\x22\x20\x63\
\x6c\x69\x70\x2d\x70\x61\x74\x68\x3d\x22\x75\x72\x6c\x28\x23\x61\
\x29\x22\x20\x66\x69\x6c\x6c\x3d\x22\x6e\x6f\x6e\x65\x22\x20\x73\
\x74\x72\x6f\x6b\x65\x3d\x22\x23\x35\x35\x35\x38\x35\x43\x22\x20\
\x73\x74\x72\x6f\x6b\x65\x2d\x77\x69\x64\x74\x68\x3d\x22\x31\x36\
\x36\x2e\x36\x37\x22\x20\x2f\x3e\x0a\x20\x20\x20\x20\x3c\x2f\x67\
\x3e\x0a\x20\x20\x3c\x2f\x67\x3e\x0a\x3c\x2f\x73\x76\x67\x3e\x0a\
\
\x00\x00\x03\x60\
\x00\
\x00\x0b\xce\x78\x9c\xbd\x56\xdb\x72\xda\x30\x10\x7d\xcf\x57\xec\
\x38\x2f\xc9\x83\x16\x5d\x2d\xa9\x03\x79\x28\x3f\xd0\x5f\xa0\xe0\
\x60\x37\x06\x52\xec\x42\xa6\x5f\xdf\x35\x92\xa9\x95\x3a\x21\xc9\
\xb4\x65\x98\x91\xb4\x96\x74\xce\x1e\x9d\x95\x3d\x6d\x0e\x6b\x78\
\xda\xd4\xdb\x66\x96\x95\x6d\xfb\xf8\x69\x32\x39\x1e\x8f\x78\x54\
\xb8\xdb\xaf\x27\x92\x73\x3e\xa1\x19\x19\x1c\xab\x55\x5b\xce\x32\
\xa9\x33\x28\x8b\x6a\x5d\xb6\xa1\x7f\x28\xf6\x4d\xb5\xdb\xce\x32\
\x81\x82\x46\x55\x71\xfc\xbc\x7b\x9a\x65\x1c\x38\x48\x4d\xff\xec\
\xee\x0a\x60\xba\x86\x76\xbf\xd8\x36\xf7\xbb\xfd\x66\x96\x9d\xba\
\xf5\xa2\x2d\x6e\x18\xbf\x85\x66\xb9\xa8\x8b\x1b\xe4\x3a\x77\xd6\
\xdc\x9e\xa6\xd3\x82\x55\x71\xdf\x40\xb5\x9a\x65\xf7\x31\x42\xb1\
\x65\x5d\x3d\x7e\x59\xb4\xe5\x29\xfe\xf5\x1c\xa7\x27\x8f\x7d\x94\
\x78\x8e\x02\x11\x19\x34\x05\xa3\xfd\x81\x66\x6d\x14\x37\xa8\x40\
\x5a\x55\x0a\x2b\xcc\xc1\x9b\x1c\xb5\x2f\x59\x37\xf8\x99\xc1\xe4\
\x8c\x38\xe9\x21\xc7\x39\x2c\x46\x39\x94\x09\x87\xcd\xa2\xdd\x57\
\x4f\x37\x02\x3a\x45\x98\x00\xa6\x08\x4c\x81\x10\xd6\xe1\x5f\xa6\
\x53\x8c\xd2\xa9\xde\x26\x89\x37\x16\xb5\x23\x5e\xd2\xa3\x2e\xbd\
\xb2\xa8\xdc\x41\x69\x4e\x4d\xc9\xc2\xf0\x3d\x5c\x56\xa3\x5c\xbe\
\xbd\x2e\x8d\xe0\x32\x47\x03\x42\x0b\x87\xee\xdf\xf0\x5a\x8e\xf2\
\x7a\xb8\xc0\x4b\xd2\x89\x78\xf0\x96\x93\x4d\x23\x2f\x21\xe9\xd0\
\x3c\x68\x27\x50\x9b\xd2\x28\x8f\xc6\x1f\x42\x53\xb2\xd0\xbe\xc6\
\x6b\x3a\xe9\x1c\x1e\xfb\xeb\x13\x89\x7a\x8c\x04\x0a\x67\xa5\x39\
\x31\x89\x5d\x46\xb9\x6b\x0f\x82\xd0\x95\x27\x32\xf7\x55\x5d\xcf\
\xb2\xeb\xb9\x9e\xbb\xf9\x3c\x83\xa6\xdd\xef\x1e\x0a\x0a\x18\x63\
\x9c\x99\xff\xae\x9e\x73\xb2\x9b\xd1\x64\x51\xd1\x2f\x66\xdc\xf7\
\xc9\x91\x1c\x6d\x4c\xd8\x68\x85\x04\x1f\x8c\x5b\x0a\x49\x29\x8a\
\xa5\xd1\xe8\xf2\x4e\x28\x67\xd1\x5a\x4b\x1d\xc1\x3d\x5a\xc9\xe8\
\x21\xc5\x95\xc0\x5c\x69\x26\x04\x1a\xa1\x81\x44\x34\x46\x33\x45\
\xee\x56\x1a\x72\x87\x3c\x77\x2c\x34\x70\x9a\xcf\xa4\x40\xaf\x75\
\x1c\xc4\xbd\xc3\x20\x6c\x7b\x60\xda\x71\x52\x76\xc9\xc3\x53\xe0\
\x2c\x00\xb3\xe1\xac\x88\xc7\x22\x7a\xc0\x63\x11\x3d\x81\x8d\x80\
\x61\xb5\x0e\x7b\xf6\x83\x61\x22\x9a\x8a\x31\x24\xfc\x0c\x97\x3a\
\x61\x1e\xc4\x55\x01\x13\x22\x83\x80\x09\x91\x41\x4c\x35\x42\x87\
\x05\x90\x30\x80\x21\x83\x28\xe5\xa1\x4f\x19\x22\x74\xaf\x75\x32\
\x2b\x22\x46\xc5\x23\x62\x54\x1c\x12\x60\x18\x8a\x1c\xf7\x0c\xfd\
\x61\x26\xe4\xdd\xce\xb0\xac\x73\xcd\x2c\xfb\xb1\xaf\x6f\xae\xbf\
\xde\x0e\xfd\x7c\xb6\xd3\xf6\x82\x9d\x62\x57\x5b\x83\xdc\x12\x4d\
\xe3\x51\xf5\x35\xe4\xa8\xac\xc8\xdc\x89\x9b\xfa\x04\xf3\xb3\x99\
\xfa\x4c\x4f\xb9\x19\x48\xdc\x04\x89\x9b\x60\xe0\x26\x39\x4c\x54\
\x0e\x12\x95\x17\x84\x65\xc3\x49\x2c\xd1\x35\x78\x49\x41\xe2\x25\
\x48\xbc\x04\x43\x2f\x41\xe2\x25\x78\xa3\x97\x58\xe2\x25\x96\x78\
\x89\x25\x5e\x62\x89\x97\x2e\xbb\xf9\xc5\xfa\x79\x46\x34\x29\x20\
\x48\x0a\xe8\x59\xdd\x5e\xb4\x6f\x1c\x8d\xf8\x69\x71\xdb\xdf\x56\
\x2c\x7e\x5b\x08\xce\xcf\x16\x9b\x4e\xd6\xc9\xed\xb8\xfb\x4f\xb7\
\xe3\xe3\xc7\x6e\x47\x41\xdc\xcf\xaf\xae\x32\x17\x16\x73\x59\x77\
\x31\x45\xb7\x9a\x72\x48\x6a\x5a\x4f\x5a\x09\x7a\xeb\xe6\x7c\x4c\
\x8e\x62\xbc\xbc\xbe\xbf\xad\xbc\x84\xa2\x03\xb1\xe0\x08\xca\xf9\
\xc8\xc9\x2a\xf4\xd6\x53\x79\x25\x74\x20\xa1\xc3\x5e\xa2\xb3\x7a\
\xd7\xe9\xec\x3f\x76\x3a\x97\x8f\xa3\x79\x63\xfa\xb9\xed\xde\xc6\
\x42\x77\x1f\x04\xfd\x57\x15\xe5\x6f\x20\xd7\xc8\x9d\x5a\x3a\x83\
\x9a\x8a\x33\x6d\xa4\x24\x85\x1c\xed\xa2\xc8\xaa\x5a\x36\x2c\x06\
\xc2\x63\x16\xa2\xc0\x97\x2c\x06\xd2\xa6\x5f\xdd\xcf\x4b\x9e\xc6\
\xbd\xfb\x51\xbf\xd5\x88\xd0\xcb\xb3\x4b\xb7\xbb\x6d\xf1\xa7\x26\
\x97\x4f\xe1\xd4\x4c\xbb\xaf\xf4\xbb\xab\x5f\xd6\x56\xc5\x23\
\x00\x00\x05\x15\
\x3c\
\x73\x76\x67\x20\x78\x6d\x6c\x6e\x73\x3d\x22\x68\x74\x74\x70\x3a\
\x2f\x2f\x77\x77\x77\x2e\x77\x33\x2e\x6f\x72\x67\x2f\x32\x30\x30\
\x30\x2f\x73\x76\x67\x22\x20\x77\x69\x64\x74\x68\x3d\x22\x32\x34\
\x22\x20\x68\x65\x69\x67\x68\x74\x3d\x22\x32\x34\x22\x20\x76\x65\
\x72\x73\x69\x6f\x6e\x3d\x22\x31\x2e\x31\x22\x20\x76\x69\x65\x77\
\x42\x6f\x78\x3d\x22\x30\x20\x30\x20\x32\x34\x20\x32\x34\x22\x3e\
\x0a\x20\x20\x3c\x67\x20\x74\x72\x61\x6e\x73\x66\x6f\x72\x6d\x3d\
\x22\x74\x72\x61\x6e\x73\x6c\x61\x74\x65\x28\x2d\x30\x29\x20\x73\
\x63\x61\x6c\x65\x28\x2e\x30\x34\x36\x38\x37\x35\x29\x22\x3e\x0a\
\x20\x20\x20\x20\x3c\x64\x65\x66\x73\x20\x69\x64\x3d\x22\x62\x22\
\x3e\x0a\x20\x20\x20\x20\x20\x20\x3c\x63\x6c\x69\x70\x50\x61\x74\
\x68\x20\x69\x64\x3d\x22\x61\x22\x3e\x0a\x20\x20\x20\x20\x20\x20\
\x20\x20\x3c\x70\x61\x74\x68\x20\x69\x64\x3d\x22\x63\x22\x20\x74\
\x72\x61\x6e\x73\x66\x6f\x72\x6d\x3d\x22\x6d\x61\x74\x72\x69\x78\
\x28\x31\x20\x30\x20\x30\x20\x2d\x31\x20\x2d\x35\x30\x37\x2e\x33\
\x31\x20\x31\x37\x39\x37\x2e\x37\x29\x22\x20\x64\x3d\x22\x6d\x30\
\x20\x30\x68\x32\x30\x34\x38\x76\x32\x30\x34\x38\x68\x2d\x32\x30\
\x34\x38\x7a\x22\x20\x2f\x3e\x0a\x20\x20\x20\x20\x20\x20\x3c\x2f\
\x63\x6c\x69\x70\x50\x61\x74\x68\x3e\x0a\x20\x20\x20\x20\x3c\x2f\
\x64\x65\x66\x73\x3e\x0a\x20\x20\x20\x20\x3c\x67\x20\x69\x64\x3d\
\x22\x64\x22\x20\x74\x72\x61\x6e\x73\x66\x6f\x72\x6d\x3d\x22\x6d\
\x61\x74\x72\x69\x78\x28\x2e\x31\x39\x30\x33\x36\x20\x30\x20\x30\
\x20\x2e\x31\x39\x30\x33\x36\x20\x32\x35\x32\x2e\x38\x36\x20\x31\
\x39\x31\x2e\x33\x38\x29\x22\x3e\x0a\x20\x20\x20\x20\x20\x20\x3c\
\x67\x20\x69\x64\x3d\x22\x65\x22\x20\x74\x72\x61\x6e\x73\x66\x6f\
\x72\x6d\x3d\x22\x74\x72\x61\x6e\x73\x6c\x61\x74\x65\x28\x2d\x31\
\x33\x32\x33\x2e\x37\x20\x2d\x31\x30\x35\x39\x2e\x31\x29\x22\x20\
\x73\x74\x72\x6f\x6b\x65\x3d\x22\x23\x35\x35\x35\x38\x35\x43\x22\
\x3e\x0a\x20\x20\x20\x20\x20\x20\x20\x20\x3c\x70\x61\x74\x68\x20\
\x69\x64\x3d\x22\x66\x22\x20\x74\x72\x61\x6e\x73\x66\x6f\x72\x6d\
\x3d\x22\x6d\x61\x74\x72\x69\x78\x28\x31\x2e\x33\x33\x33\x33\x20\
\x30\x20\x30\x20\x31\x2e\x33\x33\x33\x33\x20\x36\x37\x36\x2e\x34\
\x31\x20\x33\x33\x33\x2e\x37\x36\x29\x22\x20\x64\x3d\x22\x6d\x35\
\x30\x31\x2e\x39\x38\x20\x31\x35\x35\x34\x2e\x37\x63\x31\x33\x35\
\x2e\x33\x31\x2d\x31\x37\x35\x2e\x33\x33\x20\x32\x35\x37\x2e\x35\
\x32\x2d\x33\x35\x39\x2e\x34\x36\x20\x33\x36\x36\x2e\x31\x2d\x35\
\x35\x30\x2e\x38\x39\x20\x37\x39\x2e\x33\x38\x32\x2d\x31\x33\x39\
\x2e\x39\x36\x20\x31\x35\x32\x2e\x33\x2d\x32\x38\x37\x2e\x30\x32\
\x20\x31\x36\x32\x2e\x34\x32\x2d\x34\x34\x37\x2e\x36\x34\x20\x32\
\x2e\x39\x33\x31\x2d\x34\x36\x2e\x35\x33\x31\x20\x30\x2e\x33\x36\
\x35\x2d\x39\x33\x2e\x32\x35\x36\x2d\x37\x2e\x36\x35\x31\x2d\x31\
\x33\x39\x2e\x32\x31\x2d\x34\x37\x2e\x38\x31\x38\x2d\x32\x34\x33\
\x2e\x30\x38\x2d\x32\x36\x30\x2e\x38\x34\x2d\x34\x31\x37\x2e\x38\
\x37\x2d\x35\x30\x38\x2e\x38\x35\x2d\x34\x31\x37\x2d\x32\x34\x36\
\x2e\x35\x20\x30\x2e\x38\x36\x33\x36\x34\x2d\x34\x35\x37\x2e\x34\
\x33\x20\x31\x37\x35\x2e\x32\x33\x2d\x35\x30\x34\x2e\x38\x36\x20\
\x34\x31\x36\x2e\x39\x32\x2d\x38\x2e\x34\x32\x30\x31\x20\x34\x35\
\x2e\x38\x36\x34\x2d\x31\x31\x2e\x30\x33\x33\x20\x39\x32\x2e\x35\
\x38\x34\x2d\x37\x2e\x37\x39\x32\x35\x20\x31\x33\x39\x2e\x30\x36\
\x20\x31\x31\x2e\x32\x39\x36\x20\x31\x36\x32\x2e\x30\x32\x20\x39\
\x30\x2e\x34\x32\x37\x20\x33\x30\x38\x2e\x30\x32\x20\x31\x37\x30\
\x2e\x39\x20\x34\x34\x38\x2e\x39\x38\x20\x31\x30\x35\x2e\x37\x35\
\x20\x31\x38\x35\x2e\x32\x33\x20\x32\x31\x35\x2e\x36\x35\x20\x33\
\x36\x38\x2e\x35\x34\x20\x33\x32\x39\x2e\x37\x33\x20\x35\x34\x39\
\x2e\x37\x39\x7a\x22\x20\x63\x6c\x69\x70\x2d\x70\x61\x74\x68\x3d\
\x22\x75\x72\x6c\x28\x23\x61\x29\x22\x20\x66\x69\x6c\x6c\x3d\x22\
\x6e\x6f\x6e\x65\x22\x20\x73\x74\x72\x6f\x6b\x65\x3d\x22\x23\x35\
\x35\x35\x38\x35\x43\x22\x20\x73\x74\x72\x6f\x6b\x65\x2d\x77\x69\
\x64\x74\x68\x3d\x22\x31\x30\x30\x22\x20\x2f\x3e\x0a\x20\x20\x20\
\x20\x20\x20\x3c\x2f\x67\x3e\x0a\x20\x20\x20\x20\x20\x20\x3c\x67\
\x20\x69\x64\x3d\x22\x67\x22\x20\x74\x72\x61\x6e\x73\x66\x6f\x72\
\x6d\x3d\x22\x74\x72\x61\x6e\x73\x6c\x61\x74\x65\x28\x2d\x31\x33\
\x32\x33\x2e\x37\x20\x2d\x31\x30\x35\x39\x2e\x31\x29\x22\x20\x66\
\x69\x6c\x6c\x3d\x22\x23\x35\x35\x35\x38\x35\x43\x22\x3e\x0a\x20\
\x20\x20\x20\x20\x20\x20\x20\x3c\x70\x61\x74\x68\x20\x69\x64\x3d\
\x22\x68\x22\x20\x74\x72\x61\x6e\x73\x66\x6f\x72\x6d\x3d\x22\x6d\
\x61\x74\x72\x69\x78\x28\x31\x2e\x33\x33\x33\x33\x20\x30\x20\x30\
\x20\x2d\x31\x2e\x33\x33\x33\x33\x20\x30\x20\x32\x37\x33\x30\x2e\
\x37\x29\x22\x20\x64\x3d\x22\x6d\x31\x32\x37\x34\x2e\x37\x20\x31\
\x35\x33\x32\x2e\x36\x63\x31\x33\x38\x2e\x39\x35\x2d\x31\x33\x38\
\x2e\x39\x35\x20\x31\x33\x38\x2e\x39\x35\x2d\x33\x36\x34\x2e\x32\
\x33\x20\x30\x2d\x35\x30\x33\x2e\x31\x38\x73\x2d\x33\x36\x34\x2e\
\x32\x33\x2d\x31\x33\x38\x2e\x39\x35\x2d\x35\x30\x33\x2e\x31\x38\
\x20\x30\x63\x2d\x31\x33\x38\x2e\x39\x35\x20\x31\x33\x38\x2e\x39\
\x35\x2d\x31\x33\x38\x2e\x39\x35\x20\x33\x36\x34\x2e\x32\x33\x20\
\x30\x20\x35\x30\x33\x2e\x31\x38\x20\x31\x33\x38\x2e\x39\x35\x20\
\x31\x33\x38\x2e\x39\x35\x20\x33\x36\x34\x2e\x32\x33\x20\x31\x33\
\x38\x2e\x39\x35\x20\x35\x30\x33\x2e\x31\x38\x20\x30\x7a\x22\x20\
\x66\x69\x6c\x6c\x3d\x22\x23\x35\x35\x35\x38\x35\x43\x22\x20\x2f\
\x3e\x0a\x20\x20\x20\x20\x20\x20\x3c\x2f\x67\x3e\x0a\x20\x20\x20\
\x20\x3c\x2f\x67\x3e\x0a\x20\x20\x3c\x2f\x67\x3e\x0a\x3c\x2f\x73\
\x76\x67\x3e\x0a\
\x00\x00\x03\x3a\
\x3c\
\x73\x76\x67\x20\x78\x6d\x6c\x6e\x73\x3d\x22\x68\x74\x74\x70\x3a\
\x2f\x2f\x77\x77\x77\x2e\x77\x33\x2e\x6f\x72\x67\x2f\x32\x30\x30\
\x30\x2f\x73\x76\x67\x22\x20\x77\x69\x64\x74\x68\x3d\x22\x32\x34\
\x22\x20\x68\x65\x69\x67\x68\x74\x3d\x22\x32\x34\x22\x20\x76\x65\
\x72\x73\x69\x6f\x6e\x3d\x22\x31\x2e\x31\x22\x20\x76\x69\x65\x77\
\x42\x6f\x78\x3d\x22\x30\x20\x30\x20\x32\x34\x20\x32\x34\x22\x3e\
\x0a\x20\x20\x3c\x67\x20\x74\x72\x61\x6e\x73\x66\x6f\x72\x6d\x3d\
\x22\x74\x72\x61\x6e\x73\x6c\x61\x74\x65\x28\x2d\x30\x29\x20\x73\
\x63\x61\x6c\x65\x28\x2e\x30\x34\x36\x38\x37\x35\x29\x22\x3e\x0a\
\x20\x20\x20\x20\x3c\x67\x20\x69\x64\x3d\x22\x61\x22\x20\x74\x72\
\x61\x6e\x73\x66\x6f\x72\x6d\x3d\x22\x6d\x61\x74\x72\x69\x78\x28\
\x31\x2e\x31\x32\x35\x20\x30\x20\x30\x20\x31\x2e\x31\x32\x35\x20\
\x33\x35\x31\x2e\x36\x36\x20\x31\x37\x37\x2e\x37\x31\x29\x22\x20\
\x73\x74\x72\x6f\x6b\x65\x3d\x22\x23\x35\x35\x35\x38\x35\x43\x22\
\x3e\x0a\x20\x20\x20\x20\x20\x20\x3c\x67\x20\x69\x64\x3d\x22\x62\
\x22\x20\x74\x72\x61\x6e\x73\x66\x6f\x72\x6d\x3d\x22\x6d\x61\x74\
\x72\x69\x78\x28\x32\x35\x20\x30\x20\x30\x20\x32\x35\x20\x2d\x34\
\x36\x35\x2e\x39\x37\x20\x2d\x33\x31\x37\x2e\x39\x36\x29\x22\x3e\
\x0a\x20\x20\x20\x20\x20\x20\x20\x20\x3c\x67\x20\x69\x64\x3d\x22\
\x63\x22\x20\x74\x72\x61\x6e\x73\x66\x6f\x72\x6d\x3d\x22\x6d\x61\
\x74\x72\x69\x78\x28\x2e\x30\x32\x39\x38\x37\x32\x20\x30\x20\x30\
\x20\x2e\x30\x32\x39\x38\x37\x32\x20\x37\x2e\x35\x39\x30\x34\x20\
\x37\x2e\x38\x35\x34\x37\x29\x22\x3e\x0a\x20\x20\x20\x20\x20\x20\
\x20\x20\x20\x20\x3c\x67\x20\x69\x64\x3d\x22\x64\x22\x20\x74\x72\
\x61\x6e\x73\x66\x6f\x72\x6d\x3d\x22\x6d\x61\x74\x72\x69\x78\x28\
\x2e\x36\x33\x36\x38\x34\x20\x2e\x36\x33\x36\x38\x34\x20\x2d\x2e\
\x36\x33\x36\x38\x34\x20\x2e\x36\x33\x36\x38\x34\x20\x32\x35\x33\
\x2e\x37\x37\x20\x2d\x36\x37\x2e\x39\x34\x35\x29\x22\x20\x73\x74\
\x72\x6f\x6b\x65\x3d\x22\x23\x35\x35\x35\x38\x35\x43\x22\x20\x73\
\x74\x72\x6f\x6b\x65\x2d\x6c\x69\x6e\x65\x6a\x6f\x69\x6e\x3d\x22\
\x72\x6f\x75\x6e\x64\x22\x20\x73\x74\x72\x6f\x6b\x65\x2d\x6d\x69\
\x74\x65\x72\x6c\x69\x6d\x69\x74\x3d\x22\x30\x22\x20\x73\x74\x72\
\x6f\x6b\x65\x2d\x77\x69\x64\x74\x68\x3d\x22\x33\x39\x2e\x31\x35\
\x37\x22\x3e\x0a\x20\x20\x20\x20\x20\x20\x20\x20\x20\x20\x20\x20\
\x3c\x70\x61\x74\x68\x20\x69\x64\x3d\x22\x65\x22\x20\x64\x3d\x22\
\x6d\x32\x35\x36\x20\x35\x35\x35\x2e\x32\x35\x20\x37\x30\x2e\x36\
\x35\x36\x2d\x37\x30\x2e\x36\x35\x36\x76\x2d\x33\x36\x37\x2e\x37\
\x38\x68\x2d\x31\x34\x30\x2e\x39\x36\x6c\x2d\x30\x2e\x33\x34\x38\
\x36\x20\x33\x36\x37\x2e\x37\x38\x7a\x22\x20\x66\x69\x6c\x6c\x3d\
\x22\x6e\x6f\x6e\x65\x22\x20\x73\x74\x72\x6f\x6b\x65\x2d\x77\x69\
\x64\x74\x68\x3d\x22\x33\x39\x2e\x31\x35\x37\x22\x20\x2f\x3e\x0a\
\x20\x20\x20\x20\x20\x20\x20\x20\x20\x20\x20\x20\x3c\x72\x65\x63\
\x74\x20\x69\x64\x3d\x22\x66\x22\x20\x78\x3d\x22\x31\x38\x36\x2e\
\x34\x32\x22\x20\x79\x3d\x22\x31\x34\x2e\x30\x30\x36\x22\x20\x77\
\x69\x64\x74\x68\x3d\x22\x31\x33\x39\x2e\x35\x22\x20\x68\x65\x69\
\x67\x68\x74\x3d\x22\x31\x30\x32\x2e\x30\x38\x22\x20\x72\x79\x3d\
\x22\x39\x2e\x33\x32\x33\x31\x22\x20\x66\x69\x6c\x6c\x3d\x22\x23\
\x35\x35\x35\x38\x35\x43\x22\x20\x2f\x3e\x0a\x20\x20\x20\x20\x20\
\x20\x20\x20\x20\x20\x3c\x2f\x67\x3e\x0a\x20\x20\x20\x20\x20\x20\
\x20\x20\x3c\x2f\x67\x3e\x0a\x20\x20\x20\x20\x20\x20\x3c\x2f\x67\
\x3e\x0a\x20\x20\x20\x20\x3c\x2f\x67\x3e\x0a\x20\x20\x3c\x2f\x67\
\x3e\x0a\x3c\x2f\x73\x76\x67\x3e\x0a\
\x00\x00\x05\xf1\
\x3c\
\x73\x76\x67\x20\x78\x6d\x6c\x6e\x73\x3d\x22\x68\x74\x74\x70\x3a\
\x2f\x2f\x77\x77\x77\x2e\x77\x33\x2e\x6f\x72\x67\x2f\x32\x30\x30\
\x30\x2f\x73\x76\x67\x22\x20\x77\x69\x64\x74\x68\x3d\x22\x32\x34\
\x22\x20\x68\x65\x69\x67\x68\x74\x3d\x22\x32\x34\x22\x20\x76\x65\
\x72\x73\x69\x6f\x6e\x3d\x22\x31\x2e\x31\x22\x20\x76\x69\x65\x77\
\x42\x6f\x78\x3d\x22\x30\x20\x30\x20\x32\x34\x20\x32\x34\x22\x3e\
\x0a\x20\x20\x3c\x67\x20\x74\x72\x61\x6e\x73\x66\x6f\x72\x6d\x3d\
\x22\x74\x72\x61\x6e\x73\x6c\x61\x74\x65\x28\x2d\x30\x29\x20\x73\
\x63\x61\x6c\x65\x28\x2e\x30\x34\x36\x38\x37\x35\x29\x22\x3e\x0a\
\x20\x20\x20\x20\x3c\x67\x20\x69\x64\x3d\x22\x61\x22\x20\x74\x72\
\x61\x6e\x73\x66\x6f\x72\x6d\x3d\x22\x6d\x61\x74\x72\x69\x78\x28\
\x31\x2e\x31\x32\x35\x20\x30\x20\x30\x20\x31\x2e\x31\x32\x35\x20\
\x33\x35\x31\x2e\x36\x36\x20\x31\x37\x37\x2e\x37\x31\x29\x22\x20\
\x73\x74\x72\x6f\x6b\x65\x3d\x22\x23\x35\x35\x35\x38\x35\x43\x22\
\x3e\x0a\x20\x20\x20\x20\x20\x20\x3c\x67\x20\x69\x64\x3d\x22\x62\
\x22\x20\x74\x72\x61\x6e\x73\x66\x6f\x72\x6d\x3d\x22\x6d\x61\x74\
\x72\x69\x78\x28\x32\x35\x20\x30\x20\x30\x20\x32\x35\x20\x2d\x34\
\x36\x35\x2e\x39\x37\x20\x2d\x33\x31\x37\x2e\x39\x36\x29\x22\x20\
\x73\x74\x72\x6f\x6b\x65\x3d\x22\x23\x35\x35\x35\x38\x35\x43\x22\
\x3e\x0a\x20\x20\x20\x20\x20\x20\x20\x20\x3c\x72\x65\x63\x74\x20\
\x69\x64\x3d\x22\x63\x22\x20\x78\x3d\x22\x31\x34\x2e\x36\x33\x39\
\x22\x20\x79\x3d\x22\x37\x2e\x32\x34\x33\x32\x22\x20\x77\x69\x64\
\x74\x68\x3d\x22\x31\x2e\x31\x39\x38\x33\x22\x20\x68\x65\x69\x67\
\x68\x74\x3d\x22\x31\x36\x2e\x35\x31\x38\x22\x20\x72\x78\x3d\x22\
\x30\x22\x20\x72\x79\x3d\x22\x30\x22\x20\x66\x69\x6c\x6c\x3d\x22\
\x23\x35\x35\x35\x38\x35\x43\x22\x20\x73\x74\x72\x6f\x6b\x65\x2d\
\x6c\x69\x6e\x65\x63\x61\x70\x3d\x22\x73\x71\x75\x61\x72\x65\x22\
\x20\x73\x74\x72\x6f\x6b\x65\x2d\x6d\x69\x74\x65\x72\x6c\x69\x6d\
\x69\x74\x3d\x22\x30\x22\x20\x73\x74\x72\x6f\x6b\x65\x2d\x77\x69\
\x64\x74\x68\x3d\x22\x2e\x32\x31\x32\x33\x34\x22\x20\x2f\x3e\x0a\
\x20\x20\x20\x20\x20\x20\x20\x20\x3c\x67\x20\x69\x64\x3d\x22\x64\
\x22\x20\x74\x72\x61\x6e\x73\x66\x6f\x72\x6d\x3d\x22\x6d\x61\x74\
\x72\x69\x78\x28\x2e\x30\x31\x35\x33\x39\x39\x20\x30\x20\x30\x20\
\x2e\x30\x31\x35\x33\x39\x39\x20\x36\x2e\x33\x35\x36\x20\x31\x31\
\x2e\x35\x30\x37\x29\x22\x20\x66\x69\x6c\x6c\x3d\x22\x6e\x6f\x6e\
\x65\x22\x20\x73\x74\x72\x6f\x6b\x65\x2d\x77\x69\x64\x74\x68\x3d\
\x22\x31\x2e\x33\x35\x31\x32\x22\x3e\x0a\x20\x20\x20\x20\x20\x20\
\x20\x20\x20\x20\x3c\x67\x20\x69\x64\x3d\x22\x65\x22\x20\x74\x72\
\x61\x6e\x73\x66\x6f\x72\x6d\x3d\x22\x6d\x61\x74\x72\x69\x78\x28\
\x32\x38\x2e\x31\x32\x35\x20\x30\x20\x30\x20\x32\x38\x2e\x31\x32\
\x35\x20\x2d\x31\x37\x31\x2e\x37\x31\x20\x2d\x31\x37\x38\x2e\x35\
\x32\x29\x22\x3e\x0a\x20\x20\x20\x20\x20\x20\x20\x20\x20\x20\x20\
\x20\x3c\x70\x61\x74\x68\x20\x69\x64\x3d\x22\x66\x22\x20\x64\x3d\
\x22\x6d\x31\x37\x2e\x37\x34\x37\x20\x31\x30\x2e\x30\x31\x37\x63\
\x2d\x32\x2e\x35\x36\x33\x33\x2d\x33\x2e\x32\x30\x35\x34\x2d\x32\
\x2e\x35\x36\x33\x33\x2d\x33\x2e\x32\x30\x35\x34\x2d\x35\x2e\x31\
\x32\x36\x36\x20\x30\x22\x20\x73\x74\x72\x6f\x6b\x65\x2d\x77\x69\
\x64\x74\x68\x3d\x22\x31\x2e\x36\x34\x31\x39\x22\x20\x2f\x3e\x0a\
\x20\x20\x20\x20\x20\x20\x20\x20\x20\x20\x20\x20\x3c\x72\x65\x63\
\x74\x20\x69\x64\x3d\x22\x67\x22\x20\x78\x3d\x22\x31\x34\x2e\x35\
\x38\x35\x22\x20\x79\x3d\x22\x37\x2e\x32\x39\x39\x32\x22\x20\x77\
\x69\x64\x74\x68\x3d\x22\x31\x2e\x31\x39\x38\x33\x22\x20\x68\x65\
\x69\x67\x68\x74\x3d\x22\x31\x36\x2e\x35\x31\x38\x22\x20\x66\x69\
\x6c\x6c\x3d\x22\x23\x35\x35\x35\x38\x35\x43\x22\x20\x73\x74\x72\
\x6f\x6b\x65\x2d\x6c\x69\x6e\x65\x63\x61\x70\x3d\x22\x73\x71\x75\
\x61\x72\x65\x22\x20\x73\x74\x72\x6f\x6b\x65\x2d\x77\x69\x64\x74\
\x68\x3d\x22\x2e\x34\x31\x30\x34\x37\x22\x20\x2f\x3e\x0a\x20\x20\
\x20\x20\x20\x20\x20\x20\x20\x20\x20\x20\x3c\x70\x61\x74\x68\x20\
\x69\x64\x3d\x22\x68\x22\x20\x64\x3d\x22\x6d\x31\x32\x2e\x36\x32\
\x31\x20\x32\x31\x2e\x31\x32\x34\x63\x32\x2e\x35\x36\x33\x33\x20\
\x33\x2e\x32\x30\x35\x34\x20\x32\x2e\x35\x36\x33\x33\x20\x33\x2e\
\x32\x30\x35\x34\x20\x35\x2e\x31\x32\x36\x36\x20\x30\x22\x20\x73\
\x74\x72\x6f\x6b\x65\x2d\x77\x69\x64\x74\x68\x3d\x22\x31\x2e\x36\
\x34\x31\x39\x22\x20\x2f\x3e\x0a\x20\x20\x20\x20\x20\x20\x20\x20\
\x20\x20\x3c\x2f\x67\x3e\x0a\x20\x20\x20\x20\x20\x20\x20\x20\x20\
\x20\x3c\x67\x20\x69\x64\x3d\x22\x69\x22\x20\x74\x72\x61\x6e\x73\
\x66\x6f\x72\x6d\x3d\x22\x6d\x61\x74\x72\x69\x78\x28\x30\x20\x32\
\x38\x2e\x31\x32\x35\x20\x2d\x32\x38\x2e\x31\x32\x35\x20\x30\x20\
\x36\x39\x34\x2e\x39\x31\x20\x2d\x31\x37\x32\x29\x22\x3e\x0a\x20\
\x20\x20\x20\x20\x20\x20\x20\x20\x20\x20\x20\x3c\x70\x61\x74\x68\
\x20\x69\x64\x3d\x22\x6a\x22\x20\x64\x3d\x22\x6d\x31\x37\x2e\x37\
\x34\x37\x20\x31\x30\x2e\x30\x31\x37\x63\x2d\x32\x2e\x35\x36\x33\
\x33\x2d\x33\x2e\x32\x30\x35\x34\x2d\x32\x2e\x35\x36\x33\x33\x2d\
\x33\x2e\x32\x30\x35\x34\x2d\x35\x2e\x31\x32\x36\x36\x20\x30\x22\
\x20\x73\x74\x72\x6f\x6b\x65\x2d\x77\x69\x64\x74\x68\x3d\x22\x31\
\x2e\x36\x34\x31\x39\x22\x20\x2f\x3e\x0a\x20\x20\x20\x20\x20\x20\
\x20\x20\x20\x20\x20\x20\x3c\x72\x65\x63\x74\x20\x69\x64\x3d\x22\
\x6b\x22\x20\x78\x3d\x22\x31\x34\x2e\x35\x38\x35\x22\x20\x79\x3d\
\x22\x37\x2e\x32\x39\x39\x32\x22\x20\x77\x69\x64\x74\x68\x3d\x22\
\x31\x2e\x31\x39\x38\x33\x22\x20\x68\x65\x69\x67\x68\x74\x3d\x22\
\x31\x36\x2e\x35\x31\x38\x22\x20\x66\x69\x6c\x6c\x3d\x22\x23\x35\
\x35\x35\x38\x35\x43\x22\x20\x73\x74\x72\x6f\x6b\x65\x2d\x6c\x69\
\x6e\x65\x63\x61\x70\x3d\x22\x73\x71\x75\x61\x72\x65\x22\x20\x73\
\x74\x72\x6f\x6b\x65\x2d\x77\x69\x64\x74\x68\x3d\x22\x2e\x34\x31\
\x30\x34\x37\x22\x20\x2f\x3e\x0a\x20\x20\x20\x20\x20\x20\x20\x20\
\x20\x20\x20\x20\x3c\x70\x61\x74\x68\x20\x69\x64\x3d\x22\x6c\x22\
\x20\x64\x3d\x22\x6d\x31\x32\x2e\x36\x32\x31\x20\x32\x31\x2e\x31\
\x32\x34\x63\x32\x2e\x35\x36\x33\x33\x20\x33\x2e\x32\x30\x35\x34\
\x20\x32\x2e\x35\x36\x33\x33\x20\x33\x2e\x32\x30\x35\x34\x20\x35\
\x2e\x31\x32\x36\x36\x20\x30\x22\x20\x73\x74\x72\x6f\x6b\x65\x2d\
\x77\x69\x64\x74\x68\x3d\x22\x31\x2e\x36\x34\x31\x39\x22\x20\x2f\
\x3e\x0a\x20\x20\x20\x20\x20\x20\x20\x20\x20\x20\x3c\x2f\x67\x3e\
\x0a\x20\x20\x20\x20\x20\x20\x20\x20\x3c\x2f\x67\x3e\x0a\x20\x20\
\x20\x20\x20\x20\x3c\x2f\x67\x3e\x0a\x20\x20\x20\x20\x3c\x2f\x67\
\x3e\x0a\x20\x20\x3c\x2f\x67\x3e\x0a\x3c\x2f\x73\x76\x67\x3e\x0a\
\
\x00\x00\x05\x78\
\x3c\
\x73\x76\x67\x20\x78\x6d\x6c\x6e\x73\x3d\x22\x68\x74\x74\x70\x3a\
\x2f\x2f\x77\x77\x77\x2e\x77\x33\x2e\x6f\x72\x67\x2f\x32\x30\x30\
\x30\x2f\x73\x76\x67\x22\x20\x77\x69\x64\x74\x68\x3d\x22\x32\x34\
\x22\x20\x68\x65\x69\x67\x68\x74\x3d\x22\x32\x34\x22\x20\x76\x65\
\x72\x73\x69\x6f\x6e\x3d\x22\x31\x2e\x31\x22\x20\x76\x69\x65\x77\
\x42\x6f\x78\x3d\x22\x30\x20\x30\x20\x32\x34\x20\x32\x34\x22\x3e\
\x0a\x20\x20\x3c\x67\x20\x74\x72\x61\x6e\x73\x66\x6f\x72\x6d\x3d\
\x22\x74\x72\x61\x6e\x73\x6c\x61\x74\x65\x28\x2d\x30\x29\x20\x73\
\x63\x61\x6c\x65\x28\x2e\x30\x34\x36\x38\x37\x35\x29\x22\x20\x73\
\x74\x72\x6f\x6b\x65\x3d\x22\x23\x35\x35\x35\x38\x35\x43\x22\x3e\
\x0a\x20\x20\x20\x20\x3c\x67\x20\x69\x64\x3d\x22\x61\x22\x20\x74\
\x72\x61\x6e\x73\x66\x6f\x72\x6d\x3d\x22\x6d\x61\x74\x72\x69\x78\
\x28\x30\x20\x2d\x32\x38\x2e\x31\x32\x35\x20\x32\x38\x2e\x31\x32\
\x35\x20\x30\x20\x2d\x31\x37\x39\x2e\x39\x39\x20\x36\x31\x36\x2e\
\x35\x31\x29\x22\x3e\x0a\x20\x20\x20\x20\x20\x20\x3c\x72\x65\x63\
\x74\x20\x69\x64\x3d\x22\x62\x22\x20\x78\x3d\x22\x31\x34\x2e\x36\
\x33\x39\x22\x20\x79\x3d\x22\x37\x2e\x32\x34\x33\x32\x22\x20\x77\
\x69\x64\x74\x68\x3d\x22\x31\x2e\x31\x39\x38\x33\x22\x20\x68\x65\
\x69\x67\x68\x74\x3d\x22\x31\x36\x2e\x35\x31\x38\x22\x20\x72\x78\
\x3d\x22\x30\x22\x20\x72\x79\x3d\x22\x30\x22\x20\x66\x69\x6c\x6c\
\x3d\x22\x23\x35\x35\x35\x38\x35\x43\x22\x20\x73\x74\x72\x6f\x6b\
\x65\x3d\x22\x23\x35\x35\x35\x38\x35\x43\x22\x20\x73\x74\x72\x6f\
\x6b\x65\x2d\x6c\x69\x6e\x65\x63\x61\x70\x3d\x22\x73\x71\x75\x61\
\x72\x65\x22\x20\x73\x74\x72\x6f\x6b\x65\x2d\x6d\x69\x74\x65\x72\
\x6c\x69\x6d\x69\x74\x3d\x22\x30\x22\x20\x73\x74\x72\x6f\x6b\x65\
\x2d\x77\x69\x64\x74\x68\x3d\x22\x2e\x32\x31\x32\x33\x34\x22\x20\
\x2f\x3e\x0a\x20\x20\x20\x20\x3c\x2f\x67\x3e\x0a\x20\x20\x20\x20\
\x3c\x67\x20\x69\x64\x3d\x22\x63\x22\x20\x74\x72\x61\x6e\x73\x66\
\x6f\x72\x6d\x3d\x22\x6d\x61\x74\x72\x69\x78\x28\x2e\x34\x33\x33\
\x31\x31\x20\x30\x20\x30\x20\x2e\x34\x33\x33\x31\x31\x20\x31\x34\
\x34\x2e\x36\x39\x20\x32\x33\x32\x2e\x30\x39\x29\x22\x20\x66\x69\
\x6c\x6c\x3d\x22\x6e\x6f\x6e\x65\x22\x20\x73\x74\x72\x6f\x6b\x65\
\x2d\x77\x69\x64\x74\x68\x3d\x22\x31\x2e\x33\x35\x31\x32\x22\x3e\
\x0a\x20\x20\x20\x20\x20\x20\x3c\x67\x20\x69\x64\x3d\x22\x64\x22\
\x20\x74\x72\x61\x6e\x73\x66\x6f\x72\x6d\x3d\x22\x6d\x61\x74\x72\
\x69\x78\x28\x32\x38\x2e\x31\x32\x35\x20\x30\x20\x30\x20\x32\x38\
\x2e\x31\x32\x35\x20\x2d\x31\x37\x31\x2e\x37\x31\x20\x2d\x31\x37\
\x38\x2e\x35\x32\x29\x22\x3e\x0a\x20\x20\x20\x20\x20\x20\x20\x20\
\x3c\x70\x61\x74\x68\x20\x69\x64\x3d\x22\x65\x22\x20\x64\x3d\x22\
\x6d\x31\x37\x2e\x37\x34\x37\x20\x31\x30\x2e\x30\x31\x37\x63\x2d\
\x32\x2e\x35\x36\x33\x33\x2d\x33\x2e\x32\x30\x35\x34\x2d\x32\x2e\
\x35\x36\x33\x33\x2d\x33\x2e\x32\x30\x35\x34\x2d\x35\x2e\x31\x32\
\x36\x36\x20\x30\x22\x20\x73\x74\x72\x6f\x6b\x65\x2d\x77\x69\x64\
\x74\x68\x3d\x22\x31\x2e\x36\x34\x31\x39\x22\x20\x2f\x3e\x0a\x20\
\x20\x20\x20\x20\x20\x20\x20\x3c\x72\x65\x63\x74\x20\x69\x64\x3d\
\x22\x66\x22\x20\x78\x3d\x22\x31\x34\x2e\x35\x38\x35\x22\x20\x79\
\x3d\x22\x37\x2e\x32\x39\x39\x32\x22\x20\x77\x69\x64\x74\x68\x3d\
\x22\x31\x2e\x31\x39\x38\x33\x22\x20\x68\x65\x69\x67\x68\x74\x3d\
\x22\x31\x36\x2e\x35\x31\x38\x22\x20\x66\x69\x6c\x6c\x3d\x22\x23\
\x35\x35\x35\x38\x35\x43\x22\x20\x73\x74\x72\x6f\x6b\x65\x2d\x6c\
\x69\x6e\x65\x63\x61\x70\x3d\x22\x73\x71\x75\x61\x72\x65\x22\x20\
\x73\x74\x72\x6f\x6b\x65\x2d\x77\x69\x64\x74\x68\x3d\x22\x2e\x34\
\x31\x30\x34\x37\x22\x20\x2f\x3e\x0a\x20\x20\x20\x20\x20\x20\x20\
\x20\x3c\x70\x61\x74\x68\x20\x69\x64\x3d\x22\x67\x22\x20\x64\x3d\
\x22\x6d\x31\x32\x2e\x36\x32\x31\x20\x32\x31\x2e\x31\x32\x34\x63\
\x32\x2e\x35\x36\x33\x33\x20\x33\x2e\x32\x30\x35\x34\x20\x32\x2e\
\x35\x36\x33\x33\x20\x33\x2e\x32\x30\x35\x34\x20\x35\x2e\x31\x32\
\x36\x36\x20\x30\x22\x20\x73\x74\x72\x6f\x6b\x65\x2d\x77\x69\x64\
\x74\x68\x3d\x22\x31\x2e\x36\x34\x31\x39\x22\x20\x2f\x3e\x0a\x20\
\x20\x20\x20\x20\x20\x3c\x2f\x67\x3e\x0a\x20\x20\x20\x20\x20\x20\
\x3c\x67\x20\x69\x64\x3d\x22\x68\x22\x20\x74\x72\x61\x6e\x73\x66\
\x6f\x72\x6d\x3d\x22\x6d\x61\x74\x72\x69\x78\x28\x30\x20\x32\x38\
\x2e\x31\x32\x35\x20\x2d\x32\x38\x2e\x31\x32\x35\x20\x30\x20\x36\
\x39\x34\x2e\x39\x31\x20\x2d\x31\x37\x32\x29\x22\x3e\x0a\x20\x20\
\x20\x20\x20\x20\x20\x20\x3c\x70\x61\x74\x68\x20\x69\x64\x3d\x22\
\x69\x22\x20\x64\x3d\x22\x6d\x31\x37\x2e\x37\x34\x37\x20\x31\x30\
\x2e\x30\x31\x37\x63\x2d\x32\x2e\x35\x36\x33\x33\x2d\x33\x2e\x32\
\x30\x35\x34\x2d\x32\x2e\x35\x36\x33\x33\x2d\x33\x2e\x32\x30\x35\
\x34\x2d\x35\x2e\x31\x32\x36\x36\x20\x30\x22\x20\x73\x74\x72\x6f\
\x6b\x65\x2d\x77\x69\x64\x74\x68\x3d\x22\x31\x2e\x36\x34\x31\x39\
\x22\x20\x2f\x3e\x0a\x20\x20\x20\x20\x20\x20\x20\x20\x3c\x72\x65\
\x63\x74\x20\x69\x64\x3d\x22\x6a\x22\x20\x78\x3d\x22\x31\x34\x2e\
\x35\x38\x35\x22\x20\x79\x3d\x22\x37\x2e\x32\x39\x39\x32\x22\x20\
\x77\x69\x64\x74\x68\x3d\x22\x31\x2e\x31\x39\x38\x33\x22\x20\x68\
\x65\x69\x67\x68\x74\x3d\x22\x31\x36\x2e\x35\x31\x38\x22\x20\x66\
\x69\x6c\x6c\x3d\x22\x23\x35\x35\x35\x38\x35\x43\x22\x20\x73\x74\
\x72\x6f\x6b\x65\x2d\x6c\x69\x6e\x65\x63\x61\x70\x3d\x22\x73\x71\
\x75\x61\x72\x65\x22\x20\x73\x74\x72\x6f\x6b\x65\x2d\x77\x69\x64\
\x74\x68\x3d\x22\x2e\x34\x31\x30\x34\x37\x22\x20\x2f\x3e\x0a\x20\
\x20\x20\x20\x20\x20\x20\x20\x3c\x70\x61\x74\x68\x20\x69\x64\x3d\
\x22\x6b\x22\x20\x64\x3d\x22\x6d\x31\x32\x2e\x36\x32\x31\x20\x32\
\x31\x2e\x31\x32\x34\x63\x32\x2e\x35\x36\x33\x33\x20\x33\x2e\x32\
\x30\x35\x34\x20\x32\x2e\x35\x36\x33\x33\x20\x33\x2e\x32\x30\x35\
\x34\x20\x35\x2e\x31\x32\x36\x36\x20\x30\x22\x20\x73\x74\x72\x6f\
\x6b\x65\x2d\x77\x69\x64\x74\x68\x3d\x22\x31\x2e\x36\x34\x31\x39\
\x22\x20\x2f\x3e\x0a\x20\x20\x20\x20\x20\x20\x3c\x2f\x67\x3e\x0a\
\x20\x20\x20\x20\x3c\x2f\x67\x3e\x0a\x20\x20\x3c\x2f\x67\x3e\x0a\
\x3c\x2f\x73\x76\x67\x3e\x0a\
\x00\x00\x03\xfa\
\x3c\
\x73\x76\x67\x20\x78\x6d\x6c\x6e\x73\x3d\x22\x68\x74\x74\x70\x3a\
\x2f\x2f\x77\x77\x77\x2e\x77\x33\x2e\x6f\x72\x67\x2f\x32\x30\x30\
\x30\x2f\x73\x76\x67\x22\x20\x77\x69\x64\x74\x68\x3d\x22\x32\x34\
\x22\x20\x68\x65\x69\x67\x68\x74\x3d\x22\x32\x34\x22\x20\x76\x65\
\x72\x73\x69\x6f\x6e\x3d\x22\x31\x2e\x31\x22\x20\x76\x69\x65\x77\
\x42\x6f\x78\x3d\x22\x30\x20\x30\x20\x32\x34\x20\x32\x34\x22\x3e\
\x0a\x20\x20\x3c\x67\x20\x74\x72\x61\x6e\x73\x66\x6f\x72\x6d\x3d\
\x22\x74\x72\x61\x6e\x73\x6c\x61\x74\x65\x28\x2d\x30\x29\x20\x73\
\x63\x61\x6c\x65\x28\x2e\x30\x34\x36\x38\x37\x35\x29\x22\x3e\x0a\
\x20\x20\x20\x20\x3c\x67\x20\x69\x64\x3d\x22\x61\x22\x20\x74\x72\
\x61\x6e\x73\x66\x6f\x72\x6d\x3d\x22\x6d\x61\x74\x72\x69\x78\x28\
\x31\x2e\x31\x32\x35\x20\x30\x20\x30\x20\x31\x2e\x31\x32\x35\x20\
\x33\x35\x31\x2e\x36\x36\x20\x31\x37\x37\x2e\x37\x31\x29\x22\x20\
\x73\x74\x72\x6f\x6b\x65\x3d\x22\x23\x35\x35\x35\x38\x35\x43\x22\
\x3e\x0a\x20\x20\x20\x20\x20\x20\x3c\x67\x20\x69\x64\x3d\x22\x62\
\x22\x20\x74\x72\x61\x6e\x73\x66\x6f\x72\x6d\x3d\x22\x6d\x61\x74\
\x72\x69\x78\x28\x32\x35\x20\x30\x20\x30\x20\x32\x35\x20\x2d\x34\
\x36\x35\x2e\x39\x37\x20\x2d\x33\x31\x37\x2e\x39\x36\x29\x22\x3e\
\x0a\x20\x20\x20\x20\x20\x20\x20\x20\x3c\x72\x65\x63\x74\x20\x69\
\x64\x3d\x22\x63\x22\x20\x78\x3d\x22\x31\x34\x2e\x36\x33\x39\x22\
\x20\x79\x3d\x22\x37\x2e\x32\x34\x33\x32\x22\x20\x77\x69\x64\x74\
\x68\x3d\x22\x31\x2e\x31\x39\x38\x33\x22\x20\x68\x65\x69\x67\x68\
\x74\x3d\x22\x31\x36\x2e\x35\x31\x38\x22\x20\x72\x78\x3d\x22\x30\
\x22\x20\x72\x79\x3d\x22\x30\x22\x20\x66\x69\x6c\x6c\x3d\x22\x23\
\x35\x35\x35\x38\x35\x43\x22\x20\x73\x74\x72\x6f\x6b\x65\x3d\x22\
\x23\x35\x35\x35\x38\x35\x43\x22\x20\x73\x74\x72\x6f\x6b\x65\x2d\
\x6c\x69\x6e\x65\x63\x61\x70\x3d\x22\x73\x71\x75\x61\x72\x65\x22\
\x20\x73\x74\x72\x6f\x6b\x65\x2d\x6d\x69\x74\x65\x72\x6c\x69\x6d\
\x69\x74\x3d\x22\x30\x22\x20\x73\x74\x72\x6f\x6b\x65\x2d\x77\x69\
\x64\x74\x68\x3d\x22\x2e\x32\x31\x32\x33\x34\x22\x20\x2f\x3e\x0a\
\x20\x20\x20\x20\x20\x20\x20\x20\x3c\x67\x20\x69\x64\x3d\x22\x64\
\x22\x20\x74\x72\x61\x6e\x73\x66\x6f\x72\x6d\x3d\x22\x6d\x61\x74\
\x72\x69\x78\x28\x2d\x2e\x30\x31\x36\x34\x36\x37\x20\x30\x20\x30\
\x20\x2e\x30\x31\x36\x34\x36\x37\x20\x31\x34\x2e\x34\x38\x35\x20\
\x31\x31\x2e\x32\x38\x36\x29\x22\x3e\x0a\x20\x20\x20\x20\x20\x20\
\x20\x20\x20\x20\x3c\x67\x20\x69\x64\x3d\x22\x65\x22\x20\x74\x72\
\x61\x6e\x73\x66\x6f\x72\x6d\x3d\x22\x6d\x61\x74\x72\x69\x78\x28\
\x2e\x36\x33\x36\x38\x34\x20\x2e\x36\x33\x36\x38\x34\x20\x2d\x2e\
\x36\x33\x36\x38\x34\x20\x2e\x36\x33\x36\x38\x34\x20\x32\x35\x33\
\x2e\x37\x37\x20\x2d\x36\x37\x2e\x39\x34\x35\x29\x22\x20\x73\x74\
\x72\x6f\x6b\x65\x3d\x22\x23\x35\x35\x35\x38\x35\x43\x22\x20\x73\
\x74\x72\x6f\x6b\x65\x2d\x6c\x69\x6e\x65\x6a\x6f\x69\x6e\x3d\x22\
\x72\x6f\x75\x6e\x64\x22\x20\x73\x74\x72\x6f\x6b\x65\x2d\x6d\x69\
\x74\x65\x72\x6c\x69\x6d\x69\x74\x3d\x22\x30\x22\x20\x73\x74\x72\
\x6f\x6b\x65\x2d\x77\x69\x64\x74\x68\x3d\x22\x33\x39\x2e\x31\x35\
\x37\x22\x3e\x0a\x20\x20\x20\x20\x20\x20\x20\x20\x20\x20\x20\x20\
\x3c\x70\x61\x74\x68\x20\x69\x64\x3d\x22\x66\x22\x20\x64\x3d\x22\
\x6d\x32\x35\x36\x20\x35\x35\x35\x2e\x32\x35\x20\x37\x30\x2e\x36\
\x35\x36\x2d\x37\x30\x2e\x36\x35\x36\x76\x2d\x33\x36\x37\x2e\x37\
\x38\x68\x2d\x31\x34\x30\x2e\x39\x36\x6c\x2d\x30\x2e\x33\x34\x38\
\x36\x20\x33\x36\x37\x2e\x37\x38\x7a\x22\x20\x66\x69\x6c\x6c\x3d\
\x22\x6e\x6f\x6e\x65\x22\x20\x73\x74\x72\x6f\x6b\x65\x2d\x77\x69\
\x64\x74\x68\x3d\x22\x33\x39\x2e\x31\x35\x37\x22\x20\x2f\x3e\x0a\
\x20\x20\x20\x20\x20\x20\x20\x20\x20\x20\x20\x20\x3c\x72\x65\x63\
\x74\x20\x69\x64\x3d\x22\x67\x22\x20\x78\x3d\x22\x31\x38\x36\x2e\
\x34\x32\x22\x20\x79\x3d\x22\x31\x34\x2e\x30\x30\x36\x22\x20\x77\
\x69\x64\x74\x68\x3d\x22\x31\x33\x39\x2e\x35\x22\x20\x68\x65\x69\
\x67\x68\x74\x3d\x22\x31\x30\x32\x2e\x30\x38\x22\x20\x72\x79\x3d\
\x22\x39\x2e\x33\x32\x33\x31\x22\x20\x66\x69\x6c\x6c\x3d\x22\x23\
\x35\x35\x35\x38\x35\x43\x22\x20\x2f\x3e\x0a\x20\x20\x20\x20\x20\
\x20\x20\x20\x20\x20\x3c\x2f\x67\x3e\x0a\x20\x20\x20\x20\x20\x20\
\x20\x20\x3c\x2f\x67\x3e\x0a\x20\x20\x20\x20\x20\x20\x3c\x2f\x67\
\x3e\x0a\x20\x20\x20\x20\x3c\x2f\x67\x3e\x0a\x20\x20\x3c\x2f\x67\
\x3e\x0a\x3c\x2f\x73\x76\x67\x3e\x0a\
\x00\x00\x03\xa6\
\x3c\
\x73\x76\x67\x20\x78\x6d\x6c\x6e\x73\x3d\x22\x68\x74\x74\x70\x3a\
\x2f\x2f\x77\x77\x77\x2e\x77\x33\x2e\x6f\x72\x67\x2f\x32\x30\x30\
\x30\x2f\x73\x76\x67\x22\x20\x77\x69\x64\x74\x68\x3d\x22\x32\x34\
\x22\x20\x68\x65\x69\x67\x68\x74\x3d\x22\x32\x34\x22\x20\x76\x65\
\x72\x73\x69\x6f\x6e\x3d\x22\x31\x2e\x31\x22\x20\x76\x69\x65\x77\
\x42\x6f\x78\x3d\x22\x30\x20\x30\x20\x32\x34\x20\x32\x34\x22\x3e\
\x0a\x20\x20\x3c\x67\x20\x74\x72\x61\x6e\x73\x66\x6f\x72\x6d\x3d\
\x22\x74\x72\x61\x6e\x73\x6c\x61\x74\x65\x28\x2d\x30\x29\x20\x73\
\x63\x61\x6c\x65\x28\x2e\x30\x34\x36\x38\x37\x35\x29\x22\x3e\x0a\
\x20\x20\x20\x20\x3c\x67\x20\x69\x64\x3d\x22\x61\x22\x20\x74\x72\
\x61\x6e\x73\x66\x6f\x72\x6d\x3d\x22\x6d\x61\x74\x72\x69\x78\x28\
\x30\x20\x2d\x32\x38\x2e\x31\x32\x35\x20\x32\x38\x2e\x31\x32\x35\
\x20\x30\x20\x2d\x31\x37\x39\x2e\x39\x39\x20\x36\x31\x36\x2e\x35\
\x31\x29\x22\x20\x73\x74\x72\x6f\x6b\x65\x3d\x22\x23\x35\x35\x35\
\x38\x35\x43\x22\x3e\x0a\x20\x20\x20\x20\x20\x20\x3c\x72\x65\x63\
\x74\x20\x69\x64\x3d\x22\x62\x22\x20\x78\x3d\x22\x31\x34\x2e\x36\
\x33\x39\x22\x20\x79\x3d\x22\x37\x2e\x32\x34\x33\x32\x22\x20\x77\
\x69\x64\x74\x68\x3d\x22\x31\x2e\x31\x39\x38\x33\x22\x20\x68\x65\
\x69\x67\x68\x74\x3d\x22\x31\x36\x2e\x35\x31\x38\x22\x20\x72\x78\
\x3d\x22\x30\x22\x20\x72\x79\x3d\x22\x30\x22\x20\x66\x69\x6c\x6c\
\x3d\x22\x23\x35\x35\x35\x38\x35\x43\x22\x20\x73\x74\x72\x6f\x6b\
\x65\x3d\x22\x23\x35\x35\x35\x38\x35\x43\x22\x20\x73\x74\x72\x6f\
\x6b\x65\x2d\x6c\x69\x6e\x65\x63\x61\x70\x3d\x22\x73\x71\x75\x61\
\x72\x65\x22\x20\x73\x74\x72\x6f\x6b\x65\x2d\x6d\x69\x74\x65\x72\
\x6c\x69\x6d\x69\x74\x3d\x22\x30\x22\x20\x73\x74\x72\x6f\x6b\x65\
\x2d\x77\x69\x64\x74\x68\x3d\x22\x2e\x32\x31\x32\x33\x34\x22\x20\
\x2f\x3e\x0a\x20\x20\x20\x20\x20\x20\x3c\x67\x20\x69\x64\x3d\x22\
\x63\x22\x20\x74\x72\x61\x6e\x73\x66\x6f\x72\x6d\x3d\x22\x6d\x61\
\x74\x72\x69\x78\x28\x2d\x2e\x30\x31\x36\x34\x36\x37\x20\x30\x20\
\x30\x20\x2e\x30\x31\x36\x34\x36\x37\x20\x31\x33\x2e\x39\x38\x38\
\x20\x37\x2e\x34\x34\x36\x34\x29\x22\x3e\x0a\x20\x20\x20\x20\x20\
\x20\x20\x20\x3c\x67\x20\x69\x64\x3d\x22\x64\x22\x20\x74\x72\x61\
\x6e\x73\x66\x6f\x72\x6d\x3d\x22\x6d\x61\x74\x72\x69\x78\x28\x2e\
\x36\x33\x36\x38\x34\x20\x2e\x36\x33\x36\x38\x34\x20\x2d\x2e\x36\
\x33\x36\x38\x34\x20\x2e\x36\x33\x36\x38\x34\x20\x32\x35\x33\x2e\
\x37\x37\x20\x2d\x36\x37\x2e\x39\x34\x35\x29\x22\x20\x73\x74\x72\
\x6f\x6b\x65\x3d\x22\x23\x35\x35\x35\x38\x35\x43\x22\x20\x73\x74\
\x72\x6f\x6b\x65\x2d\x6c\x69\x6e\x65\x6a\x6f\x69\x6e\x3d\x22\x72\
\x6f\x75\x6e\x64\x22\x20\x73\x74\x72\x6f\x6b\x65\x2d\x6d\x69\x74\
\x65\x72\x6c\x69\x6d\x69\x74\x3d\x22\x30\x22\x20\x73\x74\x72\x6f\
\x6b\x65\x2d\x77\x69\x64\x74\x68\x3d\x22\x33\x39\x2e\x31\x35\x37\
\x22\x3e\x0a\x20\x20\x20\x20\x20\x20\x20\x20\x20\x20\x3c\x70\x61\
\x74\x68\x20\x69\x64\x3d\x22\x65\x22\x20\x64\x3d\x22\x6d\x32\x35\
\x36\x20\x35\x35\x35\x2e\x32\x35\x20\x37\x30\x2e\x36\x35\x36\x2d\
\x37\x30\x2e\x36\x35\x36\x76\x2d\x33\x36\x37\x2e\x37\x38\x68\x2d\
\x31\x34\x30\x2e\x39\x36\x6c\x2d\x30\x2e\x33\x34\x38\x36\x20\x33\
\x36\x37\x2e\x37\x38\x7a\x22\x20\x66\x69\x6c\x6c\x3d\x22\x6e\x6f\
\x6e\x65\x22\x20\x73\x74\x72\x6f\x6b\x65\x2d\x77\x69\x64\x74\x68\
\x3d\x22\x33\x39\x2e\x31\x35\x37\x22\x20\x2f\x3e\x0a\x20\x20\x20\
\x20\x20\x20\x20\x20\x20\x20\x3c\x72\x65\x63\x74\x20\x69\x64\x3d\
\x22\x66\x22\x20\x78\x3d\x22\x31\x38\x36\x2e\x34\x32\x22\x20\x79\
\x3d\x22\x31\x34\x2e\x30\x30\x36\x22\x20\x77\x69\x64\x74\x68\x3d\
\x22\x31\x33\x39\x2e\x35\x22\x20\x68\x65\x69\x67\x68\x74\x3d\x22\
\x31\x30\x32\x2e\x30\x38\x22\x20\x72\x79\x3d\x22\x39\x2e\x33\x32\
\x33\x31\x22\x20\x66\x69\x6c\x6c\x3d\x22\x23\x35\x35\x35\x38\x35\
\x43\x22\x20\x2f\x3e\x0a\x20\x20\x20\x20\x20\x20\x20\x20\x3c\x2f\
\x67\x3e\x0a\x20\x20\x20\x20\x20\x20\x3c\x2f\x67\x3e\x0a\x20\x20\
\x20\x20\x3c\x2f\x67\x3e\x0a\x20\x20\x3c\x2f\x67\x3e\x0a\x3c\x2f\
\x73\x76\x67\x3e\x0a\
\x00\x00\x02\x51\
\x3c\
\x73\x76\x67\x20\x78\x6d\x6c\x6e\x73\x3d\x22\x68\x74\x74\x70\x3a\
\x2f\x2f\x77\x77\x77\x2e\x77\x33\x2e\x6f\x72\x67\x2f\x32\x30\x30\
\x30\x2f\x73\x76\x67\x22\x20\x77\x69\x64\x74\x68\x3d\x22\x32\x34\
\x22\x20\x68\x65\x69\x67\x68\x74\x3d\x22\x32\x34\x22\x20\x76\x65\
\x72\x73\x69\x6f\x6e\x3d\x22\x31\x2e\x31\x22\x20\x76\x69\x65\x77\
\x42\x6f\x78\x3d\x22\x30\x20\x30\x20\x32\x34\x20\x32\x34\x22\x3e\
\x0a\x20\x20\x3c\x67\x20\x74\x72\x61\x6e\x73\x66\x6f\x72\x6d\x3d\
\x22\x74\x72\x61\x6e\x73\x6c\x61\x74\x65\x28\x2d\x30\x29\x20\x73\
\x63\x61\x6c\x65\x28\x2e\x30\x34\x36\x38\x37\x35\x29\x22\x3e\x0a\
\x20\x20\x20\x20\x3c\x70\x61\x74\x68\x20\x69\x64\x3d\x22\x61\x22\
\x20\x64\x3d\x22\x6d\x31\x39\x39\x2e\x34\x35\x20\x33\x30\x32\x2e\
\x37\x35\x20\x35\x33\x2e\x31\x37\x35\x2d\x33\x32\x2e\x31\x33\x39\
\x20\x35\x33\x2e\x31\x37\x35\x20\x33\x32\x2e\x31\x33\x39\x2d\x31\
\x34\x2e\x30\x32\x34\x2d\x36\x30\x2e\x37\x37\x31\x20\x34\x36\x2e\
\x37\x34\x37\x2d\x34\x30\x2e\x33\x31\x39\x2d\x36\x31\x2e\x33\x35\
\x36\x2d\x35\x2e\x32\x35\x39\x31\x2d\x32\x34\x2e\x35\x34\x32\x2d\
\x35\x37\x2e\x32\x36\x35\x2d\x32\x34\x2e\x35\x34\x32\x20\x35\x37\
\x2e\x32\x36\x35\x2d\x36\x31\x2e\x33\x35\x36\x20\x35\x2e\x32\x35\
\x39\x31\x20\x34\x36\x2e\x37\x34\x37\x20\x34\x30\x2e\x33\x31\x39\
\x7a\x6d\x2d\x31\x31\x30\x2e\x34\x34\x20\x31\x36\x33\x2e\x36\x31\
\x76\x2d\x33\x37\x33\x2e\x39\x38\x71\x30\x2d\x31\x39\x2e\x32\x38\
\x33\x20\x31\x33\x2e\x37\x33\x32\x2d\x33\x33\x2e\x30\x31\x35\x20\
\x31\x33\x2e\x37\x33\x32\x2d\x31\x33\x2e\x37\x33\x32\x20\x33\x33\
\x2e\x30\x31\x35\x2d\x31\x33\x2e\x37\x33\x32\x68\x32\x33\x33\x2e\
\x37\x34\x71\x31\x39\x2e\x32\x38\x33\x20\x30\x20\x33\x33\x2e\x30\
\x31\x35\x20\x31\x33\x2e\x37\x33\x32\x20\x31\x33\x2e\x37\x33\x32\
\x20\x31\x33\x2e\x37\x33\x32\x20\x31\x33\x2e\x37\x33\x32\x20\x33\
\x33\x2e\x30\x31\x35\x76\x33\x37\x33\x2e\x39\x38\x6c\x2d\x31\x36\
\x33\x2e\x36\x31\x2d\x37\x30\x2e\x31\x32\x31\x7a\x6d\x34\x36\x2e\
\x37\x34\x37\x2d\x37\x31\x2e\x32\x38\x39\x20\x31\x31\x36\x2e\x38\
\x37\x2d\x35\x30\x2e\x32\x35\x33\x20\x31\x31\x36\x2e\x38\x37\x20\
\x35\x30\x2e\x32\x35\x33\x76\x2d\x33\x30\x32\x2e\x36\x39\x68\x2d\
\x32\x33\x33\x2e\x37\x34\x7a\x6d\x30\x2d\x33\x30\x32\x2e\x36\x39\
\x68\x32\x33\x33\x2e\x37\x34\x7a\x22\x20\x66\x69\x6c\x6c\x3d\x22\
\x23\x35\x35\x35\x38\x35\x43\x22\x20\x73\x74\x72\x6f\x6b\x65\x2d\
\x77\x69\x64\x74\x68\x3d\x22\x2e\x35\x38\x34\x33\x34\x22\x20\x2f\
\x3e\x0a\x20\x20\x3c\x2f\x67\x3e\x0a\x3c\x2f\x73\x76\x67\x3e\x0a\
\
\x00\x00\x04\x8c\
\x3c\
\x73\x76\x67\x20\x78\x6d\x6c\x6e\x73\x3d\x22\x68\x74\x74\x70\x3a\
\x2f\x2f\x77\x77\x77\x2e\x77\x33\x2e\x6f\x72\x67\x2f\x32\x30\x30\
\x30\x2f\x73\x76\x67\x22\x20\x77\x69\x64\x74\x68\x3d\x22\x32\x34\
\x22\x20\x68\x65\x69\x67\x68\x74\x3d\x22\x32\x34\x22\x20\x76\x65\
\x72\x73\x69\x6f\x6e\x3d\x22\x31\x2e\x31\x22\x20\x76\x69\x65\x77\
\x42\x6f\x78\x3d\x22\x30\x20\x30\x20\x32\x34\x20\x32\x34\x22\x3e\
\x0a\x20\x20\x3c\x67\x20\x74\x72\x61\x6e\x73\x66\x6f\x72\x6d\x3d\
\x22\x74\x72\x61\x6e\x73\x6c\x61\x74\x65\x28\x2d\x30\x29\x20\x73\
\x63\x61\x6c\x65\x28\x2e\x30\x34\x36\x38\x37\x35\x29\x22\x3e\x0a\
\x20\x20\x20\x20\x3c\x67\x20\x69\x64\x3d\x22\x61\x22\x20\x74\x72\
\x61\x6e\x73\x66\x6f\x72\x6d\x3d\x22\x6d\x61\x74\x72\x69\x78\x28\
\x31\x2e\x31\x32\x35\x20\x30\x20\x30\x20\x31\x2e\x31\x32\x35\x20\
\x33\x35\x31\x2e\x36\x36\x20\x31\x37\x37\x2e\x37\x31\x29\x22\x20\
\x73\x74\x72\x6f\x6b\x65\x3d\x22\x23\x35\x35\x35\x38\x35\x43\x22\
\x3e\x0a\x20\x20\x20\x20\x20\x20\x3c\x67\x20\x69\x64\x3d\x22\x62\
\x22\x20\x74\x72\x61\x6e\x73\x66\x6f\x72\x6d\x3d\x22\x6d\x61\x74\
\x72\x69\x78\x28\x32\x35\x20\x30\x20\x30\x20\x32\x35\x20\x2d\x34\
\x36\x35\x2e\x39\x37\x20\x2d\x33\x31\x37\x2e\x39\x36\x29\x22\x3e\
\x0a\x20\x20\x20\x20\x20\x20\x20\x20\x3c\x67\x20\x69\x64\x3d\x22\
\x63\x22\x20\x74\x72\x61\x6e\x73\x66\x6f\x72\x6d\x3d\x22\x6d\x61\
\x74\x72\x69\x78\x28\x2e\x32\x32\x35\x20\x30\x20\x30\x20\x2e\x32\
\x32\x35\x20\x31\x34\x2e\x35\x38\x38\x20\x31\x33\x2e\x30\x36\x37\
\x29\x22\x3e\x0a\x20\x20\x20\x20\x20\x20\x20\x20\x20\x20\x3c\x70\
\x61\x74\x68\x20\x69\x64\x3d\x22\x64\x22\x20\x64\x3d\x22\x6d\x32\
\x2e\x38\x38\x38\x35\x20\x34\x32\x2e\x38\x30\x37\x63\x38\x2e\x35\
\x32\x39\x37\x20\x30\x20\x31\x35\x2e\x38\x35\x37\x2d\x33\x2e\x30\
\x36\x32\x20\x32\x31\x2e\x39\x38\x2d\x39\x2e\x31\x38\x35\x39\x20\
\x36\x2e\x31\x32\x33\x39\x2d\x36\x2e\x31\x32\x33\x39\x20\x39\x2e\
\x31\x38\x35\x39\x2d\x31\x33\x2e\x34\x35\x31\x20\x39\x2e\x31\x38\
\x35\x39\x2d\x32\x31\x2e\x39\x38\x20\x30\x2d\x38\x2e\x35\x32\x39\
\x37\x2d\x33\x2e\x30\x36\x32\x2d\x31\x35\x2e\x38\x35\x37\x2d\x39\
\x2e\x31\x38\x35\x39\x2d\x32\x31\x2e\x39\x38\x2d\x36\x2e\x31\x32\
\x33\x39\x2d\x36\x2e\x31\x32\x33\x39\x2d\x31\x33\x2e\x34\x35\x31\
\x2d\x39\x2e\x31\x38\x35\x39\x2d\x32\x31\x2e\x39\x38\x2d\x39\x2e\
\x31\x38\x35\x39\x2d\x34\x2e\x31\x35\x35\x35\x20\x30\x2d\x38\x2e\
\x30\x33\x37\x37\x20\x30\x2e\x37\x36\x35\x35\x31\x2d\x31\x31\x2e\
\x36\x34\x36\x20\x32\x2e\x32\x39\x36\x35\x2d\x33\x2e\x36\x30\x38\
\x38\x20\x31\x2e\x35\x33\x31\x2d\x36\x2e\x38\x33\x34\x38\x20\x33\
\x2e\x36\x30\x38\x38\x2d\x39\x2e\x36\x37\x38\x20\x36\x2e\x32\x33\
\x33\x33\x76\x2d\x31\x30\x2e\x31\x37\x68\x2d\x39\x2e\x38\x34\x32\
\x76\x32\x37\x2e\x38\x38\x36\x68\x32\x37\x2e\x38\x38\x36\x76\x2d\
\x39\x2e\x38\x34\x32\x68\x2d\x31\x31\x2e\x38\x31\x63\x31\x2e\x38\
\x35\x39\x2d\x31\x2e\x39\x36\x38\x34\x20\x34\x2e\x31\x30\x30\x38\
\x2d\x33\x2e\x35\x35\x34\x20\x36\x2e\x37\x32\x35\x34\x2d\x34\x2e\
\x37\x35\x37\x20\x32\x2e\x36\x32\x34\x34\x2d\x31\x2e\x32\x30\x33\
\x20\x35\x2e\x34\x31\x33\x2d\x31\x2e\x38\x30\x34\x35\x20\x38\x2e\
\x33\x36\x35\x37\x2d\x31\x2e\x38\x30\x34\x35\x20\x35\x2e\x39\x30\
\x35\x32\x20\x30\x20\x31\x30\x2e\x39\x33\x36\x20\x32\x2e\x30\x37\
\x37\x38\x20\x31\x35\x2e\x30\x39\x31\x20\x36\x2e\x32\x33\x33\x33\
\x20\x34\x2e\x31\x35\x35\x35\x20\x34\x2e\x31\x35\x35\x35\x20\x36\
\x2e\x32\x33\x33\x33\x20\x39\x2e\x31\x38\x35\x39\x20\x36\x2e\x32\
\x33\x33\x33\x20\x31\x35\x2e\x30\x39\x31\x20\x30\x20\x35\x2e\x39\
\x30\x35\x32\x2d\x32\x2e\x30\x37\x37\x38\x20\x31\x30\x2e\x39\x33\
\x36\x2d\x36\x2e\x32\x33\x33\x33\x20\x31\x35\x2e\x30\x39\x31\x2d\
\x34\x2e\x31\x35\x35\x35\x20\x34\x2e\x31\x35\x35\x35\x2d\x39\x2e\
\x31\x38\x35\x39\x20\x36\x2e\x32\x33\x33\x33\x2d\x31\x35\x2e\x30\
\x39\x31\x20\x36\x2e\x32\x33\x33\x33\x2d\x34\x2e\x38\x31\x31\x37\
\x20\x30\x2d\x39\x2e\x30\x32\x31\x39\x2d\x31\x2e\x33\x39\x34\x33\
\x2d\x31\x32\x2e\x36\x33\x31\x2d\x34\x2e\x31\x38\x32\x39\x2d\x33\
\x2e\x36\x30\x38\x38\x2d\x32\x2e\x37\x38\x38\x36\x2d\x36\x2e\x31\
\x37\x38\x36\x2d\x36\x2e\x33\x31\x35\x33\x2d\x37\x2e\x37\x30\x39\
\x36\x2d\x31\x30\x2e\x35\x38\x68\x2d\x31\x30\x2e\x31\x37\x63\x31\
\x2e\x35\x33\x31\x20\x37\x2e\x31\x30\x38\x31\x20\x35\x2e\x31\x31\
\x32\x34\x20\x31\x32\x2e\x39\x38\x36\x20\x31\x30\x2e\x37\x34\x34\
\x20\x31\x37\x2e\x36\x33\x34\x20\x35\x2e\x36\x33\x31\x38\x20\x34\
\x2e\x36\x34\x37\x36\x20\x31\x32\x2e\x32\x32\x31\x20\x36\x2e\x39\
\x37\x31\x34\x20\x31\x39\x2e\x37\x36\x36\x20\x36\x2e\x39\x37\x31\
\x34\x7a\x22\x20\x66\x69\x6c\x6c\x3d\x22\x23\x35\x35\x35\x38\x35\
\x43\x22\x20\x73\x74\x72\x6f\x6b\x65\x2d\x77\x69\x64\x74\x68\x3d\
\x22\x2e\x31\x36\x34\x30\x33\x22\x20\x2f\x3e\x0a\x20\x20\x20\x20\
\x20\x20\x20\x20\x3c\x2f\x67\x3e\x0a\x20\x20\x20\x20\x20\x20\x3c\
\x2f\x67\x3e\x0a\x20\x20\x20\x20\x3c\x2f\x67\x3e\x0a\x20\x20\x3c\
\x2f\x67\x3e\x0a\x3c\x2f\x73\x76\x67\x3e\x0a\
\x00\x00\x02\x4d\
\x3c\
\x73\x76\x67\x20\x78\x6d\x6c\x6e\x73\x3d\x22\x68\x74\x74\x70\x3a\
\x2f\x2f\x77\x77\x77\x2e\x77\x33\x2e\x6f\x72\x67\x2f\x32\x30\x30\
\x30\x2f\x73\x76\x67\x22\x20\x77\x69\x64\x74\x68\x3d\x22\x32\x34\
\x22\x20\x68\x65\x69\x67\x68\x74\x3d\x22\x32\x34\x22\x20\x76\x65\
\x72\x73\x69\x6f\x6e\x3d\x22\x31\x2e\x31\x22\x20\x76\x69\x65\x77\
\x42\x6f\x78\x3d\x22\x30\x20\x30\x20\x32\x34\x20\x32\x34\x22\x3e\
\x0a\x20\x20\x3c\x67\x20\x74\x72\x61\x6e\x73\x66\x6f\x72\x6d\x3d\
\x22\x74\x72\x61\x6e\x73\x6c\x61\x74\x65\x28\x2d\x30\x29\x20\x73\
\x63\x61\x6c\x65\x28\x2e\x30\x34\x36\x38\x37\x35\x29\x22\x3e\x0a\
\x20\x20\x20\x20\x3c\x67\x20\x69\x64\x3d\x22\x61\x22\x20\x74\x72\
\x61\x6e\x73\x66\x6f\x72\x6d\x3d\x22\x6d\x61\x74\x72\x69\x78\x28\
\x31\x2e\x31\x32\x35\x20\x30\x20\x30\x20\x31\x2e\x31\x32\x35\x20\
\x33\x35\x31\x2e\x36\x36\x20\x31\x37\x37\x2e\x37\x31\x29\x22\x20\
\x73\x74\x72\x6f\x6b\x65\x3d\x22\x23\x35\x35\x35\x38\x35\x43\x22\
\x3e\x0a\x20\x20\x20\x20\x20\x20\x3c\x67\x20\x69\x64\x3d\x22\x62\
\x22\x20\x74\x72\x61\x6e\x73\x66\x6f\x72\x6d\x3d\x22\x6d\x61\x74\
\x72\x69\x78\x28\x32\x35\x20\x30\x20\x30\x20\x32\x35\x20\x2d\x34\
\x36\x35\x2e\x39\x37\x20\x2d\x33\x31\x37\x2e\x39\x36\x29\x22\x3e\
\x0a\x20\x20\x20\x20\x20\x20\x20\x20\x3c\x70\x61\x74\x68\x20\x69\
\x64\x3d\x22\x63\x22\x20\x64\x3d\x22\x6d\x31\x35\x2e\x32\x33\x38\
\x20\x32\x31\x2e\x37\x39\x39\x2d\x35\x2e\x39\x35\x30\x34\x2d\x34\
\x2e\x36\x32\x38\x31\x20\x31\x2e\x30\x39\x31\x2d\x30\x2e\x38\x32\
\x36\x33\x36\x20\x34\x2e\x38\x35\x39\x35\x20\x33\x2e\x37\x36\x38\
\x35\x20\x34\x2e\x38\x35\x39\x35\x2d\x33\x2e\x37\x36\x38\x35\x20\
\x31\x2e\x30\x39\x31\x20\x30\x2e\x38\x32\x36\x33\x36\x7a\x6d\x30\
\x2d\x33\x2e\x33\x33\x38\x38\x2d\x35\x2e\x39\x35\x30\x34\x2d\x34\
\x2e\x36\x32\x38\x31\x20\x35\x2e\x39\x35\x30\x34\x2d\x34\x2e\x36\
\x32\x38\x31\x20\x35\x2e\x39\x35\x30\x34\x20\x34\x2e\x36\x32\x38\
\x31\x7a\x6d\x30\x2d\x34\x2e\x36\x32\x38\x31\x6d\x30\x20\x32\x2e\
\x39\x34\x32\x31\x20\x33\x2e\x38\x30\x31\x36\x2d\x32\x2e\x39\x34\
\x32\x31\x2d\x33\x2e\x38\x30\x31\x36\x2d\x32\x2e\x39\x34\x32\x31\
\x2d\x33\x2e\x38\x30\x31\x36\x20\x32\x2e\x39\x34\x32\x31\x7a\x22\
\x20\x66\x69\x6c\x6c\x3d\x22\x23\x35\x35\x35\x38\x35\x43\x22\x20\
\x73\x74\x72\x6f\x6b\x65\x2d\x77\x69\x64\x74\x68\x3d\x22\x2e\x30\
\x31\x36\x35\x32\x39\x22\x20\x2f\x3e\x0a\x20\x20\x20\x20\x20\x20\
\x3c\x2f\x67\x3e\x0a\x20\x20\x20\x20\x3c\x2f\x67\x3e\x0a\x20\x20\
\x3c\x2f\x67\x3e\x0a\x3c\x2f\x73\x76\x67\x3e\x0a\
\x00\x00\x04\xb3\
\x3c\
\x73\x76\x67\x20\x78\x6d\x6c\x6e\x73\x3d\x22\x68\x74\x74\x70\x3a\
\x2f\x2f\x77\x77\x77\x2e\x77\x33\x2e\x6f\x72\x67\x2f\x32\x30\x30\
\x30\x2f\x73\x76\x67\x22\x20\x77\x69\x64\x74\x68\x3d\x22\x32\x34\
\x22\x20\x68\x65\x69\x67\x68\x74\x3d\x22\x32\x34\x22\x20\x76\x65\
\x72\x73\x69\x6f\x6e\x3d\x22\x31\x2e\x31\x22\x20\x76\x69\x65\x77\
\x42\x6f\x78\x3d\x22\x30\x20\x30\x20\x32\x34\x20\x32\x34\x22\x3e\
\x0a\x20\x20\x3c\x67\x20\x74\x72\x61\x6e\x73\x66\x6f\x72\x6d\x3d\
\x22\x74\x72\x61\x6e\x73\x6c\x61\x74\x65\x28\x2d\x30\x29\x20\x73\
\x63\x61\x6c\x65\x28\x2e\x30\x34\x36\x38\x37\x35\x29\x22\x3e\x0a\
\x20\x20\x20\x20\x3c\x67\x20\x69\x64\x3d\x22\x61\x22\x20\x74\x72\
\x61\x6e\x73\x66\x6f\x72\x6d\x3d\x22\x6d\x61\x74\x72\x69\x78\x28\
\x31\x2e\x31\x32\x35\x20\x30\x20\x30\x20\x31\x2e\x31\x32\x35\x20\
\x33\x35\x31\x2e\x36\x36\x20\x31\x37\x37\x2e\x37\x31\x29\x22\x20\
\x73\x74\x72\x6f\x6b\x65\x3d\x22\x23\x35\x35\x35\x38\x35\x43\x22\
\x3e\x0a\x20\x20\x20\x20\x20\x20\x3c\x67\x20\x69\x64\x3d\x22\x62\
\x22\x20\x74\x72\x61\x6e\x73\x66\x6f\x72\x6d\x3d\x22\x6d\x61\x74\
\x72\x69\x78\x28\x32\x35\x20\x30\x20\x30\x20\x32\x35\x20\x2d\x34\
\x36\x35\x2e\x39\x37\x20\x2d\x33\x31\x37\x2e\x39\x36\x29\x22\x20\
\x66\x69\x6c\x6c\x3d\x22\x23\x35\x35\x35\x38\x35\x43\x22\x3e\x0a\
\x20\x20\x20\x20\x20\x20\x20\x20\x3c\x70\x61\x74\x68\x20\x69\x64\
\x3d\x22\x63\x22\x20\x64\x3d\x22\x6d\x31\x31\x2e\x34\x34\x31\x20\
\x32\x32\x2e\x33\x33\x37\x63\x2d\x30\x2e\x34\x31\x37\x36\x36\x20\
\x30\x2d\x30\x2e\x37\x37\x35\x32\x32\x2d\x30\x2e\x31\x34\x38\x37\
\x34\x2d\x31\x2e\x30\x37\x32\x37\x2d\x30\x2e\x34\x34\x36\x32\x2d\
\x30\x2e\x32\x39\x37\x34\x37\x2d\x30\x2e\x32\x39\x37\x34\x37\x2d\
\x30\x2e\x34\x34\x36\x32\x2d\x30\x2e\x36\x35\x35\x30\x33\x2d\x30\
\x2e\x34\x34\x36\x32\x2d\x31\x2e\x30\x37\x32\x37\x76\x2d\x39\x2e\
\x38\x37\x32\x39\x68\x2d\x30\x2e\x37\x35\x39\x35\x35\x76\x2d\x31\
\x2e\x35\x31\x38\x39\x68\x31\x32\x2e\x31\x35\x31\x76\x31\x2e\x35\
\x31\x38\x39\x68\x2d\x30\x2e\x37\x35\x39\x33\x34\x76\x39\x2e\x38\
\x37\x32\x39\x63\x30\x20\x30\x2e\x34\x31\x37\x36\x36\x2d\x30\x2e\
\x31\x34\x38\x37\x34\x20\x30\x2e\x37\x37\x35\x32\x32\x2d\x30\x2e\
\x34\x34\x36\x32\x20\x31\x2e\x30\x37\x32\x37\x2d\x30\x2e\x32\x39\
\x37\x34\x37\x20\x30\x2e\x32\x39\x37\x34\x37\x2d\x30\x2e\x36\x35\
\x35\x30\x33\x20\x30\x2e\x34\x34\x36\x32\x2d\x31\x2e\x30\x37\x32\
\x37\x20\x30\x2e\x34\x34\x36\x32\x7a\x6d\x37\x2e\x35\x39\x34\x36\
\x2d\x31\x31\x2e\x33\x39\x32\x68\x2d\x37\x2e\x35\x39\x34\x36\x76\
\x39\x2e\x38\x37\x32\x39\x68\x37\x2e\x35\x39\x34\x36\x7a\x6d\x2d\
\x37\x2e\x35\x39\x34\x36\x20\x30\x76\x39\x2e\x38\x37\x32\x39\x7a\
\x22\x20\x73\x74\x72\x6f\x6b\x65\x2d\x77\x69\x64\x74\x68\x3d\x22\
\x2e\x30\x31\x38\x39\x38\x36\x22\x20\x2f\x3e\x0a\x20\x20\x20\x20\
\x20\x20\x20\x20\x3c\x72\x65\x63\x74\x20\x69\x64\x3d\x22\x64\x22\
\x20\x78\x3d\x22\x31\x32\x2e\x39\x35\x38\x22\x20\x79\x3d\x22\x37\
\x2e\x39\x34\x39\x39\x22\x20\x77\x69\x64\x74\x68\x3d\x22\x34\x2e\
\x35\x36\x30\x34\x22\x20\x68\x65\x69\x67\x68\x74\x3d\x22\x31\x2e\
\x35\x33\x38\x31\x22\x20\x73\x74\x72\x6f\x6b\x65\x2d\x6d\x69\x74\
\x65\x72\x6c\x69\x6d\x69\x74\x3d\x22\x30\x22\x20\x73\x74\x72\x6f\
\x6b\x65\x2d\x77\x69\x64\x74\x68\x3d\x22\x30\x22\x20\x73\x74\x79\
\x6c\x65\x3d\x22\x70\x61\x69\x6e\x74\x2d\x6f\x72\x64\x65\x72\x3a\
\x66\x69\x6c\x6c\x20\x6d\x61\x72\x6b\x65\x72\x73\x20\x73\x74\x72\
\x6f\x6b\x65\x22\x20\x2f\x3e\x0a\x20\x20\x20\x20\x20\x20\x20\x20\
\x3c\x72\x65\x63\x74\x20\x69\x64\x3d\x22\x65\x22\x20\x74\x72\x61\
\x6e\x73\x66\x6f\x72\x6d\x3d\x22\x72\x6f\x74\x61\x74\x65\x28\x39\
\x30\x29\x22\x20\x78\x3d\x22\x31\x32\x2e\x34\x36\x34\x22\x20\x79\
\x3d\x22\x2d\x31\x37\x2e\x35\x33\x35\x22\x20\x77\x69\x64\x74\x68\
\x3d\x22\x36\x2e\x38\x33\x35\x31\x22\x20\x68\x65\x69\x67\x68\x74\
\x3d\x22\x31\x2e\x35\x33\x38\x31\x22\x20\x73\x74\x72\x6f\x6b\x65\
\x2d\x6d\x69\x74\x65\x72\x6c\x69\x6d\x69\x74\x3d\x22\x30\x22\x20\
\x73\x74\x72\x6f\x6b\x65\x2d\x77\x69\x64\x74\x68\x3d\x22\x30\x22\
\x20\x73\x74\x79\x6c\x65\x3d\x22\x70\x61\x69\x6e\x74\x2d\x6f\x72\
\x64\x65\x72\x3a\x66\x69\x6c\x6c\x20\x6d\x61\x72\x6b\x65\x72\x73\
\x20\x73\x74\x72\x6f\x6b\x65\x22\x20\x2f\x3e\x0a\x20\x20\x20\x20\
\x20\x20\x20\x20\x3c\x72\x65\x63\x74\x20\x69\x64\x3d\x22\x66\x22\
\x20\x74\x72\x61\x6e\x73\x66\x6f\x72\x6d\x3d\x22\x72\x6f\x74\x61\
\x74\x65\x28\x39\x30\x29\x22\x20\x78\x3d\x22\x31\x32\x2e\x34\x36\
\x34\x22\x20\x79\x3d\x22\x2d\x31\x34\x2e\x34\x39\x38\x22\x20\x77\
\x69\x64\x74\x68\x3d\x22\x36\x2e\x38\x33\x35\x31\x22\x20\x68\x65\
\x69\x67\x68\x74\x3d\x22\x31\x2e\x35\x33\x38\x31\x22\x20\x73\x74\
\x72\x6f\x6b\x65\x2d\x6d\x69\x74\x65\x72\x6c\x69\x6d\x69\x74\x3d\
\x22\x30\x22\x20\x73\x74\x72\x6f\x6b\x65\x2d\x77\x69\x64\x74\x68\
\x3d\x22\x30\x22\x20\x73\x74\x79\x6c\x65\x3d\x22\x70\x61\x69\x6e\
\x74\x2d\x6f\x72\x64\x65\x72\x3a\x66\x69\x6c\x6c\x20\x6d\x61\x72\
\x6b\x65\x72\x73\x20\x73\x74\x72\x6f\x6b\x65\x22\x20\x2f\x3e\x0a\
\x20\x20\x20\x20\x20\x20\x3c\x2f\x67\x3e\x0a\x20\x20\x20\x20\x3c\
\x2f\x67\x3e\x0a\x20\x20\x3c\x2f\x67\x3e\x0a\x3c\x2f\x73\x76\x67\
\x3e\x0a\
\x00\x00\x02\x9a\
\x3c\
\x73\x76\x67\x20\x78\x6d\x6c\x6e\x73\x3d\x22\x68\x74\x74\x70\x3a\
\x2f\x2f\x77\x77\x77\x2e\x77\x33\x2e\x6f\x72\x67\x2f\x32\x30\x30\
\x30\x2f\x73\x76\x67\x22\x20\x77\x69\x64\x74\x68\x3d\x22\x32\x34\
\x22\x20\x68\x65\x69\x67\x68\x74\x3d\x22\x32\x34\x22\x20\x76\x65\
\x72\x73\x69\x6f\x6e\x3d\x22\x31\x2e\x31\x22\x20\x76\x69\x65\x77\
\x42\x6f\x78\x3d\x22\x30\x20\x30\x20\x32\x34\x20\x32\x34\x22\x3e\
\x0a\x20\x20\x3c\x67\x20\x74\x72\x61\x6e\x73\x66\x6f\x72\x6d\x3d\
\x22\x74\x72\x61\x6e\x73\x6c\x61\x74\x65\x28\x2d\x30\x29\x20\x73\
\x63\x61\x6c\x65\x28\x2e\x30\x34\x36\x38\x37\x35\x29\x22\x3e\x0a\
\x20\x20\x20\x20\x3c\x67\x20\x69\x64\x3d\x22\x61\x22\x20\x74\x72\
\x61\x6e\x73\x66\x6f\x72\x6d\x3d\x22\x6d\x61\x74\x72\x69\x78\x28\
\x33\x32\x20\x30\x20\x30\x20\x33\x32\x20\x2d\x31\x32\x36\x2e\x36\
\x36\x20\x2d\x31\x33\x32\x2e\x38\x31\x29\x22\x20\x66\x69\x6c\x6c\
\x3d\x22\x23\x35\x35\x35\x38\x35\x43\x22\x3e\x0a\x20\x20\x20\x20\
\x20\x20\x3c\x63\x69\x72\x63\x6c\x65\x20\x69\x64\x3d\x22\x62\x22\
\x20\x63\x78\x3d\x22\x38\x2e\x36\x32\x35\x22\x20\x63\x79\x3d\x22\
\x31\x32\x22\x20\x72\x3d\x22\x31\x2e\x35\x22\x20\x66\x69\x6c\x6c\
\x3d\x22\x23\x35\x35\x35\x38\x35\x43\x22\x20\x2f\x3e\x0a\x20\x20\
\x20\x20\x3c\x2f\x67\x3e\x0a\x20\x20\x20\x20\x3c\x67\x20\x69\x64\
\x3d\x22\x63\x22\x20\x74\x72\x61\x6e\x73\x66\x6f\x72\x6d\x3d\x22\
\x6d\x61\x74\x72\x69\x78\x28\x31\x2e\x31\x32\x35\x20\x30\x20\x30\
\x20\x31\x2e\x31\x32\x35\x20\x33\x35\x31\x2e\x36\x36\x20\x31\x37\
\x37\x2e\x37\x31\x29\x22\x20\x73\x74\x72\x6f\x6b\x65\x3d\x22\x23\
\x35\x35\x35\x38\x35\x43\x22\x3e\x0a\x20\x20\x20\x20\x20\x20\x3c\
\x67\x20\x69\x64\x3d\x22\x64\x22\x20\x74\x72\x61\x6e\x73\x66\x6f\
\x72\x6d\x3d\x22\x6d\x61\x74\x72\x69\x78\x28\x32\x35\x20\x30\x20\
\x30\x20\x32\x35\x20\x2d\x34\x36\x35\x2e\x39\x37\x20\x2d\x33\x31\
\x37\x2e\x39\x36\x29\x22\x3e\x0a\x20\x20\x20\x20\x20\x20\x20\x20\
\x3c\x72\x65\x63\x74\x20\x69\x64\x3d\x22\x65\x22\x20\x78\x3d\x22\
\x31\x34\x2e\x36\x38\x35\x22\x20\x79\x3d\x22\x37\x2e\x32\x32\x30\
\x36\x22\x20\x77\x69\x64\x74\x68\x3d\x22\x31\x2e\x31\x39\x38\x33\
\x22\x20\x68\x65\x69\x67\x68\x74\x3d\x22\x31\x36\x2e\x35\x31\x38\
\x22\x20\x72\x78\x3d\x22\x30\x22\x20\x72\x79\x3d\x22\x30\x22\x20\
\x66\x69\x6c\x6c\x3d\x22\x23\x35\x35\x35\x38\x35\x43\x22\x20\x73\
\x74\x72\x6f\x6b\x65\x3d\x22\x23\x35\x35\x35\x38\x35\x43\x22\x20\
\x73\x74\x72\x6f\x6b\x65\x2d\x6c\x69\x6e\x65\x63\x61\x70\x3d\x22\
\x73\x71\x75\x61\x72\x65\x22\x20\x73\x74\x72\x6f\x6b\x65\x2d\x6d\
\x69\x74\x65\x72\x6c\x69\x6d\x69\x74\x3d\x22\x30\x22\x20\x73\x74\
\x72\x6f\x6b\x65\x2d\x77\x69\x64\x74\x68\x3d\x22\x2e\x32\x31\x32\
\x33\x34\x22\x20\x2f\x3e\x0a\x20\x20\x20\x20\x20\x20\x3c\x2f\x67\
\x3e\x0a\x20\x20\x20\x20\x3c\x2f\x67\x3e\x0a\x20\x20\x3c\x2f\x67\
\x3e\x0a\x3c\x2f\x73\x76\x67\x3e\x0a\
\x00\x00\x04\x2e\
\x3c\
\x73\x76\x67\x20\x78\x6d\x6c\x6e\x73\x3d\x22\x68\x74\x74\x70\x3a\
\x2f\x2f\x77\x77\x77\x2e\x77\x33\x2e\x6f\x72\x67\x2f\x32\x30\x30\
\x30\x2f\x73\x76\x67\x22\x20\x77\x69\x64\x74\x68\x3d\x22\x32\x34\
\x22\x20\x68\x65\x69\x67\x68\x74\x3d\x22\x32\x34\x22\x20\x76\x65\
\x72\x73\x69\x6f\x6e\x3d\x22\x31\x2e\x31\x22\x20\x76\x69\x65\x77\
\x42\x6f\x78\x3d\x22\x30\x20\x30\x20\x32\x34\x20\x32\x34\x22\x3e\
\x0a\x20\x20\x3c\x67\x20\x74\x72\x61\x6e\x73\x66\x6f\x72\x6d\x3d\
\x22\x74\x72\x61\x6e\x73\x6c\x61\x74\x65\x28\x2d\x30\x29\x20\x73\
\x63\x61\x6c\x65\x28\x2e\x30\x34\x36\x38\x37\x35\x29\x22\x3e\x0a\
\x20\x20\x20\x20\x3c\x67\x20\x69\x64\x3d\x22\x61\x22\x20\x74\x72\
\x61\x6e\x73\x66\x6f\x72\x6d\x3d\x22\x6d\x61\x74\x72\x69\x78\x28\
\x31\x2e\x31\x32\x35\x20\x30\x20\x30\x20\x31\x2e\x31\x32\x35\x20\
\x33\x35\x31\x2e\x36\x36\x20\x31\x37\x37\x2e\x37\x31\x29\x22\x20\
\x73\x74\x72\x6f\x6b\x65\x3d\x22\x23\x35\x35\x35\x38\x35\x43\x22\
\x3e\x0a\x20\x20\x20\x20\x20\x20\x3c\x67\x20\x69\x64\x3d\x22\x62\
\x22\x20\x74\x72\x61\x6e\x73\x66\x6f\x72\x6d\x3d\x22\x6d\x61\x74\
\x72\x69\x78\x28\x32\x35\x20\x30\x20\x30\x20\x32\x35\x20\x2d\x34\
\x36\x35\x2e\x39\x37\x20\x2d\x33\x31\x37\x2e\x39\x36\x29\x22\x3e\
\x0a\x20\x20\x20\x20\x20\x20\x20\x20\x3c\x70\x61\x74\x68\x20\x69\
\x64\x3d\x22\x63\x22\x20\x64\x3d\x22\x6d\x39\x2e\x36\x37\x33\x34\
\x20\x32\x33\x2e\x34\x35\x31\x71\x2d\x30\x2e\x36\x35\x35\x37\x38\
\x20\x30\x2d\x31\x2e\x31\x32\x32\x38\x2d\x30\x2e\x34\x36\x37\x30\
\x33\x2d\x30\x2e\x34\x36\x37\x30\x31\x2d\x30\x2e\x34\x36\x37\x30\
\x33\x2d\x30\x2e\x34\x36\x37\x30\x31\x2d\x31\x2e\x31\x32\x32\x37\
\x76\x2d\x31\x31\x2e\x31\x32\x39\x71\x30\x2d\x30\x2e\x36\x35\x35\
\x37\x32\x20\x30\x2e\x34\x36\x37\x30\x31\x2d\x31\x2e\x31\x32\x32\
\x37\x20\x30\x2e\x34\x36\x37\x30\x31\x2d\x30\x2e\x34\x36\x37\x30\
\x33\x20\x31\x2e\x31\x32\x32\x38\x2d\x30\x2e\x34\x36\x37\x30\x33\
\x68\x33\x2e\x33\x31\x38\x37\x71\x30\x2e\x32\x31\x38\x36\x35\x2d\
\x30\x2e\x36\x39\x35\x35\x31\x20\x30\x2e\x38\x35\x34\x35\x31\x2d\
\x31\x2e\x31\x34\x32\x36\x20\x30\x2e\x36\x33\x35\x39\x33\x2d\x30\
\x2e\x34\x34\x37\x31\x33\x20\x31\x2e\x33\x39\x31\x31\x2d\x30\x2e\
\x34\x34\x37\x31\x33\x20\x30\x2e\x37\x39\x34\x39\x31\x20\x30\x20\
\x31\x2e\x34\x32\x30\x39\x20\x30\x2e\x34\x34\x37\x31\x33\x20\x30\
\x2e\x36\x32\x35\x39\x38\x20\x30\x2e\x34\x34\x37\x31\x33\x20\x30\
\x2e\x38\x34\x34\x35\x39\x20\x31\x2e\x31\x34\x32\x36\x68\x33\x2e\
\x32\x39\x38\x39\x71\x30\x2e\x36\x35\x35\x37\x39\x20\x30\x20\x31\
\x2e\x31\x32\x32\x38\x20\x30\x2e\x34\x36\x37\x30\x33\x20\x30\x2e\
\x34\x36\x37\x30\x33\x20\x30\x2e\x34\x36\x37\x30\x33\x20\x30\x2e\
\x34\x36\x37\x30\x33\x20\x31\x2e\x31\x32\x32\x37\x76\x31\x31\x2e\
\x31\x32\x39\x71\x30\x20\x30\x2e\x36\x35\x35\x37\x32\x2d\x30\x2e\
\x34\x36\x37\x30\x33\x20\x31\x2e\x31\x32\x32\x37\x2d\x30\x2e\x34\
\x36\x37\x30\x33\x20\x30\x2e\x34\x36\x37\x30\x33\x2d\x31\x2e\x31\
\x32\x32\x38\x20\x30\x2e\x34\x36\x37\x30\x33\x7a\x6d\x30\x2d\x31\
\x2e\x35\x38\x39\x38\x68\x31\x31\x2e\x31\x32\x39\x76\x2d\x31\x31\
\x2e\x31\x32\x39\x68\x2d\x31\x2e\x35\x38\x39\x38\x76\x32\x2e\x33\
\x38\x34\x37\x68\x2d\x37\x2e\x39\x34\x39\x76\x2d\x32\x2e\x33\x38\
\x34\x37\x68\x2d\x31\x2e\x35\x38\x39\x38\x7a\x6d\x36\x2e\x31\x33\
\x30\x37\x2d\x31\x31\x2e\x33\x35\x37\x71\x30\x2e\x32\x32\x38\x35\
\x33\x2d\x30\x2e\x32\x32\x38\x34\x38\x20\x30\x2e\x32\x32\x38\x35\
\x33\x2d\x30\x2e\x35\x36\x36\x32\x39\x20\x30\x2d\x30\x2e\x33\x33\
\x37\x38\x31\x2d\x30\x2e\x32\x32\x38\x35\x33\x2d\x30\x2e\x35\x36\
\x36\x32\x39\x2d\x30\x2e\x32\x32\x38\x35\x33\x2d\x30\x2e\x32\x32\
\x38\x34\x38\x2d\x30\x2e\x35\x36\x36\x33\x36\x2d\x30\x2e\x32\x32\
\x38\x34\x38\x74\x2d\x30\x2e\x35\x36\x36\x33\x36\x20\x30\x2e\x32\
\x32\x38\x34\x38\x71\x2d\x30\x2e\x32\x32\x38\x35\x33\x20\x30\x2e\
\x32\x32\x38\x34\x38\x2d\x30\x2e\x32\x32\x38\x35\x33\x20\x30\x2e\
\x35\x36\x36\x32\x39\x20\x30\x20\x30\x2e\x33\x33\x37\x38\x31\x20\
\x30\x2e\x32\x32\x38\x35\x33\x20\x30\x2e\x35\x36\x36\x32\x39\x20\
\x30\x2e\x32\x32\x38\x35\x33\x20\x30\x2e\x32\x32\x38\x34\x38\x20\
\x30\x2e\x35\x36\x36\x33\x36\x20\x30\x2e\x32\x32\x38\x34\x38\x74\
\x30\x2e\x35\x36\x36\x33\x36\x2d\x30\x2e\x32\x32\x38\x34\x38\x7a\
\x22\x20\x66\x69\x6c\x6c\x3d\x22\x23\x35\x35\x35\x38\x35\x43\x22\
\x20\x73\x74\x72\x6f\x6b\x65\x2d\x77\x69\x64\x74\x68\x3d\x22\x2e\
\x30\x31\x39\x38\x37\x32\x22\x20\x2f\x3e\x0a\x20\x20\x20\x20\x20\
\x20\x3c\x2f\x67\x3e\x0a\x20\x20\x20\x20\x3c\x2f\x67\x3e\x0a\x20\
\x20\x3c\x2f\x67\x3e\x0a\x3c\x2f\x73\x76\x67\x3e\x0a\
\x00\x00\x02\x47\
\x3c\
\x73\x76\x67\x20\x78\x6d\x6c\x6e\x73\x3d\x22\x68\x74\x74\x70\x3a\
\x2f\x2f\x77\x77\x77\x2e\x77\x33\x2e\x6f\x72\x67\x2f\x32\x30\x30\
\x30\x2f\x73\x76\x67\x22\x20\x77\x69\x64\x74\x68\x3d\x22\x32\x34\
\x22\x20\x68\x65\x69\x67\x68\x74\x3d\x22\x32\x34\x22\x20\x76\x65\
\x72\x73\x69\x6f\x6e\x3d\x22\x31\x2e\x31\x22\x20\x76\x69\x65\x77\
\x42\x6f\x78\x3d\x22\x30\x20\x30\x20\x32\x34\x20\x32\x34\x22\x3e\
\x0a\x20\x20\x3c\x67\x20\x74\x72\x61\x6e\x73\x66\x6f\x72\x6d\x3d\
\x22\x74\x72\x61\x6e\x73\x6c\x61\x74\x65\x28\x2d\x30\x29\x20\x73\
\x63\x61\x6c\x65\x28\x2e\x30\x34\x36\x38\x37\x35\x29\x22\x20\x66\
\x69\x6c\x6c\x3d\x22\x23\x35\x35\x35\x38\x35\x43\x22\x3e\x0a\x20\
\x20\x20\x20\x3c\x70\x61\x74\x68\x20\x69\x64\x3d\x22\x61\x22\x20\
\x64\x3d\x22\x6d\x36\x39\x2e\x30\x31\x32\x20\x34\x36\x36\x2e\x33\
\x36\x76\x2d\x33\x37\x33\x2e\x39\x38\x63\x30\x2d\x31\x32\x2e\x38\
\x35\x35\x20\x34\x2e\x35\x37\x37\x33\x2d\x32\x33\x2e\x38\x36\x31\
\x20\x31\x33\x2e\x37\x33\x32\x2d\x33\x33\x2e\x30\x31\x35\x20\x39\
\x2e\x31\x35\x34\x36\x2d\x39\x2e\x31\x35\x34\x36\x20\x32\x30\x2e\
\x31\x36\x2d\x31\x33\x2e\x37\x33\x32\x20\x33\x33\x2e\x30\x31\x35\
\x2d\x31\x33\x2e\x37\x33\x32\x68\x31\x32\x30\x2e\x32\x34\x76\x34\
\x36\x2e\x37\x34\x37\x68\x2d\x31\x32\x30\x2e\x32\x34\x76\x33\x30\
\x32\x2e\x36\x39\x6c\x31\x31\x36\x2e\x38\x37\x2d\x35\x30\x2e\x32\
\x35\x33\x20\x31\x31\x36\x2e\x38\x37\x20\x35\x30\x2e\x32\x35\x33\
\x76\x2d\x31\x34\x32\x2e\x34\x35\x68\x34\x36\x2e\x37\x34\x37\x76\
\x32\x31\x33\x2e\x37\x34\x6c\x2d\x31\x36\x33\x2e\x36\x31\x2d\x37\
\x30\x2e\x31\x32\x31\x7a\x6d\x34\x36\x2e\x37\x34\x37\x2d\x33\x37\
\x33\x2e\x39\x38\x68\x31\x32\x30\x2e\x32\x34\x7a\x22\x20\x73\x74\
\x72\x6f\x6b\x65\x2d\x77\x69\x64\x74\x68\x3d\x22\x2e\x35\x38\x34\
\x33\x34\x22\x20\x2f\x3e\x0a\x20\x20\x20\x20\x3c\x70\x61\x74\x68\
\x20\x69\x64\x3d\x22\x62\x22\x20\x64\x3d\x22\x6d\x33\x35\x33\x2e\
\x39\x34\x20\x31\x39\x34\x2e\x38\x38\x68\x34\x34\x2e\x37\x31\x39\
\x76\x2d\x36\x37\x2e\x30\x37\x39\x68\x36\x37\x2e\x30\x37\x39\x76\
\x2d\x34\x34\x2e\x37\x31\x39\x68\x2d\x36\x37\x2e\x30\x37\x39\x76\
\x2d\x36\x37\x2e\x30\x37\x39\x68\x2d\x34\x34\x2e\x37\x31\x39\x76\
\x36\x37\x2e\x30\x37\x39\x68\x2d\x36\x37\x2e\x30\x37\x39\x76\x34\
\x34\x2e\x37\x31\x39\x68\x36\x37\x2e\x30\x37\x39\x7a\x22\x20\x73\
\x74\x72\x6f\x6b\x65\x2d\x77\x69\x64\x74\x68\x3d\x22\x2e\x35\x35\
\x38\x39\x39\x22\x20\x2f\x3e\x0a\x20\x20\x3c\x2f\x67\x3e\x0a\x3c\
\x2f\x73\x76\x67\x3e\x0a\
\x00\x00\x01\x86\
\x3c\
\x73\x76\x67\x20\x78\x6d\x6c\x6e\x73\x3d\x22\x68\x74\x74\x70\x3a\
\x2f\x2f\x77\x77\x77\x2e\x77\x33\x2e\x6f\x72\x67\x2f\x32\x30\x30\
\x30\x2f\x73\x76\x67\x22\x20\x77\x69\x64\x74\x68\x3d\x22\x32\x34\
\x22\x20\x68\x65\x69\x67\x68\x74\x3d\x22\x32\x34\x22\x20\x76\x65\
\x72\x73\x69\x6f\x6e\x3d\x22\x31\x2e\x31\x22\x20\x76\x69\x65\x77\
\x42\x6f\x78\x3d\x22\x30\x20\x30\x20\x32\x34\x20\x32\x34\x22\x3e\
\x0a\x20\x20\x3c\x67\x20\x74\x72\x61\x6e\x73\x66\x6f\x72\x6d\x3d\
\x22\x74\x72\x61\x6e\x73\x6c\x61\x74\x65\x28\x2d\x30\x29\x20\x73\
\x63\x61\x6c\x65\x28\x2e\x30\x34\x36\x38\x37\x35\x29\x22\x3e\x0a\
\x20\x20\x20\x20\x3c\x70\x61\x74\x68\x20\x69\x64\x3d\x22\x61\x22\
\x20\x64\x3d\x22\x6d\x31\x30\x37\x2e\x31\x39\x20\x33\x34\x35\x2e\
\x32\x38\x20\x35\x39\x2e\x35\x32\x32\x20\x35\x39\x2e\x35\x32\x32\
\x20\x38\x39\x2e\x32\x38\x33\x2d\x38\x39\x2e\x32\x38\x33\x20\x38\
\x39\x2e\x32\x38\x33\x20\x38\x39\x2e\x32\x38\x33\x20\x35\x39\x2e\
\x35\x32\x32\x2d\x35\x39\x2e\x35\x32\x32\x2d\x38\x39\x2e\x32\x38\
\x33\x2d\x38\x39\x2e\x32\x38\x33\x20\x38\x39\x2e\x32\x38\x33\x2d\
\x38\x39\x2e\x32\x38\x33\x2d\x35\x39\x2e\x35\x32\x32\x2d\x35\x39\
\x2e\x35\x32\x32\x2d\x38\x39\x2e\x32\x38\x33\x20\x38\x39\x2e\x32\
\x38\x33\x2d\x38\x39\x2e\x32\x38\x33\x2d\x38\x39\x2e\x32\x38\x33\
\x2d\x35\x39\x2e\x35\x32\x32\x20\x35\x39\x2e\x35\x32\x32\x20\x38\
\x39\x2e\x32\x38\x33\x20\x38\x39\x2e\x32\x38\x33\x7a\x22\x20\x66\
\x69\x6c\x6c\x3d\x22\x23\x35\x35\x35\x38\x35\x43\x22\x20\x73\x74\
\x72\x6f\x6b\x65\x2d\x77\x69\x64\x74\x68\x3d\x22\x31\x2e\x30\x35\
\x32\x32\x22\x20\x2f\x3e\x0a\x20\x20\x3c\x2f\x67\x3e\x0a\x3c\x2f\
\x73\x76\x67\x3e\x0a\
\x00\x00\x08\x83\
\x3c\
\x73\x76\x67\x20\x77\x69\x64\x74\x68\x3d\x22\x32\x34\x22\x20\x68\
\x65\x69\x67\x68\x74\x3d\x22\x32\x34\x22\x20\x76\x65\x72\x73\x69\
\x6f\x6e\x3d\x22\x31\x2e\x31\x22\x20\x76\x69\x65\x77\x42\x6f\x78\
\x3d\x22\x30\x20\x30\x20\x32\x34\x20\x32\x34\x22\x20\x78\x6d\x6c\
\x6e\x73\x3d\x22\x68\x74\x74\x70\x3a\x2f\x2f\x77\x77\x77\x2e\x77\
\x33\x2e\x6f\x72\x67\x2f\x32\x30\x30\x30\x2f\x73\x76\x67\x22\x3e\
\x0a\x20\x3c\x67\x20\x74\x72\x61\x6e\x73\x66\x6f\x72\x6d\x3d\x22\
\x74\x72\x61\x6e\x73\x6c\x61\x74\x65\x28\x2d\x30\x29\x20\x73\x63\
\x61\x6c\x65\x28\x2e\x30\x34\x36\x38\x37\x35\x29\x22\x20\x66\x69\
\x6c\x6c\x3d\x22\x6e\x6f\x6e\x65\x22\x20\x73\x74\x72\x6f\x6b\x65\
\x3d\x22\x23\x30\x30\x30\x22\x20\x73\x74\x72\x6f\x6b\x65\x2d\x6c\
\x69\x6e\x65\x63\x61\x70\x3d\x22\x72\x6f\x75\x6e\x64\x22\x20\x73\
\x74\x72\x6f\x6b\x65\x2d\x6c\x69\x6e\x65\x6a\x6f\x69\x6e\x3d\x22\
\x72\x6f\x75\x6e\x64\x22\x20\x73\x74\x72\x6f\x6b\x65\x2d\x77\x69\
\x64\x74\x68\x3d\x22\x33\x32\x22\x3e\x0a\x20\x20\x3c\x67\x20\x69\
\x64\x3d\x22\x61\x22\x20\x74\x72\x61\x6e\x73\x66\x6f\x72\x6d\x3d\
\x22\x6d\x61\x74\x72\x69\x78\x28\x2e\x37\x36\x31\x32\x34\x20\x30\
\x20\x30\x20\x2e\x37\x36\x31\x32\x34\x20\x32\x32\x36\x2e\x37\x34\
\x20\x2d\x34\x33\x33\x2e\x33\x36\x29\x22\x3e\x0a\x20\x20\x20\x3c\
\x67\x20\x69\x64\x3d\x22\x62\x22\x20\x74\x72\x61\x6e\x73\x66\x6f\
\x72\x6d\x3d\x22\x6d\x61\x74\x72\x69\x78\x28\x31\x2e\x35\x20\x30\
\x20\x30\x20\x31\x2e\x35\x20\x2d\x31\x31\x35\x37\x2e\x32\x20\x35\
\x32\x35\x2e\x37\x38\x29\x22\x3e\x0a\x20\x20\x20\x20\x3c\x67\x20\
\x69\x64\x3d\x22\x63\x22\x20\x74\x72\x61\x6e\x73\x66\x6f\x72\x6d\
\x3d\x22\x72\x6f\x74\x61\x74\x65\x28\x39\x30\x20\x39\x38\x38\x2e\
\x36\x36\x20\x34\x39\x32\x2e\x34\x36\x29\x22\x3e\x0a\x20\x20\x20\
\x20\x20\x3c\x70\x61\x74\x68\x20\x69\x64\x3d\x22\x64\x22\x20\x64\
\x3d\x22\x6d\x36\x32\x38\x2e\x39\x33\x20\x35\x32\x38\x2e\x36\x32\
\x63\x37\x2e\x35\x2d\x31\x32\x2e\x35\x20\x32\x35\x2d\x32\x37\x2e\
\x35\x20\x33\x37\x2e\x35\x2d\x32\x37\x2e\x35\x6c\x32\x37\x38\x2e\
\x36\x38\x20\x31\x36\x30\x2e\x38\x33\x63\x34\x2e\x31\x31\x36\x35\
\x20\x36\x2e\x36\x35\x38\x20\x31\x32\x2e\x34\x30\x37\x20\x32\x31\
\x2e\x30\x37\x39\x20\x35\x2e\x32\x39\x36\x34\x20\x34\x31\x2e\x35\
\x37\x6c\x2d\x32\x37\x33\x2e\x39\x38\x20\x31\x36\x32\x2e\x36\x63\
\x2d\x37\x2e\x35\x20\x32\x2e\x35\x2d\x34\x30\x20\x30\x2d\x35\x30\
\x2d\x32\x35\x7a\x22\x20\x66\x69\x6c\x6c\x3d\x22\x23\x34\x30\x34\
\x30\x34\x30\x22\x20\x66\x69\x6c\x6c\x2d\x72\x75\x6c\x65\x3d\x22\
\x65\x76\x65\x6e\x6f\x64\x64\x22\x20\x73\x74\x72\x6f\x6b\x65\x3d\
\x22\x23\x34\x30\x34\x30\x34\x30\x22\x20\x73\x74\x72\x6f\x6b\x65\
\x2d\x6c\x69\x6e\x65\x63\x61\x70\x3d\x22\x72\x6f\x75\x6e\x64\x22\
\x20\x73\x74\x72\x6f\x6b\x65\x2d\x6c\x69\x6e\x65\x6a\x6f\x69\x6e\
\x3d\x22\x72\x6f\x75\x6e\x64\x22\x20\x73\x74\x72\x6f\x6b\x65\x2d\
\x77\x69\x64\x74\x68\x3d\x22\x32\x22\x2f\x3e\x0a\x20\x20\x20\x20\
\x20\x3c\x67\x20\x69\x64\x3d\x22\x65\x22\x20\x74\x72\x61\x6e\x73\
\x66\x6f\x72\x6d\x3d\x22\x6d\x61\x74\x72\x69\x78\x28\x2e\x31\x39\
\x31\x31\x20\x2d\x2e\x33\x33\x31\x37\x32\x20\x2e\x31\x39\x31\x31\
\x20\x2e\x33\x33\x31\x37\x32\x20\x35\x33\x36\x2e\x35\x38\x20\x36\
\x38\x37\x2e\x31\x39\x29\x22\x20\x73\x74\x72\x6f\x6b\x65\x3d\x22\
\x23\x30\x30\x30\x22\x20\x73\x74\x72\x6f\x6b\x65\x2d\x77\x69\x64\
\x74\x68\x3d\x22\x39\x2e\x38\x33\x38\x32\x22\x3e\x0a\x20\x20\x20\
\x20\x20\x20\x3c\x70\x61\x74\x68\x20\x69\x64\x3d\x22\x66\x22\x20\
\x64\x3d\x22\x6d\x37\x31\x2e\x34\x35\x39\x20\x35\x35\x33\x2e\x35\
\x63\x2d\x33\x37\x2e\x33\x37\x39\x20\x30\x2d\x36\x37\x2e\x39\x35\
\x39\x2d\x33\x30\x2e\x35\x38\x31\x2d\x36\x37\x2e\x39\x35\x39\x2d\
\x36\x37\x2e\x39\x36\x76\x2d\x34\x31\x34\x2e\x30\x38\x63\x30\x2d\
\x33\x37\x2e\x33\x37\x37\x20\x33\x30\x2e\x35\x38\x31\x2d\x36\x37\
\x2e\x39\x35\x39\x20\x36\x37\x2e\x39\x35\x39\x2d\x36\x37\x2e\x39\
\x35\x39\x68\x34\x31\x34\x2e\x30\x38\x63\x33\x37\x2e\x33\x37\x38\
\x20\x30\x20\x36\x37\x2e\x39\x36\x20\x33\x30\x2e\x35\x38\x32\x20\
\x36\x37\x2e\x39\x36\x20\x36\x37\x2e\x39\x35\x39\x76\x34\x31\x34\
\x2e\x30\x38\x63\x30\x20\x33\x37\x2e\x33\x37\x39\x2d\x33\x30\x2e\
\x35\x38\x32\x20\x36\x37\x2e\x39\x36\x2d\x36\x37\x2e\x39\x36\x20\
\x36\x37\x2e\x39\x36\x7a\x22\x20\x66\x69\x6c\x6c\x3d\x22\x23\x64\
\x36\x38\x30\x36\x62\x22\x2f\x3e\x0a\x20\x20\x20\x20\x20\x20\x3c\
\x63\x69\x72\x63\x6c\x65\x20\x69\x64\x3d\x22\x67\x22\x20\x63\x78\
\x3d\x22\x32\x37\x38\x2e\x35\x22\x20\x63\x79\x3d\x22\x32\x37\x38\
\x2e\x35\x22\x20\x72\x3d\x22\x37\x37\x2e\x31\x30\x36\x22\x20\x66\
\x69\x6c\x6c\x3d\x22\x23\x30\x30\x30\x22\x2f\x3e\x0a\x20\x20\x20\
\x20\x20\x3c\x2f\x67\x3e\x0a\x20\x20\x20\x20\x20\x3c\x67\x20\x69\
\x64\x3d\x22\x68\x22\x20\x74\x72\x61\x6e\x73\x66\x6f\x72\x6d\x3d\
\x22\x6d\x61\x74\x72\x69\x78\x28\x2d\x2e\x33\x38\x32\x38\x33\x20\
\x2e\x30\x30\x30\x33\x36\x35\x33\x39\x20\x2e\x31\x39\x31\x37\x33\
\x20\x2d\x2e\x33\x33\x31\x33\x36\x20\x38\x35\x36\x2e\x39\x33\x20\
\x38\x36\x37\x2e\x33\x37\x29\x22\x20\x73\x74\x72\x6f\x6b\x65\x3d\
\x22\x23\x30\x30\x30\x22\x20\x73\x74\x72\x6f\x6b\x65\x2d\x77\x69\
\x64\x74\x68\x3d\x22\x39\x2e\x38\x33\x38\x32\x22\x3e\x0a\x20\x20\
\x20\x20\x20\x20\x3c\x70\x61\x74\x68\x20\x69\x64\x3d\x22\x69\x22\
\x20\x64\x3d\x22\x6d\x37\x31\x2e\x34\x35\x39\x20\x35\x35\x33\x2e\
\x35\x63\x2d\x33\x37\x2e\x33\x37\x39\x20\x30\x2d\x36\x37\x2e\x39\
\x35\x39\x2d\x33\x30\x2e\x35\x38\x31\x2d\x36\x37\x2e\x39\x35\x39\
\x2d\x36\x37\x2e\x39\x36\x76\x2d\x34\x31\x34\x2e\x30\x38\x63\x30\
\x2d\x33\x37\x2e\x33\x37\x37\x20\x33\x30\x2e\x35\x38\x31\x2d\x36\
\x37\x2e\x39\x35\x39\x20\x36\x37\x2e\x39\x35\x39\x2d\x36\x37\x2e\
\x39\x35\x39\x68\x34\x31\x34\x2e\x30\x38\x63\x33\x37\x2e\x33\x37\
\x38\x20\x30\x20\x36\x37\x2e\x39\x36\x20\x33\x30\x2e\x35\x38\x32\
\x20\x36\x37\x2e\x39\x36\x20\x36\x37\x2e\x39\x35\x39\x76\x34\x31\
\x34\x2e\x30\x38\x63\x30\x20\x33\x37\x2e\x33\x37\x39\x2d\x33\x30\
\x2e\x35\x38\x32\x20\x36\x37\x2e\x39\x36\x2d\x36\x37\x2e\x39\x36\
\x20\x36\x37\x2e\x39\x36\x7a\x22\x20\x66\x69\x6c\x6c\x3d\x22\x23\
\x37\x36\x64\x65\x39\x65\x22\x2f\x3e\x0a\x20\x20\x20\x20\x20\x20\
\x3c\x63\x69\x72\x63\x6c\x65\x20\x69\x64\x3d\x22\x6a\x22\x20\x63\
\x78\x3d\x22\x31\x38\x36\x2e\x34\x31\x22\x20\x63\x79\x3d\x22\x33\
\x38\x33\x2e\x36\x38\x22\x20\x72\x3d\x22\x37\x37\x2e\x31\x30\x36\
\x22\x20\x66\x69\x6c\x6c\x3d\x22\x23\x30\x30\x30\x22\x2f\x3e\x0a\
\x20\x20\x20\x20\x20\x20\x3c\x63\x69\x72\x63\x6c\x65\x20\x69\x64\
\x3d\x22\x6b\x22\x20\x63\x78\x3d\x22\x33\x37\x30\x2e\x35\x39\x22\
\x20\x63\x79\x3d\x22\x31\x37\x33\x2e\x33\x32\x22\x20\x72\x3d\x22\
\x37\x37\x2e\x31\x30\x35\x22\x20\x66\x69\x6c\x6c\x3d\x22\x23\x30\
\x30\x30\x22\x2f\x3e\x0a\x20\x20\x20\x20\x20\x3c\x2f\x67\x3e\x0a\
\x20\x20\x20\x20\x20\x3c\x67\x20\x69\x64\x3d\x22\x6c\x22\x20\x74\
\x72\x61\x6e\x73\x66\x6f\x72\x6d\x3d\x22\x6d\x61\x74\x72\x69\x78\
\x28\x2e\x31\x39\x31\x37\x33\x20\x2e\x33\x33\x31\x33\x36\x20\x2d\
\x2e\x33\x38\x32\x38\x33\x20\x2d\x2e\x30\x30\x30\x33\x36\x35\x33\
\x39\x20\x38\x35\x32\x2e\x37\x33\x20\x35\x30\x30\x2e\x34\x33\x29\
\x22\x20\x73\x74\x72\x6f\x6b\x65\x3d\x22\x23\x30\x30\x30\x22\x20\
\x73\x74\x72\x6f\x6b\x65\x2d\x77\x69\x64\x74\x68\x3d\x22\x39\x2e\
\x38\x33\x38\x32\x22\x3e\x0a\x20\x20\x20\x20\x20\x20\x3c\x70\x61\
\x74\x68\x20\x69\x64\x3d\x22\x6d\x22\x20\x64\x3d\x22\x6d\x37\x31\
\x2e\x34\x35\x39\x20\x35\x35\x33\x2e\x35\x63\x2d\x33\x37\x2e\x33\
\x37\x39\x20\x30\x2d\x36\x37\x2e\x39\x35\x39\x2d\x33\x30\x2e\x35\
\x38\x31\x2d\x36\x37\x2e\x39\x35\x39\x2d\x36\x37\x2e\x39\x36\x76\
\x2d\x34\x31\x34\x2e\x30\x38\x63\x30\x2d\x33\x37\x2e\x33\x37\x37\
\x20\x33\x30\x2e\x35\x38\x31\x2d\x36\x37\x2e\x39\x35\x39\x20\x36\
\x37\x2e\x39\x35\x39\x2d\x36\x37\x2e\x39\x35\x39\x68\x34\x31\x34\
\x2e\x30\x38\x63\x33\x37\x2e\x33\x37\x38\x20\x30\x20\x36\x37\x2e\
\x39\x36\x20\x33\x30\x2e\x35\x38\x32\x20\x36\x37\x2e\x39\x36\x20\
\x36\x37\x2e\x39\x35\x39\x76\x34\x31\x34\x2e\x30\x38\x63\x30\x20\
\x33\x37\x2e\x33\x37\x39\x2d\x33\x30\x2e\x35\x38\x32\x20\x36\x37\
\x2e\x39\x36\x2d\x36\x37\x2e\x39\x36\x20\x36\x37\x2e\x39\x36\x7a\
\x22\x20\x66\x69\x6c\x6c\x3d\x22\x23\x38\x62\x62\x31\x66\x34\x22\
\x2f\x3e\x0a\x20\x20\x20\x20\x20\x20\x3c\x63\x69\x72\x63\x6c\x65\
\x20\x69\x64\x3d\x22\x6e\x22\x20\x63\x78\x3d\x22\x31\x31\x37\x2e\
\x30\x33\x22\x20\x63\x79\x3d\x22\x34\x33\x39\x2e\x39\x37\x22\x20\
\x72\x3d\x22\x37\x37\x2e\x31\x30\x36\x22\x20\x66\x69\x6c\x6c\x3d\
\x22\x23\x30\x30\x30\x22\x2f\x3e\x0a\x20\x20\x20\x20\x20\x20\x3c\
\x63\x69\x72\x63\x6c\x65\x20\x69\x64\x3d\x22\x6f\x22\x20\x63\x78\
\x3d\x22\x34\x33\x39\x2e\x39\x37\x22\x20\x63\x79\x3d\x22\x31\x31\
\x37\x2e\x30\x33\x22\x20\x72\x3d\x22\x37\x37\x2e\x31\x30\x35\x22\
\x20\x66\x69\x6c\x6c\x3d\x22\x23\x30\x30\x30\x22\x2f\x3e\x0a\x20\
\x20\x20\x20\x20\x20\x3c\x63\x69\x72\x63\x6c\x65\x20\x69\x64\x3d\
\x22\x70\x22\x20\x63\x78\x3d\x22\x32\x37\x38\x2e\x35\x22\x20\x63\
\x79\x3d\x22\x32\x37\x38\x2e\x35\x22\x20\x72\x3d\x22\x37\x37\x2e\
\x31\x30\x36\x22\x20\x66\x69\x6c\x6c\x3d\x22\x23\x30\x30\x30\x22\
\x2f\x3e\x0a\x20\x20\x20\x20\x20\x3c\x2f\x67\x3e\x0a\x20\x20\x20\
\x20\x3c\x2f\x67\x3e\x0a\x20\x20\x20\x3c\x2f\x67\x3e\x0a\x20\x20\
\x3c\x2f\x67\x3e\x0a\x20\x3c\x2f\x67\x3e\x0a\x3c\x2f\x73\x76\x67\
\x3e\x0a\
\x00\x00\x04\xd5\
\x00\
\x00\x2c\x93\x78\x9c\xed\x9a\xdb\x56\xab\x38\x18\x80\xef\xf7\x53\
\x64\x31\x37\x7a\x41\x9a\x23\x24\x7b\xd9\x7d\x31\xf3\x24\x29\x62\
\x8b\xd2\x52\x01\xad\xfa\xf4\xf3\x73\xa8\x92\xdd\x20\xa8\x75\xf6\
\xd0\xd5\xb5\x5c\x4d\x81\xbf\x21\x87\xaf\xc9\xff\x15\xaf\x8a\xc7\
\x25\x7a\x5a\xa7\x9b\x62\xee\xad\xca\x72\xfb\x73\x36\xdb\xed\x76\
\x78\xc7\x71\x96\x2f\x67\x8c\x10\x32\x83\x08\x0f\xed\x92\xeb\x72\
\x35\xf7\x98\xf0\xd0\x2a\x4e\x96\xab\xb2\x79\xff\x18\xe7\x45\x92\
\x6d\xe6\x1e\xc5\x14\x8e\x92\x78\xf7\x77\xf6\x34\xf7\x08\x22\x88\
\x09\xf8\xf3\x7e\xfd\x40\xe8\x6a\x89\xca\xdc\x6c\x8a\x9b\x2c\x5f\
\xcf\xbd\xfa\x6d\x6a\xca\xf8\xc2\x27\x97\xa8\x88\x4c\x1a\x5f\x60\
\x22\x02\x15\xca\x4b\x0f\xdd\x24\x69\x3a\xf7\xfe\x92\x52\x2a\xf9\
\x8f\x87\x8a\x32\xcf\xee\x62\x3f\x4d\x36\x71\x64\xb6\x73\xaf\xb8\
\x7f\x30\x79\x6c\x9d\xbf\xcd\x12\xb8\xff\x22\x7e\x8c\xd3\xd7\xf3\
\xeb\xa4\x8c\xf3\x34\x81\x02\xda\x52\xb7\xa1\x6e\x45\x72\x3d\xf7\
\x8c\xd7\x6d\xcc\xda\x94\x79\xf2\x74\x01\xad\x47\x55\x9b\xab\xd2\
\x17\x58\x6a\x21\x91\x4f\x35\x66\x34\xb8\x6c\x3f\x0e\x15\x6c\x4d\
\xb9\xaa\xeb\x58\x78\x08\x5e\xd7\xa1\xc4\x52\x04\x88\x6a\x86\x69\
\x60\x98\xc6\x01\xa1\xa8\x2d\xea\xda\x7c\xfb\x5c\x7f\x84\x3b\xb0\
\x8e\x40\x63\x23\xda\xe2\xc5\x43\x51\x96\x66\xf9\xe1\x20\xb6\x53\
\x28\x3d\x34\x3b\xec\x52\xd4\x74\x49\x48\x5c\xf5\x9d\x06\x04\x93\
\x20\xf2\x69\x88\x03\xad\x11\xf1\x39\x74\x91\x30\x44\x05\x16\x84\
\xed\x8f\x9a\xc2\xa7\xb1\x0f\x83\xd0\x44\x36\x01\xf5\x15\xd4\x89\
\xda\x5f\x26\xaf\x9f\x81\xb8\xfd\xfb\x26\xa0\xaa\xa4\xbd\x9f\x6f\
\xdd\xc6\x2e\x5e\xd6\x04\xc9\x08\x02\xb4\x0e\x2b\xc8\xc2\xa6\x5d\
\xd5\x35\xb9\x3f\xda\x9f\xac\xdb\x55\x47\xfa\x9d\x00\xbf\x13\xe5\
\xef\x2b\x6a\x4f\x36\x71\x7c\x7f\xd4\x84\x34\x2d\x6b\x02\x9b\x7a\
\x7c\xeb\x46\xed\x91\x63\xe0\xdb\x71\xbe\x9a\x2d\x2d\x04\xaf\x07\
\x11\x84\xdb\x68\xa9\x91\xcf\x28\x56\x4c\xbb\x10\x8c\x9b\xf9\xa2\
\x52\x63\xaa\x11\xa3\x0a\x33\x3d\x71\x04\x6f\xda\x2e\x41\x25\xd0\
\x77\xaa\x02\xe8\xd9\x38\x04\x8b\x0e\x76\x3d\x85\x6f\x85\xf8\xd6\
\xc9\xaf\x82\x46\x1c\x94\xbd\x62\xb1\x3f\x72\x92\x26\x7d\x2b\xb6\
\x38\x0a\x5e\xcb\x41\xbc\x00\x2b\x0e\xcb\xb3\xcf\xa0\xfb\x82\xbb\
\xf0\x5a\x35\x73\xc1\x04\xc3\xaa\x5a\xc7\x21\x90\x4f\x1c\xaf\xa4\
\xed\x12\xe5\xb8\xda\x9a\x60\xa8\x39\x3f\x12\x5e\x5d\xb8\xba\x68\
\x75\x89\xea\xc7\xaa\x0b\x95\x1b\x29\xde\x45\xe1\x23\x40\xc1\xd5\
\x63\x2e\x5c\xb7\xc3\x64\xc1\x0c\x29\x85\xaa\x9a\x89\x0c\x5d\x64\
\xdd\x35\xd3\xc0\x59\x80\x05\x2c\x5c\x21\xc1\x72\xea\x7b\x67\xda\
\x92\xa5\x03\x0c\x7d\x67\x5c\x61\xd1\xb3\x77\x76\xb9\xaa\x6e\x7f\
\xb0\x69\x1e\x14\xd6\xc6\xe9\xe0\xac\xda\xe5\xa4\xb5\x71\xbe\xd1\
\x56\xbf\xf4\x02\xc7\xdf\x80\x6b\x2a\xf9\x3e\xe2\xba\x95\x8d\xa7\
\x6d\x3d\x48\x1b\x8c\x34\x91\xbc\xa1\xce\x09\xdb\xa6\xcd\x6a\x28\
\xc1\x14\xba\x04\x13\x14\x4e\x9c\xb5\xac\xfd\xfa\x28\xf8\xde\x40\
\x8f\x02\x81\x47\xa6\x69\xa3\x70\x2b\x7a\x28\x8b\xc8\x01\x61\xdf\
\xb4\xac\x15\xef\xc1\x15\x1d\x77\x39\xdb\x0e\xab\x00\x2c\x52\x14\
\x96\x33\xe8\x24\x53\xc2\x45\xd8\x7d\x4b\x98\xe6\x38\x54\x30\x64\
\xd5\x7e\x39\x71\xc4\xf2\xb6\x4b\xc0\x16\xf4\x9d\x69\x82\x43\xf1\
\x1b\x63\x5d\xc2\x9c\x7c\xbd\x19\x40\xfd\x52\xf4\xa4\xfd\x36\x57\
\xdf\x93\x89\xf5\xe7\xfb\xdd\x6c\xbf\x61\xd0\xe6\x8b\x5b\x1f\xfd\
\x28\x5d\x85\x8b\x2e\xac\x9a\x99\xaa\x4a\x85\x43\x58\x91\x90\xc6\
\x1a\xea\x75\xb1\x55\x5a\x9a\x29\xa1\x49\x72\xea\x39\xfe\x83\xa5\
\x99\x0c\x2c\x53\x7e\x22\xc7\xef\x2e\x5a\xd1\x90\x5a\x16\x7f\x84\
\x2d\xa7\x4b\x1e\x39\x1d\x7b\x1c\x22\x0c\xf2\xfb\x80\xd5\xc3\xa9\
\x42\xe7\x0f\x19\x3b\xcb\x22\xc3\x4a\x22\xa7\x9e\xe6\x3f\x59\x16\
\x29\x2a\x89\xa4\xaf\x84\xf1\xda\xe5\x3f\xf1\x63\x86\x73\xa3\xfc\
\x56\xab\x2c\xde\xb3\xc9\xe8\x3f\xd4\xc9\xe7\x21\xca\x04\xa4\x22\
\x14\xd2\x47\x0d\x5b\x9f\x73\x1d\x7b\xb1\x64\x92\x92\x13\x90\x49\
\x63\x2c\x9b\x0c\xc7\xcb\xe4\x44\xf2\xb0\x3f\xa1\x97\x66\x31\x84\
\x9a\x84\x7c\x8c\xa8\x6a\x5d\x53\xc4\x99\xf0\x9b\xc8\xd2\x4b\xca\
\x4f\x40\x2f\xcd\xb5\xe5\x97\xba\xd2\x4b\x19\xbd\x82\xf0\xfb\x92\
\x76\x76\xcc\x0f\x38\xa6\x89\x87\x90\xab\xbe\xda\xcd\x0c\x86\xa1\
\xd3\x00\xcc\x8d\x25\x99\x54\x4e\x5f\x32\xcd\xd2\xb2\x4c\xca\xce\
\x96\xf9\x85\x55\x6d\x35\x28\x02\x0a\x92\x14\xc8\x59\x05\x0e\xb9\
\xf3\xc7\x7e\x93\x58\x96\x49\xd5\x09\x58\xa6\xb9\xb5\x34\x93\xca\
\xb3\x66\x7e\x4a\x33\xcd\xdd\x48\xcf\x0c\x38\xa6\xd4\x49\x57\x6a\
\x79\x26\xaf\x86\x63\xf2\x7b\xe6\xda\x12\x4d\x4e\xce\xcf\x33\xbf\
\xef\x79\xa6\xd9\x8c\x14\xd1\x40\x61\xe2\x16\x51\x93\x59\x26\xca\
\xe5\x09\x3c\xcf\x34\x5b\x4b\x45\xab\x94\x74\xec\x03\xcd\xf1\xdb\
\x68\x8f\x83\x46\xfe\x41\xce\xf6\x3f\x7a\xce\xb9\x4f\x28\x8f\xc9\
\xe0\xfd\x48\x4d\x0d\x39\x26\x6e\x4d\x35\xb9\xe5\xa9\x5c\x9d\x82\
\xa7\x16\x96\xa7\x72\x79\x7e\xea\xf9\x71\xb4\xca\x91\x5a\x1a\xc2\
\xf2\xd6\xa3\xa5\x0f\x96\x96\x56\xaa\x30\x7d\x2d\x7d\xb4\xb4\x94\
\x87\xe7\xc7\x9e\xc7\x51\xd2\xdd\x48\x25\x05\x0b\xd0\x3d\x4a\xfa\
\x64\x29\xa9\xe0\x27\xa0\xa4\xcf\x96\x92\x0a\x72\x56\xd2\x2f\xac\
\x68\x2f\x23\x95\x54\x85\x58\xbb\x95\x74\x61\x2c\x25\x15\xc1\xd4\
\x94\xb4\x28\x9f\xd3\x78\xee\xf9\xc9\xe6\xae\x88\xcc\x36\xf6\x9b\
\x88\x9f\x9b\x6c\x13\x3b\x09\x5c\x2c\x2c\x61\x15\xfc\x2c\xac\xef\
\x0b\xeb\xa8\x11\x6e\xd1\xac\x8b\xab\xea\x5f\x8d\x7f\xfd\xf8\x17\
\x83\x1a\x78\x42\
\x00\x00\x05\x13\
\x3c\
\x73\x76\x67\x20\x78\x6d\x6c\x6e\x73\x3d\x22\x68\x74\x74\x70\x3a\
\x2f\x2f\x77\x77\x77\x2e\x77\x33\x2e\x6f\x72\x67\x2f\x32\x30\x30\
\x30\x2f\x73\x76\x67\x22\x20\x77\x69\x64\x74\x68\x3d\x22\x32\x34\
\x22\x20\x68\x65\x69\x67\x68\x74\x3d\x22\x32\x34\x22\x20\x76\x65\
\x72\x73\x69\x6f\x6e\x3d\x22\x31\x2e\x31\x22\x20\x76\x69\x65\x77\
\x42\x6f\x78\x3d\x22\x30\x20\x30\x20\x32\x34\x20\x32\x34\x22\x3e\
\x0a\x20\x20\x3c\x67\x20\x74\x72\x61\x6e\x73\x66\x6f\x72\x6d\x3d\
\x22\x74\x72\x61\x6e\x73\x6c\x61\x74\x65\x28\x2d\x30\x29\x20\x73\
\x63\x61\x6c\x65\x28\x2e\x30\x34\x36\x38\x37\x35\x29\x22\x3e\x0a\
\x20\x20\x20\x20\x3c\x64\x65\x66\x73\x20\x69\x64\x3d\x22\x62\x22\
\x3e\x0a\x20\x20\x20\x20\x20\x20\x3c\x63\x6c\x69\x70\x50\x61\x74\
\x68\x20\x69\x64\x3d\x22\x61\x22\x3e\x0a\x20\x20\x20\x20\x20\x20\
\x20\x20\x3c\x70\x61\x74\x68\x20\x69\x64\x3d\x22\x63\x22\x20\x74\
\x72\x61\x6e\x73\x66\x6f\x72\x6d\x3d\x22\x6d\x61\x74\x72\x69\x78\
\x28\x31\x20\x30\x20\x30\x20\x2d\x31\x20\x2d\x31\x30\x35\x2e\x33\
\x32\x20\x31\x33\x34\x32\x2e\x37\x29\x22\x20\x64\x3d\x22\x6d\x30\
\x20\x30\x68\x32\x30\x34\x38\x76\x32\x30\x34\x38\x68\x2d\x32\x30\
\x34\x38\x7a\x22\x20\x2f\x3e\x0a\x20\x20\x20\x20\x20\x20\x3c\x2f\
\x63\x6c\x69\x70\x50\x61\x74\x68\x3e\x0a\x20\x20\x20\x20\x3c\x2f\
\x64\x65\x66\x73\x3e\x0a\x20\x20\x20\x20\x3c\x67\x20\x69\x64\x3d\
\x22\x64\x22\x20\x74\x72\x61\x6e\x73\x66\x6f\x72\x6d\x3d\x22\x6d\
\x61\x74\x72\x69\x78\x28\x2e\x31\x38\x34\x39\x37\x20\x30\x20\x30\
\x20\x2e\x31\x38\x34\x39\x37\x20\x32\x2e\x36\x32\x39\x35\x20\x35\
\x36\x2e\x34\x32\x35\x29\x22\x3e\x0a\x20\x20\x20\x20\x20\x20\x3c\
\x70\x61\x74\x68\x20\x69\x64\x3d\x22\x65\x22\x20\x74\x72\x61\x6e\
\x73\x66\x6f\x72\x6d\x3d\x22\x6d\x61\x74\x72\x69\x78\x28\x31\x2e\
\x33\x33\x33\x33\x20\x30\x20\x30\x20\x31\x2e\x33\x33\x33\x33\x20\
\x31\x34\x30\x2e\x34\x33\x20\x39\x34\x30\x2e\x33\x35\x29\x22\x20\
\x64\x3d\x22\x6d\x30\x20\x32\x37\x33\x2e\x38\x63\x35\x33\x2e\x34\
\x34\x38\x2d\x31\x31\x31\x2e\x38\x37\x20\x31\x30\x35\x2e\x38\x33\
\x2d\x32\x36\x37\x2e\x37\x38\x20\x32\x33\x31\x2e\x33\x34\x2d\x32\
\x37\x33\x2e\x36\x31\x20\x31\x33\x37\x2e\x37\x38\x2d\x36\x2e\x33\
\x39\x33\x36\x20\x31\x37\x37\x2e\x38\x34\x20\x31\x34\x36\x2e\x37\
\x39\x20\x32\x33\x30\x2e\x35\x37\x20\x32\x36\x37\x2e\x38\x35\x20\
\x35\x32\x2e\x38\x31\x35\x20\x31\x32\x31\x2e\x32\x34\x20\x39\x34\
\x2e\x33\x38\x37\x20\x32\x37\x30\x2e\x37\x38\x20\x32\x33\x33\x2e\
\x36\x34\x20\x32\x37\x30\x2e\x38\x34\x20\x31\x33\x37\x20\x30\x2e\
\x30\x35\x36\x32\x20\x31\x38\x34\x2e\x33\x36\x2d\x31\x34\x35\x2e\
\x34\x36\x20\x32\x33\x32\x2e\x31\x37\x2d\x32\x36\x38\x2e\x32\x33\
\x20\x34\x37\x2e\x35\x32\x32\x2d\x31\x32\x32\x2e\x30\x32\x20\x39\
\x32\x2e\x35\x35\x35\x2d\x32\x36\x37\x2e\x36\x31\x20\x32\x32\x39\
\x2e\x35\x2d\x32\x37\x30\x2e\x35\x32\x20\x31\x33\x38\x2e\x32\x39\
\x2d\x32\x2e\x39\x33\x36\x32\x20\x31\x38\x38\x2e\x30\x31\x20\x31\
\x34\x34\x2e\x35\x38\x20\x32\x33\x34\x2e\x33\x32\x20\x32\x37\x30\
\x2e\x39\x20\x34\x36\x2e\x37\x32\x37\x20\x31\x32\x37\x2e\x34\x36\
\x20\x39\x37\x2e\x39\x31\x36\x20\x32\x37\x34\x2e\x31\x37\x20\x32\
\x33\x33\x2e\x33\x38\x20\x32\x36\x39\x2e\x32\x37\x20\x31\x33\x31\
\x2e\x37\x39\x2d\x34\x2e\x37\x37\x31\x34\x20\x31\x37\x33\x2e\x32\
\x32\x2d\x31\x34\x39\x2e\x39\x20\x32\x32\x38\x2e\x31\x31\x2d\x32\
\x36\x38\x2e\x34\x38\x22\x20\x63\x6c\x69\x70\x2d\x70\x61\x74\x68\
\x3d\x22\x75\x72\x6c\x28\x23\x61\x29\x22\x20\x66\x69\x6c\x6c\x3d\
\x22\x6e\x6f\x6e\x65\x22\x20\x73\x74\x72\x6f\x6b\x65\x3d\x22\x23\
\x45\x36\x45\x38\x45\x41\x22\x20\x73\x74\x72\x6f\x6b\x65\x2d\x77\
\x69\x64\x74\x68\x3d\x22\x31\x36\x32\x2e\x31\x39\x22\x20\x2f\x3e\
\x0a\x20\x20\x20\x20\x3c\x2f\x67\x3e\x0a\x20\x20\x20\x20\x3c\x67\
\x20\x69\x64\x3d\x22\x66\x22\x20\x74\x72\x61\x6e\x73\x66\x6f\x72\
\x6d\x3d\x22\x6d\x61\x74\x72\x69\x78\x28\x2e\x31\x37\x36\x37\x38\
\x20\x2e\x31\x37\x36\x37\x38\x20\x2d\x2e\x31\x37\x36\x37\x38\x20\
\x2e\x31\x37\x36\x37\x38\x20\x31\x35\x31\x2e\x32\x39\x20\x2d\x38\
\x32\x2e\x37\x39\x34\x29\x22\x20\x66\x69\x6c\x6c\x3d\x22\x23\x45\
\x36\x45\x38\x45\x41\x22\x20\x73\x74\x72\x6f\x6b\x65\x3d\x22\x23\
\x45\x36\x45\x38\x45\x41\x22\x20\x73\x74\x72\x6f\x6b\x65\x2d\x6c\
\x69\x6e\x65\x63\x61\x70\x3d\x22\x73\x71\x75\x61\x72\x65\x22\x20\
\x73\x74\x72\x6f\x6b\x65\x2d\x6d\x69\x74\x65\x72\x6c\x69\x6d\x69\
\x74\x3d\x22\x30\x22\x20\x73\x74\x72\x6f\x6b\x65\x2d\x77\x69\x64\
\x74\x68\x3d\x22\x38\x30\x22\x3e\x0a\x20\x20\x20\x20\x20\x20\x3c\
\x72\x65\x63\x74\x20\x69\x64\x3d\x22\x67\x22\x20\x74\x72\x61\x6e\
\x73\x66\x6f\x72\x6d\x3d\x22\x72\x6f\x74\x61\x74\x65\x28\x34\x35\
\x29\x22\x20\x78\x3d\x22\x37\x31\x31\x2e\x31\x35\x22\x20\x79\x3d\
\x22\x2d\x32\x36\x2e\x35\x31\x22\x20\x77\x69\x64\x74\x68\x3d\x22\
\x33\x33\x2e\x37\x30\x33\x22\x20\x68\x65\x69\x67\x68\x74\x3d\x22\
\x34\x36\x34\x2e\x35\x36\x22\x20\x72\x78\x3d\x22\x30\x22\x20\x72\
\x79\x3d\x22\x30\x22\x20\x2f\x3e\x0a\x20\x20\x20\x20\x20\x20\x3c\
\x72\x65\x63\x74\x20\x69\x64\x3d\x22\x68\x22\x20\x74\x72\x61\x6e\
\x73\x66\x6f\x72\x6d\x3d\x22\x72\x6f\x74\x61\x74\x65\x28\x31\x33\
\x35\x29\x22\x20\x78\x3d\x22\x31\x38\x38\x2e\x39\x32\x22\x20\x79\
\x3d\x22\x2d\x39\x36\x30\x2e\x32\x38\x22\x20\x77\x69\x64\x74\x68\
\x3d\x22\x33\x33\x2e\x37\x30\x33\x22\x20\x68\x65\x69\x67\x68\x74\
\x3d\x22\x34\x36\x34\x2e\x35\x36\x22\x20\x72\x78\x3d\x22\x30\x22\
\x20\x72\x79\x3d\x22\x30\x22\x20\x2f\x3e\x0a\x20\x20\x20\x20\x3c\
\x2f\x67\x3e\x0a\x20\x20\x3c\x2f\x67\x3e\x0a\x3c\x2f\x73\x76\x67\
\x3e\x0a\
\x00\x00\x02\x90\
\x3c\
\x73\x76\x67\x20\x78\x6d\x6c\x6e\x73\x3d\x22\x68\x74\x74\x70\x3a\
\x2f\x2f\x77\x77\x77\x2e\x77\x33\x2e\x6f\x72\x67\x2f\x32\x30\x30\
\x30\x2f\x73\x76\x67\x22\x20\x77\x69\x64\x74\x68\x3d\x22\x32\x34\
\x22\x20\x68\x65\x69\x67\x68\x74\x3d\x22\x32\x34\x22\x20\x76\x65\
\x72\x73\x69\x6f\x6e\x3d\x22\x31\x2e\x31\x22\x20\x76\x69\x65\x77\
\x42\x6f\x78\x3d\x22\x30\x20\x30\x20\x32\x34\x20\x32\x34\x22\x3e\
\x0a\x20\x20\x3c\x67\x20\x74\x72\x61\x6e\x73\x66\x6f\x72\x6d\x3d\
\x22\x74\x72\x61\x6e\x73\x6c\x61\x74\x65\x28\x2d\x30\x29\x20\x73\
\x63\x61\x6c\x65\x28\x2e\x30\x34\x36\x38\x37\x35\x29\x22\x3e\x0a\
\x20\x20\x20\x20\x3c\x67\x20\x69\x64\x3d\x22\x61\x22\x20\x74\x72\
\x61\x6e\x73\x66\x6f\x72\x6d\x3d\x22\x6d\x61\x74\x72\x69\x78\x28\
\x31\x2e\x31\x32\x35\x20\x30\x20\x30\x20\x31\x2e\x31\x32\x35\x20\
\x33\x35\x31\x2e\x36\x36\x20\x31\x37\x37\x2e\x37\x31\x29\x22\x20\
\x73\x74\x72\x6f\x6b\x65\x3d\x22\x23\x45\x36\x45\x38\x45\x41\x22\
\x3e\x0a\x20\x20\x20\x20\x20\x20\x3c\x67\x20\x69\x64\x3d\x22\x62\
\x22\x20\x74\x72\x61\x6e\x73\x66\x6f\x72\x6d\x3d\x22\x6d\x61\x74\
\x72\x69\x78\x28\x32\x35\x20\x30\x20\x30\x20\x32\x35\x20\x2d\x34\
\x36\x35\x2e\x39\x37\x20\x2d\x33\x31\x37\x2e\x39\x36\x29\x22\x20\
\x66\x69\x6c\x6c\x3d\x22\x23\x45\x36\x45\x38\x45\x41\x22\x20\x73\
\x74\x72\x6f\x6b\x65\x3d\x22\x23\x45\x36\x45\x38\x45\x41\x22\x20\
\x73\x74\x72\x6f\x6b\x65\x2d\x6c\x69\x6e\x65\x63\x61\x70\x3d\x22\
\x73\x71\x75\x61\x72\x65\x22\x20\x73\x74\x72\x6f\x6b\x65\x2d\x6d\
\x69\x74\x65\x72\x6c\x69\x6d\x69\x74\x3d\x22\x30\x22\x20\x73\x74\
\x72\x6f\x6b\x65\x2d\x77\x69\x64\x74\x68\x3d\x22\x2e\x32\x31\x32\
\x33\x34\x22\x3e\x0a\x20\x20\x20\x20\x20\x20\x20\x20\x3c\x72\x65\
\x63\x74\x20\x69\x64\x3d\x22\x63\x22\x20\x74\x72\x61\x6e\x73\x66\
\x6f\x72\x6d\x3d\x22\x72\x6f\x74\x61\x74\x65\x28\x34\x35\x29\x22\
\x20\x78\x3d\x22\x32\x31\x2e\x32\x33\x39\x22\x20\x79\x3d\x22\x2d\
\x38\x2e\x30\x39\x34\x39\x22\x20\x77\x69\x64\x74\x68\x3d\x22\x31\
\x2e\x31\x39\x38\x33\x22\x20\x68\x65\x69\x67\x68\x74\x3d\x22\x31\
\x36\x2e\x35\x31\x38\x22\x20\x72\x78\x3d\x22\x30\x22\x20\x72\x79\
\x3d\x22\x30\x22\x20\x2f\x3e\x0a\x20\x20\x20\x20\x20\x20\x20\x20\
\x3c\x72\x65\x63\x74\x20\x69\x64\x3d\x22\x64\x22\x20\x74\x72\x61\
\x6e\x73\x66\x6f\x72\x6d\x3d\x22\x72\x6f\x74\x61\x74\x65\x28\x31\
\x33\x35\x29\x22\x20\x78\x3d\x22\x2d\x2e\x34\x33\x35\x33\x31\x22\
\x20\x79\x3d\x22\x2d\x33\x30\x2e\x30\x39\x37\x22\x20\x77\x69\x64\
\x74\x68\x3d\x22\x31\x2e\x31\x39\x38\x33\x22\x20\x68\x65\x69\x67\
\x68\x74\x3d\x22\x31\x36\x2e\x35\x31\x38\x22\x20\x72\x78\x3d\x22\
\x30\x22\x20\x72\x79\x3d\x22\x30\x22\x20\x2f\x3e\x0a\x20\x20\x20\
\x20\x20\x20\x3c\x2f\x67\x3e\x0a\x20\x20\x20\x20\x3c\x2f\x67\x3e\
\x0a\x20\x20\x3c\x2f\x67\x3e\x0a\x3c\x2f\x73\x76\x67\x3e\x0a\
\x00\x00\x05\xae\
\x3c\
\x73\x76\x67\x20\x78\x6d\x6c\x6e\x73\x3d\x22\x68\x74\x74\x70\x3a\
\x2f\x2f\x77\x77\x77\x2e\x77\x33\x2e\x6f\x72\x67\x2f\x32\x30\x30\
\x30\x2f\x73\x76\x67\x22\x20\x77\x69\x64\x74\x68\x3d\x22\x32\x34\
\x22\x20\x68\x65\x69\x67\x68\x74\x3d\x22\x32\x34\x22\x20\x76\x65\
\x72\x73\x69\x6f\x6e\x3d\x22\x31\x2e\x31\x22\x20\x76\x69\x65\x77\
\x42\x6f\x78\x3d\x22\x30\x20\x30\x20\x32\x34\x20\x32\x34\x22\x3e\
\x0a\x20\x20\x3c\x67\x20\x74\x72\x61\x6e\x73\x66\x6f\x72\x6d\x3d\
\x22\x74\x72\x61\x6e\x73\x6c\x61\x74\x65\x28\x2d\x30\x29\x20\x73\
\x63\x61\x6c\x65\x28\x2e\x30\x34\x36\x38\x37\x35\x29\x22\x3e\x0a\
\x20\x20\x20\x20\x3c\x64\x65\x66\x73\x20\x69\x64\x3d\x22\x62\x22\
\x3e\x0a\x20\x20\x20\x20\x20\x20\x3c\x63\x6c\x69\x70\x50\x61\x74\
\x68\x20\x69\x64\x3d\x22\x61\x22\x3e\x0a\x20\x20\x20\x20\x20\x20\
\x20\x20\x3c\x70\x61\x74\x68\x20\x69\x64\x3d\x22\x63\x22\x20\x74\
\x72\x61\x6e\x73\x66\x6f\x72\x6d\x3d\x22\x6d\x61\x74\x72\x69\x78\
\x28\x31\x20\x30\x20\x30\x20\x2d\x31\x20\x2d\x34\x35\x36\x2e\x33\
\x37\x20\x31\x35\x38\x33\x2e\x39\x29\x22\x20\x64\x3d\x22\x6d\x34\
\x32\x30\x2e\x33\x37\x20\x34\x31\x32\x2e\x31\x34\x68\x31\x32\x30\
\x37\x2e\x37\x76\x31\x32\x30\x37\x2e\x37\x68\x2d\x31\x32\x30\x37\
\x2e\x37\x7a\x22\x20\x2f\x3e\x0a\x20\x20\x20\x20\x20\x20\x3c\x2f\
\x63\x6c\x69\x70\x50\x61\x74\x68\x3e\x0a\x20\x20\x20\x20\x3c\x2f\
\x64\x65\x66\x73\x3e\x0a\x20\x20\x20\x20\x3c\x72\x65\x63\x74\x20\
\x69\x64\x3d\x22\x64\x22\x20\x78\x3d\x22\x32\x33\x32\x2e\x33\x22\
\x20\x79\x3d\x22\x39\x2e\x32\x35\x30\x34\x22\x20\x77\x69\x64\x74\
\x68\x3d\x22\x34\x39\x2e\x31\x30\x31\x22\x20\x68\x65\x69\x67\x68\
\x74\x3d\x22\x31\x35\x37\x2e\x37\x37\x22\x20\x66\x69\x6c\x6c\x3d\
\x22\x23\x45\x36\x45\x38\x45\x41\x22\x20\x73\x74\x72\x6f\x6b\x65\
\x2d\x6d\x69\x74\x65\x72\x6c\x69\x6d\x69\x74\x3d\x22\x30\x22\x20\
\x73\x74\x72\x6f\x6b\x65\x2d\x77\x69\x64\x74\x68\x3d\x22\x30\x22\
\x20\x73\x74\x79\x6c\x65\x3d\x22\x70\x61\x69\x6e\x74\x2d\x6f\x72\
\x64\x65\x72\x3a\x73\x74\x72\x6f\x6b\x65\x20\x66\x69\x6c\x6c\x20\
\x6d\x61\x72\x6b\x65\x72\x73\x22\x20\x2f\x3e\x0a\x20\x20\x20\x20\
\x3c\x67\x20\x69\x64\x3d\x22\x65\x22\x20\x74\x72\x61\x6e\x73\x66\
\x6f\x72\x6d\x3d\x22\x6d\x61\x74\x72\x69\x78\x28\x2d\x2e\x32\x35\
\x20\x30\x20\x30\x20\x2d\x2e\x32\x35\x20\x33\x33\x34\x38\x2e\x39\
\x20\x36\x30\x33\x2e\x38\x39\x29\x22\x20\x73\x74\x72\x6f\x6b\x65\
\x2d\x77\x69\x64\x74\x68\x3d\x22\x31\x32\x30\x22\x3e\x0a\x20\x20\
\x20\x20\x20\x20\x3c\x70\x61\x74\x68\x20\x69\x64\x3d\x22\x66\x22\
\x20\x74\x72\x61\x6e\x73\x66\x6f\x72\x6d\x3d\x22\x6d\x61\x74\x72\
\x69\x78\x28\x31\x2e\x33\x33\x33\x33\x20\x30\x20\x30\x20\x31\x2e\
\x33\x33\x33\x33\x20\x31\x31\x36\x31\x31\x20\x36\x31\x38\x2e\x38\
\x33\x29\x22\x20\x64\x3d\x22\x6d\x39\x36\x39\x2e\x34\x31\x20\x31\
\x36\x36\x2e\x33\x33\x63\x32\x32\x31\x2e\x37\x37\x20\x32\x32\x31\
\x2e\x37\x37\x20\x32\x32\x31\x2e\x37\x37\x20\x35\x38\x31\x2e\x33\
\x32\x20\x30\x20\x38\x30\x33\x2e\x30\x39\x2d\x32\x32\x31\x2e\x37\
\x37\x20\x32\x32\x31\x2e\x37\x37\x2d\x35\x38\x31\x2e\x33\x32\x20\
\x32\x32\x31\x2e\x37\x37\x2d\x38\x30\x33\x2e\x30\x39\x20\x30\x2d\
\x32\x32\x31\x2e\x37\x37\x2d\x32\x32\x31\x2e\x37\x37\x2d\x32\x32\
\x31\x2e\x37\x37\x2d\x35\x38\x31\x2e\x33\x32\x20\x30\x2d\x38\x30\
\x33\x2e\x30\x39\x20\x32\x32\x31\x2e\x37\x37\x2d\x32\x32\x31\x2e\
\x37\x37\x20\x35\x38\x31\x2e\x33\x32\x2d\x32\x32\x31\x2e\x37\x37\
\x20\x38\x30\x33\x2e\x30\x39\x20\x30\x7a\x22\x20\x63\x6c\x69\x70\
\x2d\x70\x61\x74\x68\x3d\x22\x75\x72\x6c\x28\x23\x61\x29\x22\x20\
\x66\x69\x6c\x6c\x3d\x22\x6e\x6f\x6e\x65\x22\x20\x73\x74\x72\x6f\
\x6b\x65\x3d\x22\x23\x45\x36\x45\x38\x45\x41\x22\x20\x73\x74\x72\
\x6f\x6b\x65\x2d\x77\x69\x64\x74\x68\x3d\x22\x39\x30\x22\x20\x2f\
\x3e\x0a\x20\x20\x20\x20\x3c\x2f\x67\x3e\x0a\x20\x20\x20\x20\x3c\
\x72\x65\x63\x74\x20\x69\x64\x3d\x22\x67\x22\x20\x78\x3d\x22\x32\
\x33\x32\x2e\x33\x22\x20\x79\x3d\x22\x33\x34\x33\x2e\x32\x35\x22\
\x20\x77\x69\x64\x74\x68\x3d\x22\x34\x39\x2e\x31\x30\x31\x22\x20\
\x68\x65\x69\x67\x68\x74\x3d\x22\x31\x35\x37\x2e\x37\x37\x22\x20\
\x66\x69\x6c\x6c\x3d\x22\x23\x45\x36\x45\x38\x45\x41\x22\x20\x73\
\x74\x72\x6f\x6b\x65\x2d\x6d\x69\x74\x65\x72\x6c\x69\x6d\x69\x74\
\x3d\x22\x30\x22\x20\x73\x74\x72\x6f\x6b\x65\x2d\x77\x69\x64\x74\
\x68\x3d\x22\x30\x22\x20\x73\x74\x79\x6c\x65\x3d\x22\x70\x61\x69\
\x6e\x74\x2d\x6f\x72\x64\x65\x72\x3a\x73\x74\x72\x6f\x6b\x65\x20\
\x66\x69\x6c\x6c\x20\x6d\x61\x72\x6b\x65\x72\x73\x22\x20\x2f\x3e\
\x0a\x20\x20\x20\x20\x3c\x72\x65\x63\x74\x20\x69\x64\x3d\x22\x68\
\x22\x20\x74\x72\x61\x6e\x73\x66\x6f\x72\x6d\x3d\x22\x72\x6f\x74\
\x61\x74\x65\x28\x39\x30\x29\x22\x20\x78\x3d\x22\x32\x33\x30\x2e\
\x35\x39\x22\x20\x79\x3d\x22\x2d\x35\x30\x32\x2e\x37\x34\x22\x20\
\x77\x69\x64\x74\x68\x3d\x22\x34\x39\x2e\x31\x30\x31\x22\x20\x68\
\x65\x69\x67\x68\x74\x3d\x22\x31\x35\x37\x2e\x37\x37\x22\x20\x66\
\x69\x6c\x6c\x3d\x22\x23\x45\x36\x45\x38\x45\x41\x22\x20\x73\x74\
\x72\x6f\x6b\x65\x2d\x6d\x69\x74\x65\x72\x6c\x69\x6d\x69\x74\x3d\
\x22\x30\x22\x20\x73\x74\x72\x6f\x6b\x65\x2d\x77\x69\x64\x74\x68\
\x3d\x22\x30\x22\x20\x73\x74\x79\x6c\x65\x3d\x22\x70\x61\x69\x6e\
\x74\x2d\x6f\x72\x64\x65\x72\x3a\x73\x74\x72\x6f\x6b\x65\x20\x66\
\x69\x6c\x6c\x20\x6d\x61\x72\x6b\x65\x72\x73\x22\x20\x2f\x3e\x0a\
\x20\x20\x20\x20\x3c\x72\x65\x63\x74\x20\x69\x64\x3d\x22\x69\x22\
\x20\x74\x72\x61\x6e\x73\x66\x6f\x72\x6d\x3d\x22\x72\x6f\x74\x61\
\x74\x65\x28\x39\x30\x29\x22\x20\x78\x3d\x22\x32\x33\x30\x2e\x35\
\x39\x22\x20\x79\x3d\x22\x2d\x31\x36\x38\x2e\x37\x34\x22\x20\x77\
\x69\x64\x74\x68\x3d\x22\x34\x39\x2e\x31\x30\x31\x22\x20\x68\x65\
\x69\x67\x68\x74\x3d\x22\x31\x35\x37\x2e\x37\x37\x22\x20\x66\x69\
\x6c\x6c\x3d\x22\x23\x45\x36\x45\x38\x45\x41\x22\x20\x73\x74\x72\
\x6f\x6b\x65\x2d\x6d\x69\x74\x65\x72\x6c\x69\x6d\x69\x74\x3d\x22\
\x30\x22\x20\x73\x74\x72\x6f\x6b\x65\x2d\x77\x69\x64\x74\x68\x3d\
\x22\x30\x22\x20\x73\x74\x79\x6c\x65\x3d\x22\x70\x61\x69\x6e\x74\
\x2d\x6f\x72\x64\x65\x72\x3a\x73\x74\x72\x6f\x6b\x65\x20\x66\x69\
\x6c\x6c\x20\x6d\x61\x72\x6b\x65\x72\x73\x22\x20\x2f\x3e\x0a\x20\
\x20\x3c\x2f\x67\x3e\x0a\x3c\x2f\x73\x76\x67\x3e\x0a\
\x00\x00\x06\xa9\
\x3c\
\x73\x76\x67\x20\x78\x6d\x6c\x6e\x73\x3d\x22\x68\x74\x74\x70\x3a\
\x2f\x2f\x77\x77\x77\x2e\x77\x33\x2e\x6f\x72\x67\x2f\x32\x30\x30\
\x30\x2f\x73\x76\x67\x22\x20\x77\x69\x64\x74\x68\x3d\x22\x32\x34\
\x22\x20\x68\x65\x69\x67\x68\x74\x3d\x22\x32\x34\x22\x20\x76\x65\
\x72\x73\x69\x6f\x6e\x3d\x22\x31\x2e\x31\x22\x20\x76\x69\x65\x77\
\x42\x6f\x78\x3d\x22\x30\x20\x30\x20\x32\x34\x20\x32\x34\x22\x3e\
\x0a\x20\x20\x3c\x67\x20\x74\x72\x61\x6e\x73\x66\x6f\x72\x6d\x3d\
\x22\x74\x72\x61\x6e\x73\x6c\x61\x74\x65\x28\x2d\x30\x29\x20\x73\
\x63\x61\x6c\x65\x28\x2e\x30\x34\x36\x38\x37\x35\x29\x22\x3e\x0a\
\x20\x20\x20\x20\x3c\x67\x20\x69\x64\x3d\x22\x61\x22\x20\x74\x72\
\x61\x6e\x73\x66\x6f\x72\x6d\x3d\x22\x6d\x61\x74\x72\x69\x78\x28\
\x2e\x31\x39\x30\x33\x36\x20\x30\x20\x30\x20\x2e\x31\x39\x30\x33\
\x36\x20\x32\x35\x32\x2e\x38\x36\x20\x31\x39\x31\x2e\x33\x38\x29\
\x22\x20\x66\x69\x6c\x6c\x3d\x22\x23\x45\x36\x45\x38\x45\x41\x22\
\x3e\x0a\x20\x20\x20\x20\x20\x20\x3c\x70\x61\x74\x68\x20\x69\x64\
\x3d\x22\x62\x22\x20\x64\x3d\x22\x6d\x39\x30\x34\x2e\x30\x38\x20\
\x38\x30\x2e\x37\x34\x39\x68\x2d\x32\x30\x37\x2e\x32\x33\x63\x2d\
\x34\x33\x2e\x32\x37\x37\x2d\x31\x34\x36\x2e\x34\x37\x2d\x31\x32\
\x35\x2e\x36\x37\x2d\x32\x36\x36\x2e\x33\x31\x2d\x32\x34\x37\x2e\
\x31\x37\x2d\x33\x35\x39\x2e\x35\x32\x2d\x31\x32\x31\x2e\x35\x31\
\x2d\x39\x33\x2e\x32\x31\x31\x2d\x32\x36\x32\x2e\x31\x35\x2d\x31\
\x33\x39\x2e\x38\x32\x2d\x34\x32\x31\x2e\x39\x34\x2d\x31\x33\x39\
\x2e\x38\x32\x2d\x31\x39\x34\x2e\x37\x34\x20\x30\x2d\x33\x35\x39\
\x2e\x39\x34\x20\x36\x37\x2e\x38\x32\x37\x2d\x34\x39\x35\x2e\x36\
\x20\x32\x30\x33\x2e\x34\x38\x2d\x31\x33\x35\x2e\x36\x35\x20\x31\
\x33\x35\x2e\x36\x35\x2d\x32\x30\x33\x2e\x34\x38\x20\x33\x30\x30\
\x2e\x38\x35\x2d\x32\x30\x33\x2e\x34\x38\x20\x34\x39\x35\x2e\x36\
\x20\x30\x20\x31\x31\x39\x2e\x38\x34\x20\x32\x37\x2e\x30\x34\x38\
\x20\x32\x32\x39\x2e\x37\x20\x38\x31\x2e\x31\x34\x33\x20\x33\x32\
\x39\x2e\x35\x37\x20\x35\x34\x2e\x30\x39\x35\x20\x39\x39\x2e\x38\
\x36\x37\x20\x31\x32\x36\x2e\x39\x32\x20\x31\x38\x31\x2e\x34\x33\
\x20\x32\x31\x38\x2e\x34\x36\x20\x32\x34\x34\x2e\x36\x38\x76\x2d\
\x32\x37\x34\x2e\x36\x34\x68\x31\x39\x39\x2e\x37\x34\x76\x35\x39\
\x39\x2e\x32\x31\x68\x2d\x35\x39\x39\x2e\x32\x31\x76\x2d\x31\x39\
\x39\x2e\x37\x34\x68\x32\x33\x34\x2e\x36\x39\x63\x2d\x31\x30\x33\
\x2e\x32\x2d\x38\x33\x2e\x32\x32\x34\x2d\x31\x38\x34\x2e\x37\x36\
\x2d\x31\x38\x35\x2e\x31\x37\x2d\x32\x34\x34\x2e\x36\x38\x2d\x33\
\x30\x35\x2e\x38\x35\x2d\x35\x39\x2e\x39\x32\x31\x2d\x31\x32\x30\
\x2e\x36\x37\x2d\x38\x39\x2e\x38\x38\x32\x2d\x32\x35\x31\x2e\x37\
\x35\x2d\x38\x39\x2e\x38\x38\x32\x2d\x33\x39\x33\x2e\x32\x33\x20\
\x30\x2d\x31\x32\x34\x2e\x38\x34\x20\x32\x33\x2e\x37\x31\x39\x2d\
\x32\x34\x31\x2e\x37\x36\x20\x37\x31\x2e\x31\x35\x36\x2d\x33\x35\
\x30\x2e\x37\x39\x20\x34\x37\x2e\x34\x33\x37\x2d\x31\x30\x39\x2e\
\x30\x32\x20\x31\x31\x31\x2e\x35\x32\x2d\x32\x30\x33\x2e\x39\x20\
\x31\x39\x32\x2e\x32\x35\x2d\x32\x38\x34\x2e\x36\x33\x20\x38\x30\
\x2e\x37\x32\x37\x2d\x38\x30\x2e\x37\x32\x36\x20\x31\x37\x35\x2e\
\x36\x2d\x31\x34\x34\x2e\x38\x31\x20\x32\x38\x34\x2e\x36\x32\x2d\
\x31\x39\x32\x2e\x32\x34\x20\x31\x30\x39\x2e\x30\x32\x2d\x34\x37\
\x2e\x34\x33\x38\x20\x32\x32\x35\x2e\x39\x35\x2d\x37\x31\x2e\x31\
\x35\x36\x20\x33\x35\x30\x2e\x37\x39\x2d\x37\x31\x2e\x31\x35\x36\
\x20\x32\x31\x34\x2e\x37\x32\x20\x30\x20\x34\x30\x33\x2e\x32\x32\
\x20\x36\x36\x2e\x31\x36\x33\x20\x35\x36\x35\x2e\x35\x20\x31\x39\
\x38\x2e\x34\x39\x20\x31\x36\x32\x2e\x32\x39\x20\x31\x33\x32\x2e\
\x33\x33\x20\x32\x36\x35\x2e\x39\x20\x32\x39\x39\x2e\x31\x39\x20\
\x33\x31\x30\x2e\x38\x34\x20\x35\x30\x30\x2e\x35\x39\x7a\x22\x20\
\x73\x74\x72\x6f\x6b\x65\x2d\x77\x69\x64\x74\x68\x3d\x22\x32\x2e\
\x34\x39\x36\x37\x22\x20\x2f\x3e\x0a\x20\x20\x20\x20\x20\x20\x3c\
\x67\x20\x69\x64\x3d\x22\x63\x22\x20\x74\x72\x61\x6e\x73\x66\x6f\
\x72\x6d\x3d\x22\x74\x72\x61\x6e\x73\x6c\x61\x74\x65\x28\x36\x31\
\x2e\x31\x37\x20\x2d\x39\x2e\x30\x35\x37\x32\x29\x22\x20\x73\x74\
\x72\x6f\x6b\x65\x2d\x6c\x69\x6e\x65\x63\x61\x70\x3d\x22\x72\x6f\
\x75\x6e\x64\x22\x20\x73\x74\x72\x6f\x6b\x65\x2d\x6c\x69\x6e\x65\
\x6a\x6f\x69\x6e\x3d\x22\x72\x6f\x75\x6e\x64\x22\x20\x73\x74\x72\
\x6f\x6b\x65\x2d\x6d\x69\x74\x65\x72\x6c\x69\x6d\x69\x74\x3d\x22\
\x30\x22\x20\x73\x74\x72\x6f\x6b\x65\x2d\x77\x69\x64\x74\x68\x3d\
\x22\x30\x22\x20\x73\x74\x79\x6c\x65\x3d\x22\x70\x61\x69\x6e\x74\
\x2d\x6f\x72\x64\x65\x72\x3a\x66\x69\x6c\x6c\x20\x6d\x61\x72\x6b\
\x65\x72\x73\x20\x73\x74\x72\x6f\x6b\x65\x22\x20\x61\x72\x69\x61\
\x2d\x6c\x61\x62\x65\x6c\x3d\x22\x30\x22\x3e\x0a\x20\x20\x20\x20\
\x20\x20\x20\x20\x3c\x70\x61\x74\x68\x20\x69\x64\x3d\x22\x64\x22\
\x20\x64\x3d\x22\x6d\x34\x32\x33\x2e\x37\x32\x20\x32\x32\x31\x2e\
\x36\x34\x71\x31\x35\x34\x2e\x33\x34\x20\x30\x20\x32\x34\x31\x2e\
\x32\x39\x20\x31\x31\x30\x2e\x31\x34\x20\x31\x30\x33\x2e\x36\x31\
\x20\x31\x33\x30\x2e\x34\x32\x20\x31\x30\x33\x2e\x36\x31\x20\x34\
\x33\x32\x2e\x35\x37\x20\x30\x20\x33\x30\x31\x2e\x34\x33\x2d\x31\
\x30\x34\x2e\x33\x34\x20\x34\x33\x33\x2e\x33\x2d\x38\x36\x2e\x32\
\x32\x35\x20\x31\x30\x38\x2e\x36\x39\x2d\x32\x34\x30\x2e\x35\x36\
\x20\x31\x30\x38\x2e\x36\x39\x2d\x31\x35\x35\x2e\x30\x36\x20\x30\
\x2d\x32\x34\x39\x2e\x39\x38\x2d\x31\x31\x38\x2e\x38\x33\x2d\x39\
\x34\x2e\x39\x32\x2d\x31\x31\x39\x2e\x35\x36\x2d\x39\x34\x2e\x39\
\x32\x2d\x34\x32\x35\x2e\x33\x33\x20\x30\x2d\x32\x39\x39\x2e\x39\
\x38\x20\x31\x30\x34\x2e\x33\x34\x2d\x34\x33\x31\x2e\x38\x35\x20\
\x38\x36\x2e\x32\x32\x35\x2d\x31\x30\x38\x2e\x36\x39\x20\x32\x34\
\x30\x2e\x35\x36\x2d\x31\x30\x38\x2e\x36\x39\x7a\x6d\x30\x20\x31\
\x36\x38\x2e\x38\x33\x71\x2d\x33\x36\x2e\x39\x35\x34\x20\x30\x2d\
\x36\x35\x2e\x39\x33\x37\x20\x32\x33\x2e\x39\x31\x31\x2d\x32\x38\
\x2e\x39\x38\x33\x20\x32\x33\x2e\x31\x38\x37\x2d\x34\x34\x2e\x39\
\x32\x34\x20\x38\x34\x2e\x30\x35\x31\x2d\x32\x31\x2e\x30\x31\x33\
\x20\x37\x38\x2e\x39\x37\x39\x2d\x32\x31\x2e\x30\x31\x33\x20\x32\
\x36\x35\x2e\x39\x32\x74\x31\x38\x2e\x38\x33\x39\x20\x32\x35\x37\
\x2e\x32\x33\x71\x31\x38\x2e\x38\x33\x39\x20\x36\x39\x2e\x35\x36\
\x20\x34\x37\x2e\x30\x39\x38\x20\x39\x32\x2e\x37\x34\x36\x20\x32\
\x38\x2e\x39\x38\x33\x20\x32\x33\x2e\x31\x38\x37\x20\x36\x35\x2e\
\x39\x33\x37\x20\x32\x33\x2e\x31\x38\x37\x20\x33\x36\x2e\x39\x35\
\x34\x20\x30\x20\x36\x35\x2e\x39\x33\x37\x2d\x32\x33\x2e\x31\x38\
\x37\x20\x32\x38\x2e\x39\x38\x33\x2d\x32\x33\x2e\x39\x31\x31\x20\
\x34\x34\x2e\x39\x32\x34\x2d\x38\x34\x2e\x37\x37\x36\x20\x32\x31\
\x2e\x30\x31\x33\x2d\x37\x38\x2e\x32\x35\x35\x20\x32\x31\x2e\x30\
\x31\x33\x2d\x32\x36\x35\x2e\x32\x74\x2d\x31\x38\x2e\x38\x33\x39\
\x2d\x32\x35\x36\x2e\x35\x71\x2d\x31\x38\x2e\x38\x33\x39\x2d\x37\
\x30\x2e\x32\x38\x34\x2d\x34\x37\x2e\x38\x32\x32\x2d\x39\x33\x2e\
\x34\x37\x31\x2d\x32\x38\x2e\x32\x35\x39\x2d\x32\x33\x2e\x39\x31\
\x31\x2d\x36\x35\x2e\x32\x31\x32\x2d\x32\x33\x2e\x39\x31\x31\x7a\
\x22\x20\x73\x74\x72\x6f\x6b\x65\x3d\x22\x23\x45\x36\x45\x38\x45\
\x41\x22\x20\x2f\x3e\x0a\x20\x20\x20\x20\x20\x20\x3c\x2f\x67\x3e\
\x0a\x20\x20\x20\x20\x3c\x2f\x67\x3e\x0a\x20\x20\x3c\x2f\x67\x3e\
\x0a\x3c\x2f\x73\x76\x67\x3e\x0a\
\x00\x00\x06\xb2\
\x3c\
\x73\x76\x67\x20\x78\x6d\x6c\x6e\x73\x3d\x22\x68\x74\x74\x70\x3a\
\x2f\x2f\x77\x77\x77\x2e\x77\x33\x2e\x6f\x72\x67\x2f\x32\x30\x30\
\x30\x2f\x73\x76\x67\x22\x20\x77\x69\x64\x74\x68\x3d\x22\x32\x34\
\x22\x20\x68\x65\x69\x67\x68\x74\x3d\x22\x32\x34\x22\x20\x76\x65\
\x72\x73\x69\x6f\x6e\x3d\x22\x31\x2e\x31\x22\x20\x76\x69\x65\x77\
\x42\x6f\x78\x3d\x22\x30\x20\x30\x20\x32\x34\x20\x32\x34\x22\x3e\
\x0a\x20\x20\x3c\x67\x20\x74\x72\x61\x6e\x73\x66\x6f\x72\x6d\x3d\
\x22\x74\x72\x61\x6e\x73\x6c\x61\x74\x65\x28\x2d\x30\x29\x20\x73\
\x63\x61\x6c\x65\x28\x2e\x30\x34\x36\x38\x37\x35\x29\x22\x3e\x0a\
\x20\x20\x20\x20\x3c\x67\x20\x69\x64\x3d\x22\x61\x22\x20\x74\x72\
\x61\x6e\x73\x66\x6f\x72\x6d\x3d\x22\x74\x72\x61\x6e\x73\x6c\x61\
\x74\x65\x28\x30\x2c\x2d\x34\x29\x22\x3e\x0a\x20\x20\x20\x20\x20\
\x20\x3c\x70\x61\x74\x68\x20\x69\x64\x3d\x22\x62\x22\x20\x64\x3d\
\x22\x6d\x31\x39\x38\x2e\x30\x36\x20\x34\x37\x30\x2e\x36\x38\x2d\
\x38\x2e\x34\x32\x37\x33\x2d\x36\x37\x2e\x34\x31\x38\x71\x2d\x36\
\x2e\x38\x34\x37\x31\x2d\x32\x2e\x36\x33\x33\x35\x2d\x31\x32\x2e\
\x39\x30\x34\x2d\x36\x2e\x33\x32\x30\x34\x2d\x36\x2e\x30\x35\x37\
\x31\x2d\x33\x2e\x36\x38\x36\x39\x2d\x31\x31\x2e\x38\x35\x31\x2d\
\x37\x2e\x39\x30\x30\x36\x6c\x2d\x36\x32\x2e\x36\x37\x38\x20\x32\
\x36\x2e\x33\x33\x35\x2d\x35\x37\x2e\x39\x33\x37\x2d\x31\x30\x30\
\x2e\x30\x37\x20\x35\x34\x2e\x32\x35\x2d\x34\x31\x2e\x30\x38\x33\
\x71\x2d\x30\x2e\x35\x32\x36\x37\x2d\x33\x2e\x36\x38\x36\x39\x2d\
\x30\x2e\x35\x32\x36\x37\x2d\x37\x2e\x31\x31\x30\x35\x76\x2d\x31\
\x34\x2e\x32\x32\x31\x71\x30\x2d\x33\x2e\x34\x32\x33\x36\x20\x30\
\x2e\x35\x32\x36\x37\x2d\x37\x2e\x31\x31\x30\x35\x6c\x2d\x35\x34\
\x2e\x32\x35\x2d\x34\x31\x2e\x30\x38\x33\x20\x35\x37\x2e\x39\x33\
\x37\x2d\x31\x30\x30\x2e\x30\x37\x20\x36\x32\x2e\x36\x37\x38\x20\
\x32\x36\x2e\x33\x33\x35\x71\x35\x2e\x37\x39\x33\x37\x2d\x34\x2e\
\x32\x31\x33\x36\x20\x31\x32\x2e\x31\x31\x34\x2d\x37\x2e\x39\x30\
\x30\x36\x20\x36\x2e\x33\x32\x30\x34\x2d\x33\x2e\x36\x38\x36\x39\
\x20\x31\x32\x2e\x36\x34\x31\x2d\x36\x2e\x33\x32\x30\x34\x6c\x38\
\x2e\x34\x32\x37\x33\x2d\x36\x37\x2e\x34\x31\x38\x68\x31\x31\x35\
\x2e\x38\x37\x6c\x38\x2e\x34\x32\x37\x33\x20\x36\x37\x2e\x34\x31\
\x38\x71\x36\x2e\x38\x34\x37\x32\x20\x32\x2e\x36\x33\x33\x35\x20\
\x31\x32\x2e\x39\x30\x34\x20\x36\x2e\x33\x32\x30\x34\x20\x36\x2e\
\x30\x35\x37\x31\x20\x33\x2e\x36\x38\x36\x39\x20\x31\x31\x2e\x38\
\x35\x31\x20\x37\x2e\x39\x30\x30\x36\x6c\x36\x32\x2e\x36\x37\x38\
\x2d\x32\x36\x2e\x33\x33\x35\x20\x35\x37\x2e\x39\x33\x37\x20\x31\
\x30\x30\x2e\x30\x37\x2d\x35\x34\x2e\x32\x35\x20\x34\x31\x2e\x30\
\x38\x33\x71\x30\x2e\x35\x32\x36\x37\x32\x20\x33\x2e\x36\x38\x36\
\x39\x20\x30\x2e\x35\x32\x36\x37\x32\x20\x37\x2e\x31\x31\x30\x35\
\x76\x31\x34\x2e\x32\x32\x31\x71\x30\x20\x33\x2e\x34\x32\x33\x36\
\x2d\x31\x2e\x30\x35\x33\x34\x20\x37\x2e\x31\x31\x30\x35\x6c\x35\
\x34\x2e\x32\x35\x20\x34\x31\x2e\x30\x38\x33\x2d\x35\x37\x2e\x39\
\x33\x37\x20\x31\x30\x30\x2e\x30\x37\x2d\x36\x32\x2e\x31\x35\x31\
\x2d\x32\x36\x2e\x33\x33\x35\x71\x2d\x35\x2e\x37\x39\x33\x37\x20\
\x34\x2e\x32\x31\x33\x36\x2d\x31\x32\x2e\x31\x31\x34\x20\x37\x2e\
\x39\x30\x30\x36\x2d\x36\x2e\x33\x32\x30\x35\x20\x33\x2e\x36\x38\
\x36\x39\x2d\x31\x32\x2e\x36\x34\x31\x20\x36\x2e\x33\x32\x30\x34\
\x6c\x2d\x38\x2e\x34\x32\x37\x33\x20\x36\x37\x2e\x34\x31\x38\x7a\
\x6d\x33\x36\x2e\x38\x36\x39\x2d\x34\x32\x2e\x31\x33\x36\x68\x34\
\x31\x2e\x36\x31\x6c\x37\x2e\x33\x37\x33\x38\x2d\x35\x35\x2e\x38\
\x33\x31\x71\x31\x36\x2e\x33\x32\x38\x2d\x34\x2e\x32\x31\x33\x36\
\x20\x33\x30\x2e\x32\x38\x35\x2d\x31\x32\x2e\x33\x37\x38\x20\x31\
\x33\x2e\x39\x35\x38\x2d\x38\x2e\x31\x36\x33\x39\x20\x32\x35\x2e\
\x35\x34\x35\x2d\x31\x39\x2e\x37\x35\x31\x6c\x35\x32\x2e\x31\x34\
\x34\x20\x32\x31\x2e\x35\x39\x35\x20\x32\x30\x2e\x35\x34\x31\x2d\
\x33\x35\x2e\x38\x31\x36\x2d\x34\x35\x2e\x32\x39\x36\x2d\x33\x34\
\x2e\x32\x33\x36\x71\x32\x2e\x36\x33\x33\x35\x2d\x37\x2e\x33\x37\
\x33\x38\x20\x33\x2e\x36\x38\x36\x39\x2d\x31\x35\x2e\x35\x33\x38\
\x20\x31\x2e\x30\x35\x33\x34\x2d\x38\x2e\x31\x36\x33\x39\x20\x31\
\x2e\x30\x35\x33\x34\x2d\x31\x36\x2e\x35\x39\x31\x20\x30\x2d\x38\
\x2e\x34\x32\x37\x32\x2d\x31\x2e\x30\x35\x33\x34\x2d\x31\x36\x2e\
\x35\x39\x31\x2d\x31\x2e\x30\x35\x33\x34\x2d\x38\x2e\x31\x36\x33\
\x39\x2d\x33\x2e\x36\x38\x36\x39\x2d\x31\x35\x2e\x35\x33\x38\x6c\
\x34\x35\x2e\x32\x39\x36\x2d\x33\x34\x2e\x32\x33\x36\x2d\x32\x30\
\x2e\x35\x34\x31\x2d\x33\x35\x2e\x38\x31\x36\x2d\x35\x32\x2e\x31\
\x34\x34\x20\x32\x32\x2e\x31\x32\x32\x71\x2d\x31\x31\x2e\x35\x38\
\x37\x2d\x31\x32\x2e\x31\x31\x34\x2d\x32\x35\x2e\x35\x34\x35\x2d\
\x32\x30\x2e\x32\x37\x38\x2d\x31\x33\x2e\x39\x35\x38\x2d\x38\x2e\
\x31\x36\x33\x39\x2d\x33\x30\x2e\x32\x38\x35\x2d\x31\x32\x2e\x33\
\x37\x38\x6c\x2d\x36\x2e\x38\x34\x37\x32\x2d\x35\x35\x2e\x38\x33\
\x31\x68\x2d\x34\x31\x2e\x36\x31\x6c\x2d\x37\x2e\x33\x37\x33\x39\
\x20\x35\x35\x2e\x38\x33\x31\x71\x2d\x31\x36\x2e\x33\x32\x38\x20\
\x34\x2e\x32\x31\x33\x36\x2d\x33\x30\x2e\x32\x38\x35\x20\x31\x32\
\x2e\x33\x37\x38\x2d\x31\x33\x2e\x39\x35\x38\x20\x38\x2e\x31\x36\
\x33\x39\x2d\x32\x35\x2e\x35\x34\x35\x20\x31\x39\x2e\x37\x35\x31\
\x6c\x2d\x35\x32\x2e\x31\x34\x34\x2d\x32\x31\x2e\x35\x39\x35\x2d\
\x32\x30\x2e\x35\x34\x31\x20\x33\x35\x2e\x38\x31\x36\x20\x34\x35\
\x2e\x32\x39\x37\x20\x33\x33\x2e\x37\x30\x39\x71\x2d\x32\x2e\x36\
\x33\x33\x35\x20\x37\x2e\x39\x30\x30\x36\x2d\x33\x2e\x36\x38\x36\
\x39\x20\x31\x35\x2e\x38\x30\x31\x2d\x31\x2e\x30\x35\x33\x34\x20\
\x37\x2e\x39\x30\x30\x35\x2d\x31\x2e\x30\x35\x33\x34\x20\x31\x36\
\x2e\x38\x35\x35\x20\x30\x20\x38\x2e\x34\x32\x37\x33\x20\x31\x2e\
\x30\x35\x33\x34\x20\x31\x36\x2e\x33\x32\x38\x20\x31\x2e\x30\x35\
\x33\x34\x20\x37\x2e\x39\x30\x30\x35\x20\x33\x2e\x36\x38\x36\x39\
\x20\x31\x35\x2e\x38\x30\x31\x6c\x2d\x34\x35\x2e\x32\x39\x37\x20\
\x33\x34\x2e\x32\x33\x36\x20\x32\x30\x2e\x35\x34\x31\x20\x33\x35\
\x2e\x38\x31\x36\x20\x35\x32\x2e\x31\x34\x34\x2d\x32\x32\x2e\x31\
\x32\x32\x71\x31\x31\x2e\x35\x38\x37\x20\x31\x32\x2e\x31\x31\x34\
\x20\x32\x35\x2e\x35\x34\x35\x20\x32\x30\x2e\x32\x37\x38\x20\x31\
\x33\x2e\x39\x35\x38\x20\x38\x2e\x31\x36\x33\x39\x20\x33\x30\x2e\
\x32\x38\x35\x20\x31\x32\x2e\x33\x37\x38\x7a\x6d\x32\x32\x2e\x31\
\x32\x32\x2d\x39\x34\x2e\x38\x30\x37\x71\x33\x30\x2e\x35\x34\x39\
\x20\x30\x20\x35\x32\x2e\x31\x34\x34\x2d\x32\x31\x2e\x35\x39\x35\
\x74\x32\x31\x2e\x35\x39\x35\x2d\x35\x32\x2e\x31\x34\x34\x71\x30\
\x2d\x33\x30\x2e\x35\x34\x39\x2d\x32\x31\x2e\x35\x39\x35\x2d\x35\
\x32\x2e\x31\x34\x34\x74\x2d\x35\x32\x2e\x31\x34\x34\x2d\x32\x31\
\x2e\x35\x39\x35\x71\x2d\x33\x31\x2e\x30\x37\x36\x20\x30\x2d\x35\
\x32\x2e\x34\x30\x37\x20\x32\x31\x2e\x35\x39\x35\x74\x2d\x32\x31\
\x2e\x33\x33\x31\x20\x35\x32\x2e\x31\x34\x34\x71\x30\x20\x33\x30\
\x2e\x35\x34\x39\x20\x32\x31\x2e\x33\x33\x31\x20\x35\x32\x2e\x31\
\x34\x34\x74\x35\x32\x2e\x34\x30\x37\x20\x32\x31\x2e\x35\x39\x35\
\x7a\x22\x20\x66\x69\x6c\x6c\x3d\x22\x23\x45\x36\x45\x38\x45\x41\
\x22\x20\x73\x74\x72\x6f\x6b\x65\x2d\x77\x69\x64\x74\x68\x3d\x22\
\x2e\x35\x32\x36\x37\x22\x20\x2f\x3e\x0a\x20\x20\x20\x20\x3c\x2f\
\x67\x3e\x0a\x20\x20\x3c\x2f\x67\x3e\x0a\x3c\x2f\x73\x76\x67\x3e\
\x0a\
\x00\x00\x07\xa0\
\x00\
\x00\x26\x2f\x78\x9c\xed\x5a\xdb\x72\x1a\xb9\x16\x7d\x9f\xaf\x50\
\x91\x97\xb8\x4a\x92\x75\xdb\xba\x9c\x0a\xf3\x70\xbe\xe0\xfc\x02\
\x06\xdc\x90\x60\x70\x80\xd8\x9e\x7c\xfd\xd9\x92\x36\x98\xa6\xdb\
\x69\xc7\x97\xc9\xd4\x54\x70\x95\xbb\x91\x64\xed\xd5\x4b\x7b\x2d\
\x6d\x75\xf2\x69\x77\xd7\xb0\xfb\xe5\x6c\xbf\x18\x8f\x8c\x1b\xb1\
\xc5\x7c\xd9\x2c\xf6\xf5\xfe\x6e\xbe\xdd\x2d\x37\xeb\xf1\x48\x4b\
\x8d\xdf\x96\xf3\xfb\xff\x6e\x1e\xc6\x23\xc5\x14\x33\x8e\xe5\x11\
\x0f\x37\xab\xf5\x6e\x3c\x5a\xec\xf7\xb7\xff\xb9\xbc\xbc\xbf\xbf\
\x97\xf7\x56\x6e\xb6\xcd\xa5\x51\x4a\x5d\xe2\xd4\xa3\x3f\xff\x60\
\xec\x53\x83\xbf\xf0\xb3\xdf\x4e\xd6\xbb\xeb\xcd\xf6\x66\x3c\x2a\
\xb7\xab\xc9\x7e\xfe\x51\xa8\x0b\xb6\x9b\x4e\x56\xf3\x8f\x52\x39\
\x1f\x03\x5c\x8c\xea\xe8\xeb\xe5\x6a\x35\x1e\xad\x37\xeb\x39\x35\
\xec\xf6\xdb\xcd\x97\xf9\x78\xf4\x01\xe7\x6e\x35\x89\xd5\x72\x3d\
\x9f\x4e\x6e\xc7\xa3\xed\xe6\xdb\x7a\xd6\xed\xfb\xbc\x59\xae\x7b\
\x3b\xe9\xc1\xad\xa1\xe6\xe5\x6c\x3c\x6a\x74\x01\x8d\xb0\x67\xf3\
\xeb\x5d\x6d\xaf\x3d\xdf\xa8\x03\xbb\xa6\xab\xe5\xed\xff\x26\xfb\
\xc5\xa1\xbb\x0e\x98\x1d\x07\xe0\x90\xdb\x56\x77\x1d\x70\x37\x3a\
\x6d\xc1\x86\x1b\x6d\x0c\x30\x6b\x17\x21\x9a\xbb\x04\x7a\x21\xf0\
\xe6\xfb\x88\x5d\x1e\x23\x5d\x1e\x42\x0d\xc4\x9e\x0e\xc5\xbe\xef\
\xc6\x8e\x0e\x64\x64\x46\xba\xe4\x35\xd3\x49\x4b\xeb\x99\x76\x56\
\x02\x08\x0f\x5a\x22\xb2\xe8\xa3\xd4\xa2\x76\x89\xda\xf5\x22\x74\
\x57\x43\xe8\x1e\x3a\xe8\xbc\x02\xe6\xb5\x59\x68\x15\xd2\x9d\x56\
\xa0\x16\x22\xdf\xbe\x28\xfc\x64\x28\xfc\x5f\x5d\x72\x94\xb6\xd2\
\x32\x88\x5a\x42\x64\x41\x29\x64\x0a\x0c\xc8\x00\xc2\xd9\x28\x5d\
\xee\x72\xd2\x69\x51\xba\x44\xed\x7a\x11\xb8\xfd\x10\xb8\xef\x1d\
\x70\x10\x0c\x0b\x10\x16\x36\xa6\x3b\x17\xfd\x42\xe0\xcd\x8b\x62\
\xef\x86\x62\x4f\x26\x9d\xe0\x09\x1f\x38\x53\x62\xbd\x74\x9e\x21\
\x3f\x21\x05\x5c\x29\xcc\x10\x2b\xac\x4b\x32\x45\xe6\xbc\x97\x20\
\x4a\x97\x15\xb5\xeb\x45\xf0\xb6\x83\xf0\xae\xba\x79\x03\x89\x45\
\x63\x17\x36\x29\xe2\x26\xa9\x17\x05\xff\x3a\x18\x7c\xda\xe5\x26\
\x46\x69\x34\x8b\xca\x48\xf3\x03\x6a\xf4\x1b\x70\x73\x3b\x08\x6f\
\xd6\x81\x17\x5c\x60\x31\xa6\xd7\x73\xb3\x19\x0c\x3e\xef\x51\x54\
\xc8\x76\x13\x7d\x90\xc9\xf5\x91\x13\x4e\xf3\x26\xbc\x86\x9b\xf5\
\x20\xbc\xeb\x0e\xbc\x68\x1d\x4b\x00\xaf\xe7\xe6\x66\x30\x78\xd3\
\xe5\x46\x7b\xf4\x56\x96\xac\x95\x3e\xbe\x2f\x37\xab\x41\x78\x8b\
\x6e\x5a\x1b\xc3\xb4\x32\xea\xf5\xe4\x7c\x19\x8c\xbe\xec\xd9\x23\
\x71\x33\xd2\x2c\xa5\x24\x5d\xaf\xaa\x42\x4b\x55\xaf\x62\xe7\xf3\
\x20\xbe\xcf\x7d\x5b\x85\x42\x7a\x90\x96\x57\xd3\xb3\x1c\x0c\xff\
\xa5\x1b\xde\xe2\x7e\x14\x10\x80\x87\x7e\xd3\x79\xbb\xdc\x59\x0c\
\xc2\x5b\xf5\xb0\x83\x00\xb4\x06\xf3\x7a\x76\x9a\xc1\xf0\x37\xdd\
\xf0\xce\xe0\x3e\x85\x00\xac\x92\xe9\x7d\xd9\xb9\x1e\x84\xb7\xee\
\x11\x7e\x04\xa6\x8d\x8e\xaf\x67\x67\x3e\x18\x7e\xd3\x0d\x0f\x3a\
\x73\x93\xbc\xec\xdd\xc9\x7f\x5e\x58\x9f\x2e\x73\xd5\x4c\xf7\xcd\
\x69\xf5\xdc\xd8\x63\xf4\x93\x83\xc0\xcd\x64\xbf\x5d\x3e\x7c\xc4\
\x22\x8b\x2b\xfc\xc9\x57\xa1\x8d\xc7\x5f\x56\x5d\x3c\xd6\xdb\xcd\
\x59\x22\xb8\x93\x27\xe9\xce\x26\x35\x58\xc3\x84\x44\xc7\x8a\x09\
\xd8\xf1\x5a\x9a\xf1\x69\x65\xb2\x4c\x5b\x7c\xa4\x78\x71\xca\x59\
\xd3\x21\xec\xb6\x45\x58\x1f\x6c\xc3\xf2\x71\x28\x5f\xb1\x04\xd4\
\xd9\xbc\xb1\x4a\xc5\xf9\xcd\xe9\xcc\xe7\x73\xd3\xec\x5f\x47\xed\
\xc6\xcc\xa4\xc8\x0b\x87\x47\x8d\xed\xea\xe3\x87\xd9\xc5\xd9\x80\
\xf6\xa9\x05\xc3\x01\xc4\x56\x98\x6e\x20\x0a\xb5\x1d\x9d\x37\x9f\
\x07\x9b\x9e\x07\x7b\x56\xb8\x9e\x4c\x3b\x89\xba\xeb\x4c\x49\x59\
\x97\x2c\x60\xc2\x05\x2d\x15\x56\x44\xc8\x97\x57\x58\xcf\xca\x04\
\x56\x4f\x51\xad\x26\x26\x3c\x8d\xc8\xa0\x13\x73\x46\x2a\xac\xe7\
\x6c\x8e\xad\x19\xa6\xa4\x89\x78\xb1\x32\x96\x85\x94\x4a\xe3\x81\
\xc5\xcb\x18\xd1\x61\x1c\xb3\x01\x57\x14\x8b\x2f\xa9\x9d\x03\x06\
\x41\xaa\x10\x85\xa5\xd3\x0d\xfe\x8d\x4a\x42\x83\xb4\x06\x8f\x3c\
\x49\x42\xee\x03\x9c\x5d\x33\xc0\xb2\xc4\xdb\x95\x00\xec\xf5\x78\
\xe8\x88\x41\x5a\x98\x8a\x0c\xc1\x58\x56\x00\x81\x28\x10\xa0\x02\
\xca\x47\x00\x19\x71\x9e\x0c\x28\x04\x91\x21\x24\x5d\x00\x19\x51\
\x50\xe0\x03\x38\x91\x11\x44\x53\xf0\x44\x27\x08\x01\x6e\xf3\x82\
\xc2\x67\x30\xd6\x88\x12\x3e\x10\x98\x95\xa8\x74\x88\x4c\x47\x98\
\x0a\x8a\x5e\xe9\x10\x95\x8e\x8a\x45\x0b\x8a\x5e\xb1\x88\x1a\xbd\
\xb2\x81\x47\x35\xa9\x94\xab\x58\xd0\xda\x2a\x02\xc2\x53\x19\xa9\
\x78\xd0\x7b\x0a\x23\x04\x89\x55\x10\x82\x18\xa9\x84\x08\x22\x84\
\x30\x54\x44\xec\x80\xa1\x2e\x10\x61\xa8\x88\xd8\x01\x44\x46\xc4\
\x08\x43\x45\x74\x58\x95\x8a\x88\x56\x85\xe5\xd2\x27\x03\x40\x70\
\x95\x93\xba\x24\x81\xe0\x7c\xef\x49\xa3\xfa\x76\xe0\x03\x58\x88\
\x70\xdd\xd3\xdf\x9b\xbb\x8f\xb6\x45\xb9\x7b\xd9\xb4\x44\x7a\xf6\
\xb5\x4f\xb3\xfb\x01\xcd\x5e\x3d\x4b\xb3\xed\x21\xbd\xef\x45\x90\
\x99\xe0\x91\xb8\x38\x17\x70\xf1\x3c\x91\x7f\x1b\x14\xf9\xe4\x1d\
\x44\x7e\xf7\x84\xc8\x51\x0e\xca\x4a\xcd\x3d\x28\xa9\xf3\xd9\x59\
\x49\xe5\x39\x6e\x6e\x68\xc3\x6c\x4a\xb2\xe2\xa7\x3a\x07\x7e\xa2\
\xf3\x10\x38\x89\xac\xa4\x11\x3f\xca\x9c\xd7\x84\x22\x99\x73\x4a\
\x6a\xd2\x39\xa7\x8c\x22\xa1\x73\x4a\xeb\x22\x2e\x17\x78\xcd\x6b\
\xb6\xc2\x06\x3c\xa1\x45\xcb\x1d\x42\xc4\x3c\x9b\x32\x52\x3b\xa7\
\xec\x26\x89\xf1\x8a\x8b\x91\xc6\x38\xe5\x37\x09\x9e\xd7\x04\x27\
\x95\x71\x74\x20\x92\x18\x27\x0b\x22\xcd\xf3\x83\x09\x91\xca\xf8\
\xc1\x86\x48\x67\x9c\xe0\x65\x5c\x44\x93\x38\xf2\x44\x7a\xe3\x64\
\x01\x8c\x14\xc7\x09\x21\x23\xcd\xf1\x83\x25\x55\xd5\xf1\x83\x27\
\xa1\xee\x38\x01\x64\xa4\x3a\xfe\x68\x04\x79\xda\x4a\x58\xd5\x1d\
\x6f\xfb\x00\x27\x6f\x42\x60\xc4\x97\x28\x84\x79\xc4\x55\xe1\xf0\
\xb6\x1d\xf0\xb6\x1f\xf0\xb6\x21\xf0\x96\x23\xe0\xb7\x6a\x07\xc8\
\x57\xdb\x0f\xf8\xc1\x0f\x90\xaa\x53\x3f\xb0\x9c\x0c\xfb\x1f\x64\
\x08\x8d\x79\x5a\xcc\xc7\x22\xc1\x1b\xdc\xf1\x82\xe6\x0a\x4b\xa9\
\xa4\x6c\x8a\x11\x6f\xb1\xb2\x02\x1b\x30\x83\xb1\xa6\x8a\x90\x4c\
\x40\x76\x23\x6e\x89\xa9\xe4\xb1\x08\xf9\x4d\x42\x4c\x36\x3e\x53\
\xfc\xf7\x83\xe2\xdf\x0f\x89\x5f\x1b\x2c\x5c\xa0\x2b\xfe\x4e\x40\
\x0a\xf9\xd0\x43\xf3\x79\xd0\x5d\x37\xe8\x33\xc3\x3e\xe9\x3a\x14\
\xfd\xaf\x9e\x89\xc9\x79\x92\x53\x98\x6f\x3c\xd4\x37\x0d\x53\xe6\
\x50\xe3\x29\xe4\xb4\xc2\xbd\x07\x8d\x23\xa8\xc0\x83\x8c\x78\xae\
\xcc\xe6\x92\xb2\xbb\x98\xdc\x88\x5d\x0a\x19\xcf\xdf\x9c\xce\x75\
\x09\x2e\x00\x37\x98\xad\x98\xf1\x20\x53\x74\x8e\xbb\xbc\x40\x28\
\x25\x54\x83\x51\x16\x85\x1e\x92\x4f\xa5\xe6\xf3\xc1\x67\x37\x33\
\x68\x0f\xc6\xca\x80\xcb\x69\x3d\x5a\x4a\x51\xb5\x01\x14\x00\xb7\
\x28\x0e\xab\x8b\xd9\x58\x0c\xe4\xb8\x0e\xd2\x41\x1e\xaf\x72\xed\
\x93\x23\x61\x61\x2a\x4c\xc4\x02\x00\x45\x60\x4b\x75\x24\x0a\x18\
\x9e\x91\x05\x8f\x9d\x05\x0d\xaf\xd8\x50\xfc\x05\x0e\xcf\xe0\x22\
\xfe\x29\x48\xc8\xf8\x05\xa6\x5c\xca\x53\xe1\xb0\xe8\xb2\x0c\x73\
\xd9\x6e\x8b\x2b\x82\x41\x1d\xe2\xc3\x07\x9d\xbd\x03\x51\x43\xcc\
\xfe\x84\xcc\xa4\x6c\x10\x41\x59\x5d\xfa\xf1\x38\x5b\xbc\x24\xa6\
\x3c\x5f\xa5\x47\x14\x14\x81\x57\x4c\x65\xfa\xcc\x10\x81\xca\xe1\
\x33\x0c\x4e\xa8\x18\x71\x24\x88\xa4\xcc\x51\x2c\x3e\x86\xa4\x10\
\x45\xa2\x70\xe4\x91\xa3\x4a\x91\x38\x72\x54\x28\xca\xc3\x2b\x47\
\x44\x91\xa8\x1c\x11\x45\x82\x38\xaa\x14\x09\xe2\x88\x28\x22\x74\
\x8c\x28\x22\x70\x8c\x28\x2a\x0c\xe5\x97\x1a\x32\x82\xe1\xc4\x0f\
\xd1\x43\xec\xf4\xb9\xcc\xa3\xcf\xc0\x04\x66\xb3\xde\x11\xbd\xd9\
\x7d\xee\x34\x1d\x73\xe9\x6b\xe8\x57\x7a\x17\xd7\xb9\xe8\xb6\x6f\
\xac\xf4\xab\xc9\x33\x94\xfe\xf5\xbd\x94\x7e\x75\xf5\xb4\xd2\xb5\
\xc2\x54\x00\x1e\xeb\x7b\xb3\x27\x95\x9e\x93\xb9\xab\xf4\x2c\x58\
\xcc\x1c\xe5\x5b\x52\x37\x55\xea\xb6\x4a\x5d\xff\x50\xea\xf6\xed\
\xb4\xae\x73\x25\xf1\xa8\x75\x1b\xda\x5a\x07\xd2\xba\xe6\x15\x5d\
\xd5\x7a\xf0\x55\xeb\x40\x5a\xc7\x54\xce\x5a\x87\x44\x5a\x27\x2d\
\x77\xb5\x1e\x7f\x4e\xeb\xca\x0f\x88\x5d\xff\x48\xec\xb6\xad\xf6\
\xf0\x93\x6a\x77\xa7\x72\xcf\x34\xfd\x40\xee\xd0\x92\xbb\x73\x55\
\xee\x81\x13\x49\x8f\x72\x07\xdc\x18\x7e\x42\xee\xd7\xea\x6a\x0e\
\xf3\xf7\x94\xfb\x73\x6a\x8d\xf4\x96\xb5\x46\xfd\x17\x2b\x9f\x57\
\xa9\x14\x9d\x10\xfd\x33\x0f\x1a\x8d\xff\xdb\x6b\x8d\x06\x7e\x65\
\xad\x91\xfb\xce\xeb\xbc\xfa\xf9\x5d\x6e\xfc\x2e\x37\xfe\xdd\xe5\
\x46\x73\xfe\xb6\xe2\xfd\xcb\x8d\x26\xfc\xca\x72\x23\xf7\x75\x0d\
\x2e\x7f\x7e\x57\x1c\xbf\x2b\x8e\x7f\x6b\xc5\x71\xf2\xe5\x78\x4b\
\x37\xe5\xf2\x29\xff\x6f\xae\x3f\xff\xf8\x3f\xbd\xeb\xbf\x37\
\x00\x00\x02\xde\
\x3c\
\x73\x76\x67\x20\x78\x6d\x6c\x6e\x73\x3d\x22\x68\x74\x74\x70\x3a\
\x2f\x2f\x77\x77\x77\x2e\x77\x33\x2e\x6f\x72\x67\x2f\x32\x30\x30\
\x30\x2f\x73\x76\x67\x22\x20\x77\x69\x64\x74\x68\x3d\x22\x32\x34\
\x22\x20\x68\x65\x69\x67\x68\x74\x3d\x22\x32\x34\x22\x20\x76\x65\
\x72\x73\x69\x6f\x6e\x3d\x22\x31\x2e\x31\x22\x20\x76\x69\x65\x77\
\x42\x6f\x78\x3d\x22\x30\x20\x30\x20\x32\x34\x20\x32\x34\x22\x3e\
\x0a\x20\x20\x3c\x67\x20\x74\x72\x61\x6e\x73\x66\x6f\x72\x6d\x3d\
\x22\x74\x72\x61\x6e\x73\x6c\x61\x74\x65\x28\x2d\x30\x29\x20\x73\
\x63\x61\x6c\x65\x28\x2e\x30\x34\x36\x38\x37\x35\x29\x22\x20\x66\
\x69\x6c\x6c\x3d\x22\x23\x45\x36\x45\x38\x45\x41\x22\x3e\x0a\x20\
\x20\x20\x20\x3c\x70\x61\x74\x68\x20\x69\x64\x3d\x22\x61\x22\x20\
\x64\x3d\x22\x6d\x36\x39\x2e\x30\x31\x32\x20\x34\x36\x36\x2e\x33\
\x36\x76\x2d\x33\x37\x33\x2e\x39\x38\x63\x30\x2d\x31\x32\x2e\x38\
\x35\x35\x20\x34\x2e\x35\x37\x37\x33\x2d\x32\x33\x2e\x38\x36\x31\
\x20\x31\x33\x2e\x37\x33\x32\x2d\x33\x33\x2e\x30\x31\x35\x20\x39\
\x2e\x31\x35\x34\x36\x2d\x39\x2e\x31\x35\x34\x36\x20\x32\x30\x2e\
\x31\x36\x2d\x31\x33\x2e\x37\x33\x32\x20\x33\x33\x2e\x30\x31\x35\
\x2d\x31\x33\x2e\x37\x33\x32\x68\x31\x32\x30\x2e\x32\x34\x76\x34\
\x36\x2e\x37\x34\x37\x68\x2d\x31\x32\x30\x2e\x32\x34\x76\x33\x30\
\x32\x2e\x36\x39\x6c\x31\x31\x36\x2e\x38\x37\x2d\x35\x30\x2e\x32\
\x35\x33\x20\x31\x31\x36\x2e\x38\x37\x20\x35\x30\x2e\x32\x35\x33\
\x76\x2d\x31\x34\x32\x2e\x34\x35\x68\x34\x36\x2e\x37\x34\x37\x76\
\x32\x31\x33\x2e\x37\x34\x6c\x2d\x31\x36\x33\x2e\x36\x31\x2d\x37\
\x30\x2e\x31\x32\x31\x7a\x6d\x34\x36\x2e\x37\x34\x37\x2d\x33\x37\
\x33\x2e\x39\x38\x68\x31\x32\x30\x2e\x32\x34\x7a\x22\x20\x73\x74\
\x72\x6f\x6b\x65\x2d\x77\x69\x64\x74\x68\x3d\x22\x2e\x35\x38\x34\
\x33\x34\x22\x20\x2f\x3e\x0a\x20\x20\x20\x20\x3c\x70\x61\x74\x68\
\x20\x69\x64\x3d\x22\x62\x22\x20\x64\x3d\x22\x6d\x33\x35\x34\x2e\
\x38\x31\x20\x31\x38\x31\x2e\x34\x34\x76\x2d\x33\x36\x2e\x38\x39\
\x38\x68\x35\x35\x2e\x36\x34\x39\x63\x34\x39\x2e\x39\x38\x34\x2d\
\x31\x2e\x33\x32\x34\x36\x20\x34\x35\x2e\x38\x37\x38\x2d\x35\x38\
\x2e\x39\x39\x35\x20\x30\x2d\x35\x38\x2e\x39\x39\x35\x68\x2d\x35\
\x39\x2e\x33\x33\x31\x6c\x31\x39\x2e\x39\x30\x38\x20\x31\x39\x2e\
\x39\x30\x38\x2d\x32\x32\x2e\x37\x31\x31\x20\x32\x32\x2e\x37\x31\
\x31\x2d\x36\x31\x2e\x30\x36\x38\x2d\x36\x31\x2e\x30\x36\x38\x20\
\x36\x31\x2e\x30\x36\x38\x2d\x36\x31\x2e\x30\x36\x38\x20\x32\x32\
\x2e\x37\x31\x31\x20\x32\x32\x2e\x37\x31\x31\x2d\x31\x39\x2e\x39\
\x30\x38\x20\x31\x39\x2e\x39\x30\x38\x68\x35\x39\x2e\x33\x33\x31\
\x63\x34\x35\x2e\x30\x37\x38\x2d\x30\x2e\x36\x38\x32\x31\x33\x20\
\x37\x30\x2e\x31\x38\x34\x20\x32\x31\x2e\x37\x20\x37\x30\x2e\x36\
\x35\x37\x20\x36\x36\x2e\x33\x39\x36\x2d\x30\x2e\x35\x33\x38\x38\
\x34\x20\x34\x36\x2e\x39\x32\x37\x2d\x32\x37\x2e\x30\x33\x35\x20\
\x36\x36\x2e\x31\x34\x2d\x37\x30\x2e\x36\x35\x37\x20\x36\x36\x2e\
\x33\x39\x36\x7a\x22\x20\x73\x74\x72\x6f\x6b\x65\x2d\x77\x69\x64\
\x74\x68\x3d\x22\x2e\x32\x36\x36\x33\x37\x22\x20\x2f\x3e\x0a\x20\
\x20\x3c\x2f\x67\x3e\x0a\x3c\x2f\x73\x76\x67\x3e\x0a\
\x00\x00\x01\x35\
\x3c\
\x73\x76\x67\x20\x78\x6d\x6c\x6e\x73\x3d\x22\x68\x74\x74\x70\x3a\
\x2f\x2f\x77\x77\x77\x2e\x77\x33\x2e\x6f\x72\x67\x2f\x32\x30\x30\
\x30\x2f\x73\x76\x67\x22\x20\x77\x69\x64\x74\x68\x3d\x22\x32\x34\
\x22\x20\x68\x65\x69\x67\x68\x74\x3d\x22\x32\x34\x22\x20\x76\x65\
\x72\x73\x69\x6f\x6e\x3d\x22\x31\x2e\x31\x22\x20\x76\x69\x65\x77\
\x42\x6f\x78\x3d\x22\x30\x20\x30\x20\x32\x34\x20\x32\x34\x22\x3e\
\x0a\x20\x20\x3c\x67\x20\x74\x72\x61\x6e\x73\x66\x6f\x72\x6d\x3d\
\x22\x74\x72\x61\x6e\x73\x6c\x61\x74\x65\x28\x2d\x30\x29\x20\x73\
\x63\x61\x6c\x65\x28\x2e\x30\x34\x36\x38\x37\x35\x29\x22\x3e\x0a\
\x20\x20\x20\x20\x3c\x70\x61\x74\x68\x20\x69\x64\x3d\x22\x61\x22\
\x20\x64\x3d\x22\x6d\x36\x39\x2e\x39\x39\x32\x20\x34\x34\x37\x2e\
\x35\x39\x63\x36\x2d\x31\x34\x38\x20\x32\x30\x2d\x32\x34\x34\x20\
\x35\x31\x2d\x32\x39\x30\x20\x34\x37\x2d\x37\x30\x20\x31\x35\x37\
\x2d\x37\x34\x20\x33\x34\x31\x2d\x37\x34\x22\x20\x66\x69\x6c\x6c\
\x3d\x22\x6e\x6f\x6e\x65\x22\x20\x73\x74\x72\x6f\x6b\x65\x3d\x22\
\x23\x45\x36\x45\x38\x45\x41\x22\x20\x73\x74\x72\x6f\x6b\x65\x2d\
\x6c\x69\x6e\x65\x6a\x6f\x69\x6e\x3d\x22\x72\x6f\x75\x6e\x64\x22\
\x20\x73\x74\x72\x6f\x6b\x65\x2d\x77\x69\x64\x74\x68\x3d\x22\x34\
\x30\x22\x20\x2f\x3e\x0a\x20\x20\x3c\x2f\x67\x3e\x0a\x3c\x2f\x73\
\x76\x67\x3e\x0a\
\x00\x00\x02\xc0\
\x3c\
\x73\x76\x67\x20\x78\x6d\x6c\x6e\x73\x3d\x22\x68\x74\x74\x70\x3a\
\x2f\x2f\x77\x77\x77\x2e\x77\x33\x2e\x6f\x72\x67\x2f\x32\x30\x30\
\x30\x2f\x73\x76\x67\x22\x20\x77\x69\x64\x74\x68\x3d\x22\x32\x34\
\x22\x20\x68\x65\x69\x67\x68\x74\x3d\x22\x32\x34\x22\x20\x76\x65\
\x72\x73\x69\x6f\x6e\x3d\x22\x31\x2e\x31\x22\x20\x76\x69\x65\x77\
\x42\x6f\x78\x3d\x22\x30\x20\x30\x20\x32\x34\x20\x32\x34\x22\x3e\
\x0a\x20\x20\x3c\x67\x20\x74\x72\x61\x6e\x73\x66\x6f\x72\x6d\x3d\
\x22\x74\x72\x61\x6e\x73\x6c\x61\x74\x65\x28\x2d\x30\x29\x20\x73\
\x63\x61\x6c\x65\x28\x2e\x30\x34\x36\x38\x37\x35\x29\x22\x3e\x0a\
\x20\x20\x20\x20\x3c\x67\x20\x69\x64\x3d\x22\x61\x22\x20\x74\x72\
\x61\x6e\x73\x66\x6f\x72\x6d\x3d\x22\x72\x6f\x74\x61\x74\x65\x28\
\x2d\x33\x30\x20\x2d\x36\x39\x30\x2e\x36\x33\x20\x35\x32\x36\x2e\
\x31\x37\x29\x22\x20\x66\x69\x6c\x6c\x3d\x22\x23\x45\x36\x45\x38\
\x45\x41\x22\x20\x73\x74\x72\x6f\x6b\x65\x3d\x22\x23\x45\x36\x45\
\x38\x45\x41\x22\x20\x73\x74\x72\x6f\x6b\x65\x2d\x77\x69\x64\x74\
\x68\x3d\x22\x35\x22\x3e\x0a\x20\x20\x20\x20\x20\x20\x3c\x63\x69\
\x72\x63\x6c\x65\x20\x69\x64\x3d\x22\x62\x22\x20\x63\x78\x3d\x22\
\x35\x38\x2e\x35\x37\x34\x22\x20\x63\x79\x3d\x22\x37\x31\x30\x2e\
\x35\x34\x22\x20\x72\x3d\x22\x33\x32\x22\x20\x2f\x3e\x0a\x20\x20\
\x20\x20\x20\x20\x3c\x63\x69\x72\x63\x6c\x65\x20\x69\x64\x3d\x22\
\x63\x22\x20\x63\x78\x3d\x22\x31\x33\x37\x2e\x37\x39\x22\x20\x63\
\x79\x3d\x22\x38\x35\x34\x2e\x37\x38\x22\x20\x72\x3d\x22\x33\x32\
\x22\x20\x2f\x3e\x0a\x20\x20\x20\x20\x20\x20\x3c\x63\x69\x72\x63\
\x6c\x65\x20\x69\x64\x3d\x22\x64\x22\x20\x63\x78\x3d\x22\x34\x38\
\x31\x2e\x34\x37\x22\x20\x63\x79\x3d\x22\x37\x31\x31\x2e\x31\x31\
\x22\x20\x72\x3d\x22\x33\x32\x22\x20\x2f\x3e\x0a\x20\x20\x20\x20\
\x20\x20\x3c\x63\x69\x72\x63\x6c\x65\x20\x69\x64\x3d\x22\x65\x22\
\x20\x63\x78\x3d\x22\x32\x37\x37\x2e\x39\x36\x22\x20\x63\x79\x3d\
\x22\x37\x31\x39\x2e\x34\x35\x22\x20\x72\x3d\x22\x33\x32\x22\x20\
\x2f\x3e\x0a\x20\x20\x20\x20\x20\x20\x3c\x63\x69\x72\x63\x6c\x65\
\x20\x69\x64\x3d\x22\x66\x22\x20\x63\x78\x3d\x22\x33\x37\x34\x2e\
\x35\x34\x22\x20\x63\x79\x3d\x22\x38\x35\x37\x2e\x36\x34\x22\x20\
\x72\x3d\x22\x33\x32\x22\x20\x2f\x3e\x0a\x20\x20\x20\x20\x20\x20\
\x3c\x72\x65\x63\x74\x20\x69\x64\x3d\x22\x67\x22\x20\x74\x72\x61\
\x6e\x73\x66\x6f\x72\x6d\x3d\x22\x72\x6f\x74\x61\x74\x65\x28\x39\
\x30\x29\x22\x20\x78\x3d\x22\x37\x36\x37\x2e\x31\x33\x22\x20\x79\
\x3d\x22\x2d\x35\x30\x36\x2e\x33\x22\x20\x77\x69\x64\x74\x68\x3d\
\x22\x33\x33\x2e\x34\x39\x32\x22\x20\x68\x65\x69\x67\x68\x74\x3d\
\x22\x35\x30\x31\x2e\x32\x33\x22\x20\x72\x78\x3d\x22\x30\x22\x20\
\x72\x79\x3d\x22\x30\x22\x20\x73\x74\x72\x6f\x6b\x65\x2d\x6c\x69\
\x6e\x65\x63\x61\x70\x3d\x22\x73\x71\x75\x61\x72\x65\x22\x20\x73\
\x74\x72\x6f\x6b\x65\x2d\x6d\x69\x74\x65\x72\x6c\x69\x6d\x69\x74\
\x3d\x22\x30\x22\x20\x2f\x3e\x0a\x20\x20\x20\x20\x3c\x2f\x67\x3e\
\x0a\x20\x20\x3c\x2f\x67\x3e\x0a\x3c\x2f\x73\x76\x67\x3e\x0a\
\x00\x00\x02\x67\
\x3c\
\x73\x76\x67\x20\x78\x6d\x6c\x6e\x73\x3d\x22\x68\x74\x74\x70\x3a\
\x2f\x2f\x77\x77\x77\x2e\x77\x33\x2e\x6f\x72\x67\x2f\x32\x30\x30\
\x30\x2f\x73\x76\x67\x22\x20\x77\x69\x64\x74\x68\x3d\x22\x32\x34\
\x22\x20\x68\x65\x69\x67\x68\x74\x3d\x22\x32\x34\x22\x20\x76\x65\
\x72\x73\x69\x6f\x6e\x3d\x22\x31\x2e\x31\x22\x20\x76\x69\x65\x77\
\x42\x6f\x78\x3d\x22\x30\x20\x30\x20\x32\x34\x20\x32\x34\x22\x3e\
\x0a\x20\x20\x3c\x67\x20\x74\x72\x61\x6e\x73\x66\x6f\x72\x6d\x3d\
\x22\x74\x72\x61\x6e\x73\x6c\x61\x74\x65\x28\x2d\x30\x29\x20\x73\
\x63\x61\x6c\x65\x28\x2e\x30\x34\x36\x38\x37\x35\x29\x22\x20\x66\
\x69\x6c\x6c\x3d\x22\x23\x45\x36\x45\x38\x45\x41\x22\x20\x73\x74\
\x72\x6f\x6b\x65\x3d\x22\x23\x45\x36\x45\x38\x45\x41\x22\x20\x73\
\x74\x72\x6f\x6b\x65\x2d\x77\x69\x64\x74\x68\x3d\x22\x35\x22\x3e\
\x0a\x20\x20\x20\x20\x3c\x63\x69\x72\x63\x6c\x65\x20\x69\x64\x3d\
\x22\x61\x22\x20\x63\x78\x3d\x22\x38\x36\x2e\x38\x37\x34\x22\x20\
\x63\x79\x3d\x22\x33\x31\x36\x22\x20\x72\x3d\x22\x33\x32\x22\x20\
\x2f\x3e\x0a\x20\x20\x20\x20\x3c\x63\x69\x72\x63\x6c\x65\x20\x69\
\x64\x3d\x22\x62\x22\x20\x63\x78\x3d\x22\x31\x37\x37\x2e\x38\x32\
\x22\x20\x63\x79\x3d\x22\x31\x39\x36\x22\x20\x72\x3d\x22\x33\x32\
\x22\x20\x2f\x3e\x0a\x20\x20\x20\x20\x3c\x63\x69\x72\x63\x6c\x65\
\x20\x69\x64\x3d\x22\x63\x22\x20\x63\x78\x3d\x22\x34\x35\x30\x2e\
\x36\x37\x22\x20\x63\x79\x3d\x22\x33\x31\x36\x22\x20\x72\x3d\x22\
\x33\x32\x22\x20\x2f\x3e\x0a\x20\x20\x20\x20\x3c\x63\x69\x72\x63\
\x6c\x65\x20\x69\x64\x3d\x22\x64\x22\x20\x63\x78\x3d\x22\x32\x36\
\x38\x2e\x37\x37\x22\x20\x63\x79\x3d\x22\x33\x31\x36\x22\x20\x72\
\x3d\x22\x33\x32\x22\x20\x2f\x3e\x0a\x20\x20\x20\x20\x3c\x63\x69\
\x72\x63\x6c\x65\x20\x69\x64\x3d\x22\x65\x22\x20\x63\x78\x3d\x22\
\x33\x35\x39\x2e\x37\x32\x22\x20\x63\x79\x3d\x22\x31\x39\x36\x22\
\x20\x72\x3d\x22\x33\x32\x22\x20\x2f\x3e\x0a\x20\x20\x20\x20\x3c\
\x72\x65\x63\x74\x20\x69\x64\x3d\x22\x66\x22\x20\x74\x72\x61\x6e\
\x73\x66\x6f\x72\x6d\x3d\x22\x72\x6f\x74\x61\x74\x65\x28\x39\x30\
\x29\x22\x20\x78\x3d\x22\x32\x33\x39\x2e\x32\x35\x22\x20\x79\x3d\
\x22\x2d\x35\x30\x36\x2e\x36\x31\x22\x20\x77\x69\x64\x74\x68\x3d\
\x22\x33\x33\x2e\x34\x39\x32\x22\x20\x68\x65\x69\x67\x68\x74\x3d\
\x22\x35\x30\x31\x2e\x32\x33\x22\x20\x72\x78\x3d\x22\x30\x22\x20\
\x72\x79\x3d\x22\x30\x22\x20\x73\x74\x72\x6f\x6b\x65\x2d\x6c\x69\
\x6e\x65\x63\x61\x70\x3d\x22\x73\x71\x75\x61\x72\x65\x22\x20\x73\
\x74\x72\x6f\x6b\x65\x2d\x6d\x69\x74\x65\x72\x6c\x69\x6d\x69\x74\
\x3d\x22\x30\x22\x20\x2f\x3e\x0a\x20\x20\x3c\x2f\x67\x3e\x0a\x3c\
\x2f\x73\x76\x67\x3e\x0a\
\x00\x00\x01\xdc\
\x3c\
\x73\x76\x67\x20\x78\x6d\x6c\x6e\x73\x3d\x22\x68\x74\x74\x70\x3a\
\x2f\x2f\x77\x77\x77\x2e\x77\x33\x2e\x6f\x72\x67\x2f\x32\x30\x30\
\x30\x2f\x73\x76\x67\x22\x20\x77\x69\x64\x74\x68\x3d\x22\x32\x34\
\x22\x20\x68\x65\x69\x67\x68\x74\x3d\x22\x32\x34\x22\x20\x76\x69\
\x65\x77\x42\x6f\x78\x3d\x22\x30\x20\x30\x20\x32\x34\x20\x32\x34\
\x22\x3e\x0a\x20\x20\x3c\x70\x61\x74\x68\x20\x64\x3d\x22\x4d\x33\
\x2e\x32\x20\x31\x39\x2e\x36\x20\x32\x2e\x32\x20\x37\x2e\x34\x20\
\x31\x32\x20\x31\x2e\x38\x20\x32\x31\x2e\x38\x20\x37\x2e\x34\x20\
\x32\x30\x2e\x38\x20\x31\x39\x2e\x36\x5a\x22\x20\x66\x69\x6c\x6c\
\x3d\x22\x6e\x6f\x6e\x65\x22\x20\x73\x74\x72\x6f\x6b\x65\x3d\x22\
\x23\x45\x36\x45\x38\x45\x41\x22\x20\x73\x74\x72\x6f\x6b\x65\x2d\
\x77\x69\x64\x74\x68\x3d\x22\x31\x2e\x33\x35\x22\x20\x73\x74\x72\
\x6f\x6b\x65\x2d\x6c\x69\x6e\x65\x6a\x6f\x69\x6e\x3d\x22\x72\x6f\
\x75\x6e\x64\x22\x20\x73\x74\x72\x6f\x6b\x65\x2d\x64\x61\x73\x68\
\x61\x72\x72\x61\x79\x3d\x22\x32\x2e\x32\x20\x31\x2e\x38\x22\x20\
\x2f\x3e\x0a\x20\x20\x3c\x63\x69\x72\x63\x6c\x65\x20\x63\x78\x3d\
\x22\x31\x32\x22\x20\x63\x79\x3d\x22\x31\x31\x2e\x37\x22\x20\x72\
\x3d\x22\x33\x2e\x35\x35\x22\x20\x66\x69\x6c\x6c\x3d\x22\x6e\x6f\
\x6e\x65\x22\x20\x73\x74\x72\x6f\x6b\x65\x3d\x22\x23\x45\x36\x45\
\x38\x45\x41\x22\x20\x73\x74\x72\x6f\x6b\x65\x2d\x77\x69\x64\x74\
\x68\x3d\x22\x31\x2e\x33\x35\x22\x20\x2f\x3e\x0a\x20\x20\x3c\x67\
\x20\x73\x74\x72\x6f\x6b\x65\x3d\x22\x23\x45\x36\x45\x38\x45\x41\
\x22\x20\x73\x74\x72\x6f\x6b\x65\x2d\x77\x69\x64\x74\x68\x3d\x22\
\x31\x2e\x33\x35\x22\x20\x73\x74\x72\x6f\x6b\x65\x2d\x6c\x69\x6e\
\x65\x63\x61\x70\x3d\x22\x72\x6f\x75\x6e\x64\x22\x3e\x0a\x20\x20\
\x20\x20\x3c\x70\x61\x74\x68\x20\x64\x3d\x22\x4d\x31\x32\x20\x35\
\x2e\x37\x76\x32\x2e\x37\x4d\x31\x32\x20\x31\x35\x76\x32\x2e\x37\
\x4d\x36\x20\x31\x31\x2e\x37\x68\x32\x2e\x37\x4d\x31\x35\x2e\x33\
\x20\x31\x31\x2e\x37\x48\x31\x38\x22\x20\x2f\x3e\x0a\x20\x20\x3c\
\x2f\x67\x3e\x0a\x3c\x2f\x73\x76\x67\x3e\x0a\
\x00\x00\x01\x34\
\x3c\
\x73\x76\x67\x20\x78\x6d\x6c\x6e\x73\x3d\x22\x68\x74\x74\x70\x3a\
\x2f\x2f\x77\x77\x77\x2e\x77\x33\x2e\x6f\x72\x67\x2f\x32\x30\x30\
\x30\x2f\x73\x76\x67\x22\x20\x77\x69\x64\x74\x68\x3d\x22\x32\x34\
\x22\x20\x68\x65\x69\x67\x68\x74\x3d\x22\x32\x34\x22\x20\x76\x65\
\x72\x73\x69\x6f\x6e\x3d\x22\x31\x2e\x31\x22\x20\x76\x69\x65\x77\
\x42\x6f\x78\x3d\x22\x30\x20\x30\x20\x32\x34\x20\x32\x34\x22\x3e\
\x0a\x20\x20\x3c\x67\x20\x74\x72\x61\x6e\x73\x66\x6f\x72\x6d\x3d\
\x22\x74\x72\x61\x6e\x73\x6c\x61\x74\x65\x28\x2d\x30\x29\x20\x73\
\x63\x61\x6c\x65\x28\x2e\x30\x34\x36\x38\x37\x35\x29\x22\x3e\x0a\
\x20\x20\x20\x20\x3c\x70\x61\x74\x68\x20\x69\x64\x3d\x22\x61\x22\
\x20\x64\x3d\x22\x6d\x34\x34\x2e\x30\x30\x38\x20\x34\x32\x38\x2e\
\x34\x31\x63\x31\x39\x36\x20\x30\x20\x33\x30\x36\x2d\x34\x20\x33\
\x35\x33\x2d\x37\x34\x20\x33\x31\x2d\x34\x36\x20\x34\x35\x2d\x31\
\x34\x32\x20\x35\x31\x2d\x32\x39\x30\x22\x20\x66\x69\x6c\x6c\x3d\
\x22\x6e\x6f\x6e\x65\x22\x20\x73\x74\x72\x6f\x6b\x65\x3d\x22\x23\
\x45\x36\x45\x38\x45\x41\x22\x20\x73\x74\x72\x6f\x6b\x65\x2d\x6c\
\x69\x6e\x65\x6a\x6f\x69\x6e\x3d\x22\x72\x6f\x75\x6e\x64\x22\x20\
\x73\x74\x72\x6f\x6b\x65\x2d\x77\x69\x64\x74\x68\x3d\x22\x34\x30\
\x22\x20\x2f\x3e\x0a\x20\x20\x3c\x2f\x67\x3e\x0a\x3c\x2f\x73\x76\
\x67\x3e\x0a\
\x00\x00\x01\xdb\
\x3c\
\x73\x76\x67\x20\x78\x6d\x6c\x6e\x73\x3d\x22\x68\x74\x74\x70\x3a\
\x2f\x2f\x77\x77\x77\x2e\x77\x33\x2e\x6f\x72\x67\x2f\x32\x30\x30\
\x30\x2f\x73\x76\x67\x22\x20\x77\x69\x64\x74\x68\x3d\x22\x32\x34\
\x22\x20\x68\x65\x69\x67\x68\x74\x3d\x22\x32\x34\x22\x20\x76\x65\
\x72\x73\x69\x6f\x6e\x3d\x22\x31\x2e\x31\x22\x20\x76\x69\x65\x77\
\x42\x6f\x78\x3d\x22\x30\x20\x30\x20\x32\x34\x20\x32\x34\x22\x3e\
\x0a\x20\x20\x3c\x67\x20\x74\x72\x61\x6e\x73\x66\x6f\x72\x6d\x3d\
\x22\x74\x72\x61\x6e\x73\x6c\x61\x74\x65\x28\x2d\x30\x29\x20\x73\
\x63\x61\x6c\x65\x28\x2e\x30\x34\x36\x38\x37\x35\x29\x22\x3e\x0a\
\x20\x20\x20\x20\x3c\x70\x61\x74\x68\x20\x69\x64\x3d\x22\x61\x22\
\x20\x64\x3d\x22\x6d\x38\x39\x2e\x30\x31\x32\x20\x34\x36\x36\x2e\
\x33\x36\x76\x2d\x33\x37\x33\x2e\x39\x38\x63\x30\x2d\x31\x32\x2e\
\x38\x35\x35\x20\x34\x2e\x35\x37\x37\x33\x2d\x32\x33\x2e\x38\x36\
\x20\x31\x33\x2e\x37\x33\x32\x2d\x33\x33\x2e\x30\x31\x35\x73\x32\
\x30\x2e\x31\x36\x2d\x31\x33\x2e\x37\x33\x32\x20\x33\x33\x2e\x30\
\x31\x35\x2d\x31\x33\x2e\x37\x33\x32\x68\x32\x33\x33\x2e\x37\x34\
\x63\x31\x32\x2e\x38\x35\x35\x20\x30\x20\x32\x33\x2e\x38\x36\x20\
\x34\x2e\x35\x37\x37\x33\x20\x33\x33\x2e\x30\x31\x35\x20\x31\x33\
\x2e\x37\x33\x32\x73\x31\x33\x2e\x37\x33\x32\x20\x32\x30\x2e\x31\
\x36\x20\x31\x33\x2e\x37\x33\x32\x20\x33\x33\x2e\x30\x31\x35\x76\
\x33\x37\x33\x2e\x39\x38\x6c\x2d\x31\x36\x33\x2e\x36\x31\x2d\x37\
\x30\x2e\x31\x32\x31\x7a\x6d\x34\x36\x2e\x37\x34\x37\x2d\x37\x31\
\x2e\x32\x38\x39\x20\x31\x31\x36\x2e\x38\x37\x2d\x35\x30\x2e\x32\
\x35\x33\x20\x31\x31\x36\x2e\x38\x37\x20\x35\x30\x2e\x32\x35\x33\
\x76\x2d\x33\x30\x32\x2e\x36\x39\x68\x2d\x32\x33\x33\x2e\x37\x34\
\x7a\x6d\x30\x2d\x33\x30\x32\x2e\x36\x39\x68\x32\x33\x33\x2e\x37\
\x34\x7a\x22\x20\x66\x69\x6c\x6c\x3d\x22\x23\x45\x36\x45\x38\x45\
\x41\x22\x20\x73\x74\x72\x6f\x6b\x65\x2d\x77\x69\x64\x74\x68\x3d\
\x22\x2e\x35\x38\x34\x33\x34\x22\x20\x2f\x3e\x0a\x20\x20\x3c\x2f\
\x67\x3e\x0a\x3c\x2f\x73\x76\x67\x3e\x0a\
\x00\x00\x02\x9c\
\x3c\
\x73\x76\x67\x20\x78\x6d\x6c\x6e\x73\x3d\x22\x68\x74\x74\x70\x3a\
\x2f\x2f\x77\x77\x77\x2e\x77\x33\x2e\x6f\x72\x67\x2f\x32\x30\x30\
\x30\x2f\x73\x76\x67\x22\x20\x77\x69\x64\x74\x68\x3d\x22\x32\x34\
\x22\x20\x68\x65\x69\x67\x68\x74\x3d\x22\x32\x34\x22\x20\x76\x65\
\x72\x73\x69\x6f\x6e\x3d\x22\x31\x2e\x31\x22\x20\x76\x69\x65\x77\
\x42\x6f\x78\x3d\x22\x30\x20\x30\x20\x32\x34\x20\x32\x34\x22\x3e\
\x0a\x20\x20\x3c\x67\x20\x74\x72\x61\x6e\x73\x66\x6f\x72\x6d\x3d\
\x22\x74\x72\x61\x6e\x73\x6c\x61\x74\x65\x28\x2d\x30\x29\x20\x73\
\x63\x61\x6c\x65\x28\x2e\x30\x34\x36\x38\x37\x35\x29\x22\x3e\x0a\
\x20\x20\x20\x20\x3c\x67\x20\x69\x64\x3d\x22\x61\x22\x20\x74\x72\
\x61\x6e\x73\x66\x6f\x72\x6d\x3d\x22\x6d\x61\x74\x72\x69\x78\x28\
\x33\x32\x20\x30\x20\x30\x20\x33\x32\x20\x2d\x31\x32\x36\x2e\x36\
\x36\x20\x2d\x31\x33\x32\x2e\x38\x31\x29\x22\x20\x66\x69\x6c\x6c\
\x3d\x22\x23\x45\x36\x45\x38\x45\x41\x22\x3e\x0a\x20\x20\x20\x20\
\x20\x20\x3c\x63\x69\x72\x63\x6c\x65\x20\x69\x64\x3d\x22\x62\x22\
\x20\x63\x78\x3d\x22\x38\x2e\x36\x32\x35\x22\x20\x63\x79\x3d\x22\
\x31\x34\x2e\x35\x22\x20\x72\x3d\x22\x31\x2e\x35\x22\x20\x66\x69\
\x6c\x6c\x3d\x22\x23\x45\x36\x45\x38\x45\x41\x22\x20\x2f\x3e\x0a\
\x20\x20\x20\x20\x3c\x2f\x67\x3e\x0a\x20\x20\x20\x20\x3c\x67\x20\
\x69\x64\x3d\x22\x63\x22\x20\x74\x72\x61\x6e\x73\x66\x6f\x72\x6d\
\x3d\x22\x6d\x61\x74\x72\x69\x78\x28\x31\x2e\x31\x32\x35\x20\x30\
\x20\x30\x20\x31\x2e\x31\x32\x35\x20\x33\x35\x31\x2e\x36\x36\x20\
\x31\x37\x37\x2e\x37\x31\x29\x22\x20\x73\x74\x72\x6f\x6b\x65\x3d\
\x22\x23\x45\x36\x45\x38\x45\x41\x22\x3e\x0a\x20\x20\x20\x20\x20\
\x20\x3c\x67\x20\x69\x64\x3d\x22\x64\x22\x20\x74\x72\x61\x6e\x73\
\x66\x6f\x72\x6d\x3d\x22\x6d\x61\x74\x72\x69\x78\x28\x32\x35\x20\
\x30\x20\x30\x20\x32\x35\x20\x2d\x34\x36\x35\x2e\x39\x37\x20\x2d\
\x33\x31\x37\x2e\x39\x36\x29\x22\x3e\x0a\x20\x20\x20\x20\x20\x20\
\x20\x20\x3c\x72\x65\x63\x74\x20\x69\x64\x3d\x22\x65\x22\x20\x78\
\x3d\x22\x31\x34\x2e\x36\x38\x35\x22\x20\x79\x3d\x22\x37\x2e\x32\
\x32\x30\x36\x22\x20\x77\x69\x64\x74\x68\x3d\x22\x31\x2e\x31\x39\
\x38\x33\x22\x20\x68\x65\x69\x67\x68\x74\x3d\x22\x31\x36\x2e\x35\
\x31\x38\x22\x20\x72\x78\x3d\x22\x30\x22\x20\x72\x79\x3d\x22\x30\
\x22\x20\x66\x69\x6c\x6c\x3d\x22\x23\x45\x36\x45\x38\x45\x41\x22\
\x20\x73\x74\x72\x6f\x6b\x65\x3d\x22\x23\x45\x36\x45\x38\x45\x41\
\x22\x20\x73\x74\x72\x6f\x6b\x65\x2d\x6c\x69\x6e\x65\x63\x61\x70\
\x3d\x22\x73\x71\x75\x61\x72\x65\x22\x20\x73\x74\x72\x6f\x6b\x65\
\x2d\x6d\x69\x74\x65\x72\x6c\x69\x6d\x69\x74\x3d\x22\x30\x22\x20\
\x73\x74\x72\x6f\x6b\x65\x2d\x77\x69\x64\x74\x68\x3d\x22\x2e\x32\
\x31\x32\x33\x34\x22\x20\x2f\x3e\x0a\x20\x20\x20\x20\x20\x20\x3c\
\x2f\x67\x3e\x0a\x20\x20\x20\x20\x3c\x2f\x67\x3e\x0a\x20\x20\x3c\
\x2f\x67\x3e\x0a\x3c\x2f\x73\x76\x67\x3e\x0a\
\x00\x00\x02\xc3\
\x3c\
\x73\x76\x67\x20\x78\x6d\x6c\x6e\x73\x3d\x22\x68\x74\x74\x70\x3a\
\x2f\x2f\x77\x77\x77\x2e\x77\x33\x2e\x6f\x72\x67\x2f\x32\x30\x30\
\x30\x2f\x73\x76\x67\x22\x20\x77\x69\x64\x74\x68\x3d\x22\x32\x34\
\x22\x20\x68\x65\x69\x67\x68\x74\x3d\x22\x32\x34\x22\x20\x76\x65\
\x72\x73\x69\x6f\x6e\x3d\x22\x31\x2e\x31\x22\x20\x76\x69\x65\x77\
\x42\x6f\x78\x3d\x22\x30\x20\x30\x20\x32\x34\x20\x32\x34\x22\x3e\
\x0a\x20\x20\x3c\x67\x20\x74\x72\x61\x6e\x73\x66\x6f\x72\x6d\x3d\
\x22\x74\x72\x61\x6e\x73\x6c\x61\x74\x65\x28\x2d\x30\x29\x20\x73\
\x63\x61\x6c\x65\x28\x2e\x30\x34\x36\x38\x37\x35\x29\x22\x3e\x0a\
\x20\x20\x20\x20\x3c\x67\x20\x69\x64\x3d\x22\x61\x22\x20\x74\x72\
\x61\x6e\x73\x66\x6f\x72\x6d\x3d\x22\x6d\x61\x74\x72\x69\x78\x28\
\x30\x20\x2d\x31\x20\x2d\x31\x20\x30\x20\x35\x31\x31\x2e\x33\x36\
\x20\x34\x34\x35\x2e\x32\x34\x29\x22\x3e\x0a\x20\x20\x20\x20\x20\
\x20\x3c\x63\x69\x72\x63\x6c\x65\x20\x69\x64\x3d\x22\x62\x22\x20\
\x74\x72\x61\x6e\x73\x66\x6f\x72\x6d\x3d\x22\x6d\x61\x74\x72\x69\
\x78\x28\x33\x32\x20\x30\x20\x30\x20\x33\x32\x20\x2d\x31\x32\x36\
\x2e\x36\x36\x20\x2d\x31\x33\x32\x2e\x38\x31\x29\x22\x20\x63\x78\
\x3d\x22\x38\x2e\x36\x32\x35\x22\x20\x63\x79\x3d\x22\x31\x34\x2e\
\x35\x22\x20\x72\x3d\x22\x31\x2e\x35\x22\x20\x66\x69\x6c\x6c\x3d\
\x22\x23\x45\x36\x45\x38\x45\x41\x22\x20\x2f\x3e\x0a\x20\x20\x20\
\x20\x20\x20\x3c\x67\x20\x69\x64\x3d\x22\x63\x22\x20\x74\x72\x61\
\x6e\x73\x66\x6f\x72\x6d\x3d\x22\x6d\x61\x74\x72\x69\x78\x28\x31\
\x2e\x31\x32\x35\x20\x30\x20\x30\x20\x31\x2e\x31\x32\x35\x20\x33\
\x35\x31\x2e\x36\x36\x20\x31\x37\x37\x2e\x37\x31\x29\x22\x20\x73\
\x74\x72\x6f\x6b\x65\x3d\x22\x23\x45\x36\x45\x38\x45\x41\x22\x3e\
\x0a\x20\x20\x20\x20\x20\x20\x20\x20\x3c\x67\x20\x69\x64\x3d\x22\
\x64\x22\x20\x74\x72\x61\x6e\x73\x66\x6f\x72\x6d\x3d\x22\x6d\x61\
\x74\x72\x69\x78\x28\x32\x35\x20\x30\x20\x30\x20\x32\x35\x20\x2d\
\x34\x36\x35\x2e\x39\x37\x20\x2d\x33\x31\x37\x2e\x39\x36\x29\x22\
\x3e\x0a\x20\x20\x20\x20\x20\x20\x20\x20\x20\x20\x3c\x72\x65\x63\
\x74\x20\x69\x64\x3d\x22\x65\x22\x20\x78\x3d\x22\x31\x34\x2e\x36\
\x38\x35\x22\x20\x79\x3d\x22\x37\x2e\x32\x32\x30\x36\x22\x20\x77\
\x69\x64\x74\x68\x3d\x22\x31\x2e\x31\x39\x38\x33\x22\x20\x68\x65\
\x69\x67\x68\x74\x3d\x22\x31\x36\x2e\x35\x31\x38\x22\x20\x72\x78\
\x3d\x22\x30\x22\x20\x72\x79\x3d\x22\x30\x22\x20\x66\x69\x6c\x6c\
\x3d\x22\x23\x45\x36\x45\x38\x45\x41\x22\x20\x73\x74\x72\x6f\x6b\
\x65\x3d\x22\x23\x45\x36\x45\x38\x45\x41\x22\x20\x73\x74\x72\x6f\
\x6b\x65\x2d\x6c\x69\x6e\x65\x63\x61\x70\x3d\x22\x73\x71\x75\x61\
\x72\x65\x22\x20\x73\x74\x72\x6f\x6b\x65\x2d\x6d\x69\x74\x65\x72\
\x6c\x69\x6d\x69\x74\x3d\x22\x30\x22\x20\x73\x74\x72\x6f\x6b\x65\
\x2d\x77\x69\x64\x74\x68\x3d\x22\x2e\x32\x31\x32\x33\x34\x22\x20\
\x2f\x3e\x0a\x20\x20\x20\x20\x20\x20\x20\x20\x3c\x2f\x67\x3e\x0a\
\x20\x20\x20\x20\x20\x20\x3c\x2f\x67\x3e\x0a\x20\x20\x20\x20\x3c\
\x2f\x67\x3e\x0a\x20\x20\x3c\x2f\x67\x3e\x0a\x3c\x2f\x73\x76\x67\
\x3e\x0a\
\x00\x00\x09\x8e\
\x00\
\x00\x2b\x28\x78\x9c\xd5\x9a\xdb\x52\xe3\x3a\x16\x86\xef\xf7\x53\
\xa8\xbc\x6f\x9a\xaa\x91\xd0\xf9\xb0\x8b\xec\x8b\x79\x82\x79\x85\
\x10\x02\x49\x13\x12\x3a\xa4\x39\xf4\xd3\xcf\x2f\x2f\x99\xed\x20\
\x93\x76\x20\xdd\x53\x53\x54\xc5\x89\x6d\xad\xe3\xa7\xa5\x25\x9b\
\x8b\x87\xc7\x1b\xf6\xb4\xbc\xda\x2d\x26\x8d\xb6\x0d\x5b\xcc\x97\
\x37\x8b\x1d\x7d\x7f\x9c\x6f\x1f\x96\x9b\xf5\xa4\x51\x42\xe1\xd7\
\x72\xfe\xf4\xef\xcd\xf3\xa4\x91\x4c\x32\x6d\x59\xbe\xe3\xf9\x6e\
\xb5\x7e\x98\x34\x8b\xdd\xee\xfe\xaf\xf3\xf3\xa7\xa7\x27\xf1\x64\
\xc4\x66\x7b\x73\xae\xa5\x94\xe7\x10\xdd\xfc\xfd\x07\xbb\xb8\x61\
\xbb\xed\x74\xfd\x70\xbd\xd9\xde\x4d\x9a\xf6\xeb\x6a\xba\x9b\x7f\
\xe1\xf2\x8c\x3d\xcc\xa6\xab\xf9\x17\x21\xad\x8f\xc1\x9d\x35\xec\
\x7a\xb9\x5a\x4d\x9a\xf5\x66\x3d\x6f\xd8\xc3\x6e\xbb\xb9\x9d\x4f\
\x9a\x3f\x21\xab\xfb\xc5\x57\xcb\xf5\x7c\x36\xbd\x9f\x34\xdb\xcd\
\xf7\xf5\xd5\xde\xe9\xaf\x9b\xe5\xfa\xed\xf9\xe2\x99\xd1\xd9\x10\
\x76\x71\x35\xbf\x7e\x60\xcb\xab\x49\xf3\xbd\xfd\xcd\x2e\x66\xab\
\xe5\xfd\x7f\xa6\xbb\x45\x7b\xf2\x8a\x4e\xb2\x8b\xfb\xee\xcc\x63\
\xc3\xf0\x79\xa7\xb4\x76\xcc\x98\x45\x88\xfa\x31\x39\xb5\xe0\xf8\
\xf2\xa3\x39\x27\x11\xe7\x9d\x8c\x01\x89\xb3\x4a\xe2\x53\x91\x18\
\xad\x13\x91\x69\x61\x93\x57\x4c\x25\x25\x8c\x67\xca\x1a\xe1\x1c\
\xf7\x4e\x09\xe8\x8b\x3e\x0a\xc5\xe9\x12\xa7\x4b\xa3\x74\x5e\x56\
\x3a\x9f\x49\xa7\x97\x8e\x79\xa5\x17\x4a\x86\xf4\xa8\xa4\x93\x0b\
\x9e\xbf\x8e\x12\x3a\xad\x84\xbe\x14\x47\xa4\x32\xc2\x30\x17\x95\
\x70\x91\x05\x29\xe1\x95\xd3\x4e\x04\xc7\xad\x89\xc2\xe6\x4b\x56\
\x58\xc5\xdb\x4b\x9c\x2e\x8d\x52\xb9\xab\x54\xfe\x20\x95\x2e\x68\
\x16\x5c\x58\x98\x98\x1e\x6d\xf4\x0b\x8e\x2f\xa3\x24\x3e\x54\x12\
\xa7\x53\x12\x99\x60\x5c\x36\xdf\x78\x61\x3d\x83\x2f\x21\x05\xc4\
\x0a\x91\x37\xdc\xd8\x24\x52\x64\xd6\x7b\xe1\x78\x7b\xc9\x70\xba\
\x34\x4a\xe9\xb6\x56\x7a\x59\xf2\xe1\x12\x8b\xda\x2c\x4c\x92\xc5\
\x8f\x24\x47\x89\xfc\x56\x8b\x9c\x15\x3f\x62\x14\x5a\xb1\x28\xb5\
\xd0\x07\xdc\x50\x1f\xf0\xe3\xbe\x56\x7a\x45\x4a\x83\x0d\x2c\xc6\
\x74\xbc\x1f\x9b\x5a\xe4\xbc\xa3\x2a\xe4\xe9\x11\x7d\x10\xc9\x0e\
\x39\x12\xfa\xf9\x08\xc7\xf8\xb1\xae\x95\x5e\x93\xd2\x68\x2c\x4b\
\xce\x1d\xef\xc7\x5d\x2d\xf2\xa6\xf8\xa1\x3c\xe6\x2d\x4b\xc6\x08\
\x1f\x4f\xeb\xc7\xaa\x56\xba\x28\x10\x68\xcd\x94\xd4\xf2\x78\x47\
\x6e\x6b\x99\xcb\xae\x02\xa2\x28\x29\x96\x52\x12\x76\x90\xac\xb0\
\x47\xd6\x51\x9e\x7c\xad\xb5\x7e\x7d\x2d\x2e\x12\xae\xc0\x85\xa3\
\x5d\x59\xd6\x42\x6f\x8b\x50\x83\xba\x14\x20\xd6\xbb\xe1\x49\xf2\
\xf1\x9c\x2c\x6a\xa5\xab\xce\x13\x88\x55\xca\xe9\xe3\x3d\xb9\xa9\
\x85\xde\x15\xa1\x56\xa3\x5e\x41\xac\x91\x22\x9d\xd6\x93\xeb\x5a\
\xe9\xba\x43\x3a\x3a\xa6\xb4\x8a\xc7\x7b\x32\xaf\x85\x6e\x8a\x50\
\xa7\xb2\x1f\xc9\x8b\xc1\xea\x7b\x0c\x5c\x17\xe7\x79\x91\x6f\xbf\
\xdd\x50\xfc\x4c\xd3\xef\x3f\xee\xa6\xbb\xed\xf2\xf9\x0b\x96\xab\
\x7f\x49\xfc\xe5\x23\x57\xda\xe3\xc3\xc8\xb3\xd2\x15\x94\x81\x6a\
\x68\xa0\xf0\x5a\x5a\xc7\xb8\x50\xde\x63\x95\xee\x0e\x74\x36\x08\
\x9f\x1c\xaa\x88\x15\x52\x9f\xf5\x3a\x18\x67\xf2\x5f\xed\xfe\x3d\
\xb9\x6f\x92\x13\x12\xdd\x40\x32\x42\xfb\x19\xd7\x79\x31\xb2\x2c\
\x78\x11\x55\xe2\x98\x72\xce\x22\x3a\x5a\xe7\x65\x54\xe1\x6c\x6e\
\x15\xa4\x12\x51\xf3\x72\x0b\x0d\xe0\xe5\x16\x1a\xc0\xcb\x2d\x65\
\x40\xb9\x85\x06\xb0\xee\x96\x76\x00\xa3\x5b\xca\x00\x86\x35\x30\
\x78\xf8\x20\xa2\x93\x89\x21\xee\x1e\xbf\x8c\x16\x49\x62\xb6\x60\
\xf5\x56\xcc\x6b\x7c\x9a\xb7\x3d\x16\x56\xf6\x64\x43\xc9\x09\x9c\
\xdc\xac\x5e\x72\x57\x46\x8e\x7e\x6b\x86\x7b\x40\x85\xa9\x88\x80\
\x45\x21\x4d\xf0\x88\xd8\x3d\x7a\xb8\x1d\x3a\x4a\x83\x72\xa9\x74\
\x64\xed\x31\x78\xe8\x97\xf9\x78\x50\xe7\xc5\xf9\xcd\x5e\xfa\xec\
\x60\xfa\x30\xef\x93\x41\xfa\xa4\xb2\x39\xc8\xaf\x47\x3a\x8f\x2c\
\x0a\x15\x98\x46\xb8\x94\x3f\xeb\x12\x46\x02\xa7\xdb\x61\x90\x34\
\xcb\x1d\x71\x3e\xa2\xbd\x51\xb9\xd0\x23\x94\x22\x19\xdd\x8d\x7f\
\x15\xf0\xd0\xb0\x8c\x2a\xcf\x00\xa0\x07\xdd\xae\xbe\xfc\x79\x75\
\x56\xf9\x04\x24\x5d\xec\x86\xbe\x8e\xdd\xd5\x63\x67\x3f\x1b\xdb\
\x47\xed\x7b\x99\x69\xc9\x38\x4c\xb2\xa0\x84\x44\x37\x00\x3b\x3d\
\xd2\x8a\x55\xd6\x19\x35\x43\x35\xd1\x31\xa1\x1b\x45\x7a\x13\xb3\
\x5a\x48\x74\x28\x26\x8b\x54\x0c\xd3\x50\x47\x1c\x8c\x88\x06\xcb\
\x0b\x86\x2b\x50\x08\x9a\x22\xea\x1a\xf8\x08\x22\xe0\x32\x3a\x56\
\x8b\x69\xe0\x82\x90\x21\x72\x53\xba\x5b\x8c\x91\x89\x2b\x27\x8c\
\xce\x90\x0b\x97\xaf\x81\x78\x88\x75\x58\xe6\xbd\x59\x71\x87\xab\
\x1e\xed\x69\x0c\xc2\xb8\x19\xcf\x26\x68\x64\x23\x1b\xe4\x78\x6b\
\x82\x23\x83\x72\x5b\x09\x4a\x63\x6b\x50\x08\x3c\x9b\x90\x54\x6b\
\x90\xe6\xad\x15\x70\xc0\xf2\x6c\x01\x58\xce\xf6\xe4\x89\x41\x16\
\x60\x29\xe6\x45\x7d\x36\xc6\x68\xde\xaa\x0f\xc5\x98\x15\xa7\x70\
\xf0\x1c\x8e\x80\x69\x48\xda\x29\x1c\x9c\xc2\x41\xb6\x28\x5e\xb4\
\x93\x2d\x9c\xb4\x53\x34\xd0\xaa\x0b\x29\x2d\xd9\x82\xd2\x4b\x16\
\x14\x7b\x28\x22\x64\x0f\xaa\x68\x1b\x91\x62\x12\x23\x23\x78\x89\
\x08\x05\x84\x97\x80\x14\x1b\xc8\x22\xd6\xd9\x40\x09\x2a\x36\x90\
\x45\xac\x33\x22\x5b\xc4\x8a\x0d\x64\x51\x97\x15\xb2\xa8\x64\x85\
\xe5\xf6\x24\x1b\x00\xe3\x28\x26\x94\x92\x50\xcc\xf9\xd1\x6d\xc9\
\x72\x09\x8b\xee\xfa\x1d\xe0\xce\x5f\x69\x2d\x73\x70\xef\x5b\x21\
\xf8\xb1\x26\xf8\x72\x2c\xfd\x4f\xf5\xd8\xe9\x31\xf4\x3f\x77\x8b\
\x97\x34\x68\x63\xbc\xc3\xf4\xce\xfb\x14\x29\x24\x6a\x4b\xc2\x2f\
\x37\x2b\xc1\xed\xd3\xef\xfa\xf4\x23\xb8\x05\x3d\x0a\xee\x1b\xf8\
\x5d\x1f\x7e\xd4\xdd\x9f\xc1\x8f\xa6\xb9\x83\xdf\xa0\x5d\x8f\x86\
\x59\xd8\xe6\xc3\x20\xfc\x6a\x2c\xfc\xee\x0d\xfc\xd6\xfd\x03\x7f\
\x8b\x5e\x8f\x7f\x40\x43\x16\x14\x7b\x30\x0b\xdb\x80\xf0\x12\x90\
\x0f\x4d\x80\x04\xba\xdf\x85\xbf\x33\xa6\xa0\x36\x44\x7e\x58\x51\
\x34\x78\x1b\x0d\xff\x69\xf2\xbb\x74\x0c\x53\x0f\xe5\x7d\xea\xcd\
\x2f\xa0\xfe\xa5\x26\x77\x57\x91\xab\xb0\xbc\x1a\x57\x51\xff\xa3\
\x1e\xfb\xf0\xb3\xb1\x3d\xea\x2f\xbb\xdd\xad\xc5\xd6\x1b\xbb\xdb\
\x76\x37\x35\xb3\x80\x0c\x1d\x15\x42\x80\x6a\x00\x48\x82\x0c\x58\
\x00\x22\x3a\xfc\x0c\x52\x5e\xe5\x21\x31\x9f\xc4\xa2\x9c\x4c\x5e\
\x86\xdb\x1e\x41\xb6\x6b\x83\x46\x5c\xbd\x67\x58\x76\x23\x7a\x12\
\x8b\xfb\x41\x18\xf2\xa5\xa5\xc9\xa2\x92\x4f\x6d\x11\xc5\x8a\xad\
\x72\x56\xb8\x36\x22\x04\xd3\xf6\x14\x1a\x80\x69\x87\x24\x31\x83\
\xfc\x61\xb9\xc9\x30\x48\x6c\xef\x54\x10\xd6\x85\xdc\xc4\x60\x15\
\xca\x1a\xb0\x31\xd5\x11\x95\x18\x79\xca\x77\x00\xaf\xd6\x84\x6c\
\x4f\xf0\xbc\x98\x40\x06\x71\x32\xa1\x35\x08\xd0\x38\xe1\x60\x32\
\xc7\x22\x9c\x20\x04\xb7\x44\x0b\x3e\x72\xb3\x68\x32\xf2\x0e\x16\
\xc1\xd5\xa0\x80\x10\x8c\x74\x79\x89\x42\x14\x12\xcf\x51\x30\x2a\
\x5f\xc3\x66\x23\x23\x14\x49\x2b\xc2\xc0\x5b\xb5\x81\x6c\xe0\x45\
\x2b\xd9\xc0\x8b\xd6\x62\x03\x85\x81\x53\x18\xda\xa5\x35\xf2\x36\
\x0a\x8c\xa2\xc0\xdb\x28\xf8\x55\x1b\x04\x5e\x82\xa0\x8a\x87\x6d\
\x0c\x18\xc5\x80\xb7\x31\x60\x14\x03\x4e\x31\xa0\x34\x90\x31\xbe\
\xa4\xa1\x58\xd3\xa5\x81\xac\x61\x14\x03\xd6\xc6\x20\x6f\x04\xd1\
\xc7\x69\x46\x31\x60\x14\x03\x46\x31\xe8\x51\xee\xa6\xee\xaa\x7a\
\x68\x56\xc0\x1a\x43\xf9\xe5\x65\x4d\xea\x76\x24\xe5\x97\xb3\x7a\
\xec\xb7\x63\x28\xbf\xea\xb6\x58\x08\x18\xaa\x70\xbb\xd7\x7e\x8f\
\x72\xa4\x77\x80\xf2\x8c\x2b\xc2\x2b\xfd\x1e\xe6\x9a\x30\x37\x14\
\x5f\x75\x00\x73\x73\x02\xce\x55\x2e\xa0\xaf\x9c\x9b\xb0\xc7\xb9\
\x23\xc6\x54\xb1\xa8\xe5\x1c\x53\x21\xe7\xd8\x11\xe7\x4e\x67\xce\
\x5d\x22\xce\x89\xe5\xb7\x9c\xc7\xb1\x9c\x4b\x7f\x00\x74\xf5\x3e\
\xe8\x66\x8f\xf4\x30\x96\x74\xdb\x43\x5d\x51\x66\x86\x51\x77\x7d\
\xd4\x51\x7f\x5a\xd4\x03\xa3\x30\xf4\x50\x77\x39\xda\xc3\xa8\x5f\
\xcb\xcb\xb9\x9b\x7f\x06\xf5\x79\x8d\xeb\xfd\x58\xd4\xaf\xeb\xb1\
\x9b\x63\x50\x7f\x7d\xac\x84\xc5\x0e\xa0\xb4\x4f\x63\x86\x50\x57\
\x3f\x65\x7d\xb0\xa2\x9b\x81\x8a\x6e\x8e\x2d\xe8\x71\x0f\xf4\xd0\
\x03\x5d\x99\x7e\x41\xc7\x6c\x2b\xc8\x0d\x54\xf4\x42\xba\x25\xd2\
\xc3\x10\xe9\xb6\x47\xba\x0f\xba\x47\xba\x52\xa1\x47\x3a\x16\xb6\
\x21\xd2\xfd\xc9\x2a\xfa\x68\xce\x3f\x55\xd1\x43\x5d\xd1\x0f\x60\
\xfe\xf9\x8a\xbe\xa8\x51\x5d\x8f\xc5\x7c\x59\x8f\xbd\x3b\x06\xf3\
\xee\xf1\x1f\x82\x0f\xba\x92\x77\xd8\x8c\xf7\x30\x47\x7e\x7b\x98\
\x0f\x37\x2e\x63\x31\x57\xde\xbe\xdf\xb8\xfc\x26\xcc\x4b\xe3\x52\
\x30\x4f\xba\x87\x79\xd7\xb8\x7c\xb2\xa0\xff\x62\xcc\xcd\xc9\x30\
\xcf\xf1\x3f\xa2\x71\xf9\x7c\x35\xbf\xad\x51\x5d\x8d\xc5\x7c\x55\
\x8f\xbd\x3d\x06\xf3\xee\x31\xae\x4e\x2a\x3f\xc6\x95\xf9\x31\xee\
\x5e\x35\x4f\x63\xab\xf9\x9b\xce\x65\xbf\x41\x57\xc4\xb9\x3b\xd0\
\xb9\xb0\xd2\x9a\x12\xe8\xea\x40\xe7\x62\x13\x91\x6e\xa9\x75\x71\
\x03\xad\x4b\x1c\x6a\x5d\xdc\x5e\x41\x1f\x6c\x5d\xec\x2f\x68\x5d\
\xf4\xd8\xd6\xc5\x7e\xba\xa4\xef\x77\x2e\x26\xfc\xb4\x73\x29\xac\
\x3b\xfb\xbb\x4a\xfa\xba\xe6\xf5\xeb\x58\xd6\x37\xf5\xd8\xe5\x31\
\xac\xdf\x77\x2f\x5f\x42\x0e\x7b\x7e\xd0\x7f\xc2\xbe\xc5\x0e\x15\
\xf4\xf8\x6e\x41\xf7\x23\x0a\xfa\x09\x36\xa2\x87\xea\xf9\xfe\x46\
\x34\x85\x7e\xdb\x12\x7a\x90\x27\x9a\x5a\x1f\x2e\xe7\xf1\x7f\xbb\
\x0f\x0d\xa5\x6b\x31\xbf\xab\x9c\x7f\xab\x31\x5d\x8c\x45\x7c\x5b\
\x8f\xbd\x39\x06\xf1\x87\xee\xad\x9c\xf7\xf9\xfd\xa2\xf2\x88\x54\
\x0b\xb9\xdb\xeb\x5a\x4c\xbf\x6b\x89\x14\xd1\xff\x7f\xc8\xcd\x48\
\xc8\xbb\xa7\x2d\xa7\x84\xfc\x43\x0f\x5b\x06\x7a\x16\x65\xfa\x90\
\x63\x25\x21\x6b\xca\xd3\x80\x3d\xca\xd5\x5e\x21\x3f\xb0\x05\xa5\
\x6c\x63\x7f\x72\xca\x42\x3e\xf0\x2e\xe8\x7a\x2c\xe5\xdf\xeb\xb1\
\xf3\x63\x28\xef\xfe\x25\xca\x39\x78\x99\xdf\x4a\x46\xa1\x7a\x94\
\x77\xa5\xdc\xf4\x4b\xf9\x5b\xca\xc3\xfb\x4d\x4b\x3c\xf0\xb8\x25\
\x12\xe5\x96\x30\xb7\x2d\xe7\xe6\x10\xe6\x66\x1c\xe6\x66\xb0\x37\
\x77\x7b\x0f\x5b\x06\xb7\xa0\x87\x30\x8f\xef\x63\x6e\x4e\x80\x79\
\x79\xd4\x12\x3e\xd2\xaf\x10\xe7\x5d\xbf\x52\x38\x37\x71\x8f\x73\
\xf7\x3e\xe7\x83\x7b\x50\xca\xf7\x69\xaa\xf9\xeb\x8b\xdc\x37\x2f\
\x74\xf5\xe0\x0b\x5d\x1b\x2c\xaa\x61\x7e\x05\x5b\xbe\xc6\x20\x10\
\x0d\x16\xe1\x55\x30\x67\xfd\x47\xf9\xf9\x1d\x7c\x67\xce\xdd\x72\
\x37\xdf\xae\x96\x38\x4c\x1a\xf9\xd6\x48\xd9\xbd\xf9\xdd\xce\x67\
\x3b\xe2\xfe\xa9\x61\xcf\x93\x46\x1b\x04\xb8\x61\x2f\x93\x06\x49\
\x70\xd2\x36\xdd\xff\x4e\xda\x84\x80\xaa\x7f\xfe\x7f\x52\x39\x04\
\x33\x64\xb9\x2f\xab\xf9\xa4\xb9\x9f\x2e\xd7\x3b\xbe\xd9\x5e\xcd\
\xb7\x7f\x91\xaa\xd6\x2c\x76\x37\xdd\xde\xce\xb7\x0f\xaf\x6f\xcd\
\xff\xd1\xf7\xfc\x46\x9f\xb1\x06\x1a\x7f\x9d\xbe\x97\xbd\xe0\x6e\
\x37\xbb\xfc\x7a\x3e\xc9\xb3\x62\x86\x44\xfe\x5b\x3b\xb8\x93\x60\
\xf8\x17\x3a\xfe\x63\xac\x21\xca\xc7\x93\x1b\x52\x90\xa3\x43\xfb\
\x79\x91\xff\x8d\xf5\xef\x3f\xfe\x0b\x47\xa5\xeb\x12\
\x00\x00\x04\xc1\
\x3c\
\x73\x76\x67\x20\x78\x6d\x6c\x6e\x73\x3d\x22\x68\x74\x74\x70\x3a\
\x2f\x2f\x77\x77\x77\x2e\x77\x33\x2e\x6f\x72\x67\x2f\x32\x30\x30\
\x30\x2f\x73\x76\x67\x22\x20\x77\x69\x64\x74\x68\x3d\x22\x32\x34\
\x22\x20\x68\x65\x69\x67\x68\x74\x3d\x22\x32\x34\x22\x20\x76\x65\
\x72\x73\x69\x6f\x6e\x3d\x22\x31\x2e\x31\x22\x20\x76\x69\x65\x77\
\x42\x6f\x78\x3d\x22\x30\x20\x30\x20\x32\x34\x20\x32\x34\x22\x3e\
\x0a\x20\x20\x3c\x67\x20\x74\x72\x61\x6e\x73\x66\x6f\x72\x6d\x3d\
\x22\x74\x72\x61\x6e\x73\x6c\x61\x74\x65\x28\x2d\x30\x29\x20\x73\
\x63\x61\x6c\x65\x28\x2e\x30\x34\x36\x38\x37\x35\x29\x22\x3e\x0a\
\x20\x20\x20\x20\x3c\x67\x20\x69\x64\x3d\x22\x61\x22\x20\x74\x72\
\x61\x6e\x73\x66\x6f\x72\x6d\x3d\x22\x6d\x61\x74\x72\x69\x78\x28\
\x31\x2e\x31\x32\x35\x20\x30\x20\x30\x20\x31\x2e\x31\x32\x35\x20\
\x33\x35\x31\x2e\x36\x36\x20\x31\x37\x37\x2e\x37\x31\x29\x22\x20\
\x73\x74\x72\x6f\x6b\x65\x3d\x22\x23\x45\x36\x45\x38\x45\x41\x22\
\x3e\x0a\x20\x20\x20\x20\x20\x20\x3c\x67\x20\x69\x64\x3d\x22\x62\
\x22\x20\x74\x72\x61\x6e\x73\x66\x6f\x72\x6d\x3d\x22\x6d\x61\x74\
\x72\x69\x78\x28\x32\x35\x20\x30\x20\x30\x20\x32\x35\x20\x2d\x34\
\x36\x35\x2e\x39\x37\x20\x2d\x33\x31\x37\x2e\x39\x36\x29\x22\x3e\
\x0a\x20\x20\x20\x20\x20\x20\x20\x20\x3c\x70\x61\x74\x68\x20\x69\
\x64\x3d\x22\x63\x22\x20\x64\x3d\x22\x6d\x32\x30\x2e\x32\x37\x36\
\x20\x32\x31\x2e\x34\x36\x38\x2d\x34\x2e\x31\x37\x37\x38\x2d\x34\
\x2e\x31\x37\x37\x38\x63\x2d\x30\x2e\x33\x33\x31\x36\x31\x20\x30\
\x2e\x32\x36\x35\x32\x31\x2d\x30\x2e\x37\x31\x32\x38\x39\x20\x30\
\x2e\x34\x37\x35\x32\x32\x2d\x31\x2e\x31\x34\x33\x38\x20\x30\x2e\
\x36\x33\x30\x30\x32\x2d\x30\x2e\x34\x33\x31\x30\x38\x20\x30\x2e\
\x31\x35\x34\x36\x38\x2d\x30\x2e\x38\x38\x39\x37\x36\x20\x30\x2e\
\x32\x33\x32\x30\x31\x2d\x31\x2e\x33\x37\x36\x20\x30\x2e\x32\x33\
\x32\x30\x31\x2d\x31\x2e\x32\x30\x34\x37\x20\x30\x2d\x32\x2e\x32\
\x32\x34\x33\x2d\x30\x2e\x34\x31\x37\x32\x32\x2d\x33\x2e\x30\x35\
\x38\x37\x2d\x31\x2e\x32\x35\x31\x36\x2d\x30\x2e\x38\x33\x34\x34\
\x33\x2d\x30\x2e\x38\x33\x34\x34\x33\x2d\x31\x2e\x32\x35\x31\x36\
\x2d\x31\x2e\x38\x35\x34\x2d\x31\x2e\x32\x35\x31\x36\x2d\x33\x2e\
\x30\x35\x38\x37\x20\x30\x2d\x31\x2e\x32\x30\x34\x37\x20\x30\x2e\
\x34\x31\x37\x32\x32\x2d\x32\x2e\x32\x32\x34\x33\x20\x31\x2e\x32\
\x35\x31\x36\x2d\x33\x2e\x30\x35\x38\x37\x20\x30\x2e\x38\x33\x34\
\x34\x33\x2d\x30\x2e\x38\x33\x34\x34\x33\x20\x31\x2e\x38\x35\x34\
\x2d\x31\x2e\x32\x35\x31\x36\x20\x33\x2e\x30\x35\x38\x37\x2d\x31\
\x2e\x32\x35\x31\x36\x20\x31\x2e\x32\x30\x34\x37\x20\x30\x20\x32\
\x2e\x32\x32\x34\x33\x20\x30\x2e\x34\x31\x37\x32\x32\x20\x33\x2e\
\x30\x35\x38\x37\x20\x31\x2e\x32\x35\x31\x36\x20\x30\x2e\x38\x33\
\x34\x34\x33\x20\x30\x2e\x38\x33\x34\x34\x33\x20\x31\x2e\x32\x35\
\x31\x36\x20\x31\x2e\x38\x35\x34\x20\x31\x2e\x32\x35\x31\x36\x20\
\x33\x2e\x30\x35\x38\x37\x20\x30\x20\x30\x2e\x34\x38\x36\x32\x38\
\x2d\x30\x2e\x30\x37\x37\x33\x34\x20\x30\x2e\x39\x34\x34\x39\x37\
\x2d\x30\x2e\x32\x33\x32\x30\x31\x20\x31\x2e\x33\x37\x36\x2d\x30\
\x2e\x31\x35\x34\x36\x38\x20\x30\x2e\x34\x33\x31\x30\x38\x2d\x30\
\x2e\x33\x36\x34\x36\x38\x20\x30\x2e\x38\x31\x32\x33\x36\x2d\x30\
\x2e\x36\x33\x30\x30\x32\x20\x31\x2e\x31\x34\x33\x38\x6c\x34\x2e\
\x31\x37\x37\x38\x20\x34\x2e\x31\x37\x37\x38\x7a\x6d\x2d\x36\x2e\
\x36\x39\x37\x37\x2d\x34\x2e\x36\x34\x32\x63\x30\x2e\x38\x32\x38\
\x39\x36\x20\x30\x20\x31\x2e\x35\x33\x33\x35\x2d\x30\x2e\x32\x39\
\x30\x31\x34\x20\x32\x2e\x31\x31\x33\x37\x2d\x30\x2e\x38\x37\x30\
\x34\x33\x20\x30\x2e\x35\x38\x30\x32\x38\x2d\x30\x2e\x35\x38\x30\
\x32\x38\x20\x30\x2e\x38\x37\x30\x34\x33\x2d\x31\x2e\x32\x38\x34\
\x39\x20\x30\x2e\x38\x37\x30\x34\x33\x2d\x32\x2e\x31\x31\x33\x38\
\x20\x30\x2d\x30\x2e\x38\x32\x38\x39\x36\x2d\x30\x2e\x32\x39\x30\
\x31\x34\x2d\x31\x2e\x35\x33\x33\x35\x2d\x30\x2e\x38\x37\x30\x34\
\x33\x2d\x32\x2e\x31\x31\x33\x37\x2d\x30\x2e\x35\x38\x30\x32\x38\
\x2d\x30\x2e\x35\x38\x30\x32\x38\x2d\x31\x2e\x32\x38\x34\x39\x2d\
\x30\x2e\x38\x37\x30\x34\x33\x2d\x32\x2e\x31\x31\x33\x37\x2d\x30\
\x2e\x38\x37\x30\x34\x33\x2d\x30\x2e\x38\x32\x38\x39\x36\x20\x30\
\x2d\x31\x2e\x35\x33\x33\x35\x20\x30\x2e\x32\x39\x30\x31\x34\x2d\
\x32\x2e\x31\x31\x33\x38\x20\x30\x2e\x38\x37\x30\x34\x33\x2d\x30\
\x2e\x35\x38\x30\x32\x38\x20\x30\x2e\x35\x38\x30\x32\x38\x2d\x30\
\x2e\x38\x37\x30\x34\x33\x20\x31\x2e\x32\x38\x34\x39\x2d\x30\x2e\
\x38\x37\x30\x34\x33\x20\x32\x2e\x31\x31\x33\x37\x20\x30\x20\x30\
\x2e\x38\x32\x38\x39\x36\x20\x30\x2e\x32\x39\x30\x31\x34\x20\x31\
\x2e\x35\x33\x33\x35\x20\x30\x2e\x38\x37\x30\x34\x33\x20\x32\x2e\
\x31\x31\x33\x38\x20\x30\x2e\x35\x38\x30\x32\x38\x20\x30\x2e\x35\
\x38\x30\x32\x38\x20\x31\x2e\x32\x38\x34\x39\x20\x30\x2e\x38\x37\
\x30\x34\x33\x20\x32\x2e\x31\x31\x33\x38\x20\x30\x2e\x38\x37\x30\
\x34\x33\x7a\x22\x20\x66\x69\x6c\x6c\x3d\x22\x23\x45\x36\x45\x38\
\x45\x41\x22\x20\x73\x74\x72\x6f\x6b\x65\x2d\x77\x69\x64\x74\x68\
\x3d\x22\x2e\x30\x31\x36\x35\x37\x38\x22\x20\x2f\x3e\x0a\x20\x20\
\x20\x20\x20\x20\x3c\x2f\x67\x3e\x0a\x20\x20\x20\x20\x3c\x2f\x67\
\x3e\x0a\x20\x20\x3c\x2f\x67\x3e\x0a\x3c\x2f\x73\x76\x67\x3e\x0a\
\
\x00\x00\x05\x46\
\x3c\
\x73\x76\x67\x20\x78\x6d\x6c\x6e\x73\x3d\x22\x68\x74\x74\x70\x3a\
\x2f\x2f\x77\x77\x77\x2e\x77\x33\x2e\x6f\x72\x67\x2f\x32\x30\x30\
\x30\x2f\x73\x76\x67\x22\x20\x77\x69\x64\x74\x68\x3d\x22\x32\x34\
\x22\x20\x68\x65\x69\x67\x68\x74\x3d\x22\x32\x34\x22\x20\x76\x65\
\x72\x73\x69\x6f\x6e\x3d\x22\x31\x2e\x31\x22\x20\x76\x69\x65\x77\
\x42\x6f\x78\x3d\x22\x30\x20\x30\x20\x32\x34\x20\x32\x34\x22\x3e\
\x0a\x20\x20\x3c\x67\x20\x74\x72\x61\x6e\x73\x66\x6f\x72\x6d\x3d\
\x22\x74\x72\x61\x6e\x73\x6c\x61\x74\x65\x28\x2d\x30\x29\x20\x73\
\x63\x61\x6c\x65\x28\x2e\x30\x34\x36\x38\x37\x35\x29\x22\x3e\x0a\
\x20\x20\x20\x20\x3c\x67\x20\x69\x64\x3d\x22\x61\x22\x20\x74\x72\
\x61\x6e\x73\x66\x6f\x72\x6d\x3d\x22\x74\x72\x61\x6e\x73\x6c\x61\
\x74\x65\x28\x33\x31\x36\x2e\x34\x20\x2d\x31\x34\x33\x2e\x34\x37\
\x29\x22\x3e\x0a\x20\x20\x20\x20\x20\x20\x3c\x67\x20\x69\x64\x3d\
\x22\x62\x22\x20\x74\x72\x61\x6e\x73\x66\x6f\x72\x6d\x3d\x22\x6d\
\x61\x74\x72\x69\x78\x28\x2e\x38\x32\x31\x32\x38\x20\x30\x20\x30\
\x20\x2e\x38\x32\x31\x32\x38\x20\x2d\x31\x30\x36\x32\x20\x32\x34\
\x2e\x36\x34\x32\x29\x22\x20\x73\x74\x72\x6f\x6b\x65\x2d\x6c\x69\
\x6e\x65\x6a\x6f\x69\x6e\x3d\x22\x72\x6f\x75\x6e\x64\x22\x20\x73\
\x74\x72\x6f\x6b\x65\x2d\x6d\x69\x74\x65\x72\x6c\x69\x6d\x69\x74\
\x3d\x22\x30\x22\x3e\x0a\x20\x20\x20\x20\x20\x20\x20\x20\x3c\x72\
\x65\x63\x74\x20\x69\x64\x3d\x22\x63\x22\x20\x74\x72\x61\x6e\x73\
\x66\x6f\x72\x6d\x3d\x22\x74\x72\x61\x6e\x73\x6c\x61\x74\x65\x28\
\x2d\x33\x31\x36\x2e\x34\x20\x31\x34\x33\x2e\x34\x37\x29\x22\x20\
\x78\x3d\x22\x31\x32\x37\x31\x2e\x35\x22\x20\x79\x3d\x22\x34\x32\
\x2e\x38\x37\x31\x22\x20\x77\x69\x64\x74\x68\x3d\x22\x33\x38\x38\
\x2e\x33\x32\x22\x20\x68\x65\x69\x67\x68\x74\x3d\x22\x33\x39\x39\
\x2e\x34\x22\x20\x72\x79\x3d\x22\x35\x37\x2e\x35\x36\x32\x22\x20\
\x66\x69\x6c\x6c\x3d\x22\x6e\x6f\x6e\x65\x22\x20\x73\x74\x72\x6f\
\x6b\x65\x3d\x22\x23\x45\x36\x45\x38\x45\x41\x22\x20\x73\x74\x72\
\x6f\x6b\x65\x2d\x6c\x69\x6e\x65\x63\x61\x70\x3d\x22\x72\x6f\x75\
\x6e\x64\x22\x20\x73\x74\x72\x6f\x6b\x65\x2d\x77\x69\x64\x74\x68\
\x3d\x22\x33\x36\x2e\x35\x32\x38\x22\x20\x2f\x3e\x0a\x20\x20\x20\
\x20\x20\x20\x20\x20\x3c\x70\x61\x74\x68\x20\x69\x64\x3d\x22\x64\
\x22\x20\x74\x72\x61\x6e\x73\x66\x6f\x72\x6d\x3d\x22\x74\x72\x61\
\x6e\x73\x6c\x61\x74\x65\x28\x2d\x33\x31\x36\x2e\x34\x20\x31\x34\
\x33\x2e\x34\x37\x29\x22\x20\x64\x3d\x22\x6d\x31\x33\x33\x38\x2e\
\x34\x20\x31\x34\x31\x2e\x35\x34\x68\x32\x35\x34\x2e\x33\x37\x22\
\x20\x66\x69\x6c\x6c\x3d\x22\x6e\x6f\x6e\x65\x22\x20\x73\x74\x72\
\x6f\x6b\x65\x3d\x22\x23\x45\x36\x45\x38\x45\x41\x22\x20\x73\x74\
\x72\x6f\x6b\x65\x2d\x77\x69\x64\x74\x68\x3d\x22\x33\x36\x2e\x35\
\x32\x38\x22\x20\x2f\x3e\x0a\x20\x20\x20\x20\x20\x20\x20\x20\x3c\
\x70\x61\x74\x68\x20\x69\x64\x3d\x22\x65\x22\x20\x74\x72\x61\x6e\
\x73\x66\x6f\x72\x6d\x3d\x22\x74\x72\x61\x6e\x73\x6c\x61\x74\x65\
\x28\x2d\x33\x31\x36\x2e\x34\x20\x31\x34\x33\x2e\x34\x37\x29\x22\
\x20\x64\x3d\x22\x6d\x31\x33\x33\x38\x2e\x34\x20\x32\x34\x31\x2e\
\x35\x34\x68\x31\x39\x32\x2e\x30\x34\x22\x20\x66\x69\x6c\x6c\x3d\
\x22\x6e\x6f\x6e\x65\x22\x20\x73\x74\x72\x6f\x6b\x65\x3d\x22\x23\
\x45\x36\x45\x38\x45\x41\x22\x20\x73\x74\x72\x6f\x6b\x65\x2d\x77\
\x69\x64\x74\x68\x3d\x22\x33\x36\x2e\x35\x32\x38\x22\x20\x2f\x3e\
\x0a\x20\x20\x20\x20\x20\x20\x20\x20\x3c\x70\x61\x74\x68\x20\x69\
\x64\x3d\x22\x66\x22\x20\x74\x72\x61\x6e\x73\x66\x6f\x72\x6d\x3d\
\x22\x74\x72\x61\x6e\x73\x6c\x61\x74\x65\x28\x2d\x33\x31\x36\x2e\
\x34\x20\x31\x34\x33\x2e\x34\x37\x29\x22\x20\x64\x3d\x22\x6d\x31\
\x33\x33\x38\x2e\x34\x20\x33\x34\x31\x2e\x35\x34\x68\x31\x31\x30\
\x2e\x36\x34\x22\x20\x66\x69\x6c\x6c\x3d\x22\x6e\x6f\x6e\x65\x22\
\x20\x73\x74\x72\x6f\x6b\x65\x3d\x22\x23\x45\x36\x45\x38\x45\x41\
\x22\x20\x73\x74\x72\x6f\x6b\x65\x2d\x77\x69\x64\x74\x68\x3d\x22\
\x33\x36\x2e\x35\x32\x38\x22\x20\x2f\x3e\x0a\x20\x20\x20\x20\x20\
\x20\x20\x20\x3c\x63\x69\x72\x63\x6c\x65\x20\x69\x64\x3d\x22\x67\
\x22\x20\x63\x78\x3d\x22\x31\x33\x34\x33\x2e\x34\x22\x20\x63\x79\
\x3d\x22\x35\x38\x35\x2e\x37\x33\x22\x20\x72\x3d\x22\x31\x34\x33\
\x2e\x34\x37\x22\x20\x66\x69\x6c\x6c\x3d\x22\x23\x45\x36\x45\x38\
\x45\x41\x22\x20\x73\x74\x72\x6f\x6b\x65\x3d\x22\x23\x66\x66\x66\
\x22\x20\x73\x74\x72\x6f\x6b\x65\x2d\x77\x69\x64\x74\x68\x3d\x22\
\x33\x36\x2e\x35\x32\x38\x22\x20\x2f\x3e\x0a\x20\x20\x20\x20\x20\
\x20\x20\x20\x3c\x67\x20\x69\x64\x3d\x22\x68\x22\x20\x74\x72\x61\
\x6e\x73\x66\x6f\x72\x6d\x3d\x22\x6d\x61\x74\x72\x69\x78\x28\x31\
\x2e\x33\x35\x30\x37\x20\x30\x20\x30\x20\x31\x2e\x33\x35\x30\x37\
\x20\x2d\x34\x37\x35\x2e\x34\x31\x20\x2d\x32\x30\x31\x2e\x31\x37\
\x29\x22\x20\x73\x74\x72\x6f\x6b\x65\x3d\x22\x23\x66\x66\x66\x22\
\x20\x73\x74\x72\x6f\x6b\x65\x2d\x77\x69\x64\x74\x68\x3d\x22\x32\
\x37\x2e\x30\x34\x34\x22\x3e\x0a\x20\x20\x20\x20\x20\x20\x20\x20\
\x20\x20\x3c\x70\x61\x74\x68\x20\x69\x64\x3d\x22\x69\x22\x20\x64\
\x3d\x22\x6d\x31\x32\x39\x37\x2e\x39\x20\x36\x33\x31\x2e\x31\x39\
\x20\x39\x30\x2e\x39\x32\x32\x2d\x39\x30\x2e\x39\x32\x32\x22\x20\
\x66\x69\x6c\x6c\x3d\x22\x23\x45\x36\x45\x38\x45\x41\x22\x20\x2f\
\x3e\x0a\x20\x20\x20\x20\x20\x20\x20\x20\x20\x20\x3c\x70\x61\x74\
\x68\x20\x69\x64\x3d\x22\x6a\x22\x20\x64\x3d\x22\x6d\x31\x33\x30\
\x31\x2e\x37\x20\x35\x33\x38\x2e\x33\x35\x20\x38\x37\x2e\x31\x30\
\x37\x20\x31\x2e\x39\x32\x31\x20\x31\x2e\x39\x32\x31\x31\x20\x38\
\x37\x2e\x31\x30\x37\x22\x20\x66\x69\x6c\x6c\x3d\x22\x6e\x6f\x6e\
\x65\x22\x20\x2f\x3e\x0a\x20\x20\x20\x20\x20\x20\x20\x20\x3c\x2f\
\x67\x3e\x0a\x20\x20\x20\x20\x20\x20\x3c\x2f\x67\x3e\x0a\x20\x20\
\x20\x20\x3c\x2f\x67\x3e\x0a\x20\x20\x3c\x2f\x67\x3e\x0a\x3c\x2f\
\x73\x76\x67\x3e\x0a\
\x00\x00\x02\x23\
\x3c\
\x73\x76\x67\x20\x78\x6d\x6c\x6e\x73\x3d\x22\x68\x74\x74\x70\x3a\
\x2f\x2f\x77\x77\x77\x2e\x77\x33\x2e\x6f\x72\x67\x2f\x32\x30\x30\
\x30\x2f\x73\x76\x67\x22\x20\x77\x69\x64\x74\x68\x3d\x22\x32\x34\
\x22\x20\x68\x65\x69\x67\x68\x74\x3d\x22\x32\x34\x22\x20\x76\x65\
\x72\x73\x69\x6f\x6e\x3d\x22\x31\x2e\x31\x22\x20\x76\x69\x65\x77\
\x42\x6f\x78\x3d\x22\x30\x20\x30\x20\x32\x34\x20\x32\x34\x22\x3e\
\x0a\x20\x20\x3c\x67\x20\x74\x72\x61\x6e\x73\x66\x6f\x72\x6d\x3d\
\x22\x74\x72\x61\x6e\x73\x6c\x61\x74\x65\x28\x2d\x30\x29\x20\x73\
\x63\x61\x6c\x65\x28\x2e\x33\x37\x35\x29\x22\x3e\x0a\x20\x20\x20\
\x20\x3c\x67\x20\x69\x64\x3d\x22\x61\x22\x20\x74\x72\x61\x6e\x73\
\x66\x6f\x72\x6d\x3d\x22\x74\x72\x61\x6e\x73\x6c\x61\x74\x65\x28\
\x32\x2e\x31\x33\x37\x35\x65\x2d\x35\x20\x2d\x33\x2e\x30\x33\x33\
\x65\x2d\x35\x29\x22\x20\x66\x69\x6c\x6c\x3d\x22\x6e\x6f\x6e\x65\
\x22\x20\x73\x74\x72\x6f\x6b\x65\x3d\x22\x23\x45\x36\x45\x38\x45\
\x41\x22\x20\x73\x74\x72\x6f\x6b\x65\x2d\x6c\x69\x6e\x65\x63\x61\
\x70\x3d\x22\x72\x6f\x75\x6e\x64\x22\x20\x73\x74\x72\x6f\x6b\x65\
\x2d\x6c\x69\x6e\x65\x6a\x6f\x69\x6e\x3d\x22\x72\x6f\x75\x6e\x64\
\x22\x20\x73\x74\x72\x6f\x6b\x65\x2d\x6d\x69\x74\x65\x72\x6c\x69\
\x6d\x69\x74\x3d\x22\x30\x22\x20\x73\x74\x72\x6f\x6b\x65\x2d\x77\
\x69\x64\x74\x68\x3d\x22\x35\x22\x3e\x0a\x20\x20\x20\x20\x20\x20\
\x3c\x70\x61\x74\x68\x20\x69\x64\x3d\x22\x62\x22\x20\x64\x3d\x22\
\x6d\x31\x34\x2e\x39\x39\x37\x20\x31\x36\x2e\x33\x30\x35\x76\x33\
\x36\x2e\x36\x32\x32\x68\x32\x38\x2e\x37\x37\x35\x22\x20\x73\x74\
\x79\x6c\x65\x3d\x22\x70\x61\x69\x6e\x74\x2d\x6f\x72\x64\x65\x72\
\x3a\x66\x69\x6c\x6c\x20\x6d\x61\x72\x6b\x65\x72\x73\x20\x73\x74\
\x72\x6f\x6b\x65\x22\x20\x2f\x3e\x0a\x20\x20\x20\x20\x20\x20\x3c\
\x72\x65\x63\x74\x20\x69\x64\x3d\x22\x63\x22\x20\x78\x3d\x22\x32\
\x35\x2e\x34\x36\x22\x20\x79\x3d\x22\x31\x31\x2e\x30\x37\x33\x22\
\x20\x77\x69\x64\x74\x68\x3d\x22\x32\x33\x2e\x35\x34\x33\x22\x20\
\x68\x65\x69\x67\x68\x74\x3d\x22\x33\x31\x2e\x33\x39\x31\x22\x20\
\x73\x74\x79\x6c\x65\x3d\x22\x70\x61\x69\x6e\x74\x2d\x6f\x72\x64\
\x65\x72\x3a\x66\x69\x6c\x6c\x20\x6d\x61\x72\x6b\x65\x72\x73\x20\
\x73\x74\x72\x6f\x6b\x65\x22\x20\x2f\x3e\x0a\x20\x20\x20\x20\x3c\
\x2f\x67\x3e\x0a\x20\x20\x3c\x2f\x67\x3e\x0a\x3c\x2f\x73\x76\x67\
\x3e\x0a\
\x00\x00\x02\x14\
\x3c\
\x73\x76\x67\x20\x78\x6d\x6c\x6e\x73\x3d\x22\x68\x74\x74\x70\x3a\
\x2f\x2f\x77\x77\x77\x2e\x77\x33\x2e\x6f\x72\x67\x2f\x32\x30\x30\
\x30\x2f\x73\x76\x67\x22\x20\x77\x69\x64\x74\x68\x3d\x22\x32\x34\
\x22\x20\x68\x65\x69\x67\x68\x74\x3d\x22\x32\x34\x22\x20\x76\x69\
\x65\x77\x42\x6f\x78\x3d\x22\x30\x20\x30\x20\x32\x34\x20\x32\x34\
\x22\x3e\x0a\x20\x20\x3c\x70\x61\x74\x68\x20\x64\x3d\x22\x4d\x33\
\x2e\x32\x20\x31\x39\x2e\x36\x20\x32\x2e\x32\x20\x37\x2e\x34\x20\
\x31\x32\x20\x31\x2e\x38\x20\x32\x31\x2e\x38\x20\x37\x2e\x34\x20\
\x32\x30\x2e\x38\x20\x31\x39\x2e\x36\x5a\x22\x20\x66\x69\x6c\x6c\
\x3d\x22\x6e\x6f\x6e\x65\x22\x20\x73\x74\x72\x6f\x6b\x65\x3d\x22\
\x23\x45\x36\x45\x38\x45\x41\x22\x20\x73\x74\x72\x6f\x6b\x65\x2d\
\x77\x69\x64\x74\x68\x3d\x22\x31\x2e\x33\x35\x22\x20\x73\x74\x72\
\x6f\x6b\x65\x2d\x6c\x69\x6e\x65\x6a\x6f\x69\x6e\x3d\x22\x72\x6f\
\x75\x6e\x64\x22\x20\x73\x74\x72\x6f\x6b\x65\x2d\x64\x61\x73\x68\
\x61\x72\x72\x61\x79\x3d\x22\x32\x2e\x32\x20\x31\x2e\x38\x22\x20\
\x2f\x3e\x0a\x20\x20\x3c\x70\x61\x74\x68\x20\x64\x3d\x22\x4d\x31\
\x32\x20\x36\x2e\x33\x63\x2d\x32\x2e\x34\x35\x20\x30\x2d\x34\x2e\
\x34\x20\x31\x2e\x39\x33\x2d\x34\x2e\x34\x20\x34\x2e\x33\x32\x20\
\x30\x20\x33\x2e\x32\x38\x20\x34\x2e\x34\x20\x37\x2e\x38\x35\x20\
\x34\x2e\x34\x20\x37\x2e\x38\x35\x73\x34\x2e\x34\x2d\x34\x2e\x35\
\x37\x20\x34\x2e\x34\x2d\x37\x2e\x38\x35\x43\x31\x36\x2e\x34\x20\
\x38\x2e\x32\x33\x20\x31\x34\x2e\x34\x35\x20\x36\x2e\x33\x20\x31\
\x32\x20\x36\x2e\x33\x5a\x22\x20\x66\x69\x6c\x6c\x3d\x22\x6e\x6f\
\x6e\x65\x22\x20\x73\x74\x72\x6f\x6b\x65\x3d\x22\x23\x45\x36\x45\
\x38\x45\x41\x22\x20\x73\x74\x72\x6f\x6b\x65\x2d\x77\x69\x64\x74\
\x68\x3d\x22\x31\x2e\x35\x22\x20\x73\x74\x72\x6f\x6b\x65\x2d\x6c\
\x69\x6e\x65\x6a\x6f\x69\x6e\x3d\x22\x72\x6f\x75\x6e\x64\x22\x20\
\x2f\x3e\x0a\x20\x20\x3c\x63\x69\x72\x63\x6c\x65\x20\x63\x78\x3d\
\x22\x31\x32\x22\x20\x63\x79\x3d\x22\x31\x30\x2e\x37\x22\x20\x72\
\x3d\x22\x31\x2e\x35\x35\x22\x20\x66\x69\x6c\x6c\x3d\x22\x6e\x6f\
\x6e\x65\x22\x20\x73\x74\x72\x6f\x6b\x65\x3d\x22\x23\x45\x36\x45\
\x38\x45\x41\x22\x20\x73\x74\x72\x6f\x6b\x65\x2d\x77\x69\x64\x74\
\x68\x3d\x22\x31\x2e\x33\x35\x22\x20\x2f\x3e\x0a\x3c\x2f\x73\x76\
\x67\x3e\x0a\
\x00\x00\x04\xbb\
\x00\
\x00\x12\xf7\x78\x9c\xd5\x58\xdb\x52\xe3\x38\x10\x7d\x9f\xaf\x50\
\x79\x5e\xe0\x41\x8a\xba\x75\x9f\x22\x53\xb5\x5b\xc5\xfb\xfe\x82\
\x49\x42\xe2\x25\x21\xac\xe3\x21\xc0\xd7\xef\x91\xed\x10\x08\x1e\
\x76\x60\xa1\x60\x52\xa9\x48\x96\xe4\xd6\x51\x9f\xd3\x2d\x29\x27\
\x9b\xeb\xb9\xb8\x59\x2d\x2f\x37\xe3\x62\xd1\x34\x57\xdf\x46\xa3\
\xed\x76\xab\xb6\x46\xad\xeb\xf9\x88\xb5\xd6\x23\x8c\x28\xc4\xb6\
\x9a\x36\x8b\x71\xc1\xb6\x10\x8b\x59\x35\x5f\x34\x5d\xfd\x7a\x56\
\x6f\xaa\xf5\xe5\xb8\x20\x45\x78\xaa\x66\xdb\x3f\xd7\x37\xe3\x42\
\x0b\x2d\xd8\xe2\x5b\x7c\xff\x22\xc4\xc9\x5c\x34\x75\x79\xb9\x39\
\x5f\xd7\xab\x71\xd1\x56\x97\x65\x33\x3b\x92\xfa\x58\x6c\x26\xe5\
\x72\x76\xa4\xb4\xf5\x31\xb8\xe3\x76\x38\x5e\x98\xce\xce\x37\xa2\
\x9a\x8e\x8b\x59\xdf\x82\xb6\xc9\xb2\xba\xfa\xab\x6c\x16\x6d\x7b\
\x79\xdf\x8e\x9e\xab\x5d\xeb\x79\xf1\x70\xa2\x55\xd9\xd4\xd5\xcd\
\x11\x89\x8c\x46\x92\x90\xd6\x79\x65\x82\x20\x17\x8d\x4a\xc7\x85\
\xc0\x1b\x2b\xcb\x3a\xb7\x59\x62\x45\x76\x41\xac\x83\x0a\xd7\x5d\
\xb1\x90\x5d\x79\x57\x88\xd1\x3d\x8a\xd1\x0e\xc6\x30\xae\xf9\x20\
\xae\xc5\x20\x2e\x65\xf0\xe9\xc1\x75\xf5\xc8\x8e\x05\x07\xa3\x55\
\xe8\xe1\xa1\x77\xc1\xda\xc6\xeb\xfc\xb3\x90\xf9\xf7\x25\x70\xaa\
\x41\x38\x7f\x7f\x14\x9c\x8b\x41\x38\xcb\x8f\x82\xb3\x1a\x84\x73\
\xf9\x51\x70\xa6\x83\x70\xd6\xcf\x6b\x9a\xc8\x28\x4f\x82\x28\xd1\
\xbd\xa6\xff\x27\x8e\xc9\x20\x8e\xab\x21\x1c\x52\x39\xa1\xa2\xf7\
\xda\xdc\x17\x4e\x38\x97\x14\x71\x86\xc6\x41\xd1\xdb\x60\x3a\x1b\
\xc4\xf4\xcf\xcf\x30\xc9\x1e\x8d\xdc\xa3\x62\xa6\xa4\xbc\xf0\x1a\
\x99\xca\xbc\x0e\xd4\xc9\x28\xe7\xa5\xbe\x3e\x6f\x11\xd4\xc3\x08\
\xd8\x75\x04\xe5\x8a\x31\x36\xaa\x84\x89\x8d\x8a\x99\xa1\x4d\x53\
\xaf\x2f\x66\xb2\x4f\xa8\x48\x31\xfb\x14\xd7\xd9\xdc\x0c\xdb\x0c\
\x3e\xf6\x46\x73\x8d\x52\x80\x6d\x36\x81\xee\x4d\x8e\x8b\xaf\xa7\
\xfe\x34\x9e\xfe\x31\xe8\xab\xe6\x3f\x64\xbd\x53\xb5\x05\x4e\x07\
\x3d\x59\x52\xb6\x77\x53\x70\x04\x3f\x8a\xe8\x93\x32\xb4\x91\x11\
\x19\xd3\x93\x34\xca\x24\x17\xa4\xd5\x8c\x75\x49\xc8\xd0\xc4\x34\
\xc9\x29\x53\x39\x8f\xce\x60\x9c\x93\x6c\x59\x31\x4b\x8b\x47\x1d\
\xa5\xd1\x5e\x79\x49\xd6\x62\x2a\x99\x8d\x71\x90\xa4\xa3\x32\x4e\
\xc2\x45\xed\x70\xa4\x5b\x12\xec\x54\x74\x49\xc2\x80\xa0\x80\xbc\
\x4c\xe8\x88\x8a\xb0\x5c\xf4\x1b\xb4\xc3\xcc\xc3\x7a\x21\x32\x4f\
\x32\x2f\x75\x5c\xfc\xa8\x97\x47\x5f\xa7\x40\x7e\x5e\x2d\x97\x88\
\xe6\xf5\xe5\xec\xa9\x83\x0e\x49\xd0\xfa\x11\xed\xf3\x03\x46\x7e\
\xbc\x98\x91\x6e\xf2\xe7\xf8\xb8\x7e\x75\x9a\xb1\x29\xeb\x89\x38\
\x25\x15\x26\x9e\x55\x32\x5e\xa2\x9e\xb0\xdf\xaa\xc4\xde\x4b\x0b\
\x32\x28\x66\x0e\xac\x06\x41\x16\xe3\x8c\x0c\x94\x9d\x2a\x28\xaa\
\x10\x5c\x4b\x82\xb7\xc2\xe9\x4c\x05\x63\xf3\xb3\x56\x20\x83\x78\
\x0e\x1b\x50\xa9\x51\x11\x89\xd1\x07\xba\x22\x2b\x97\x37\x4d\xad\
\x74\x9c\x20\xa2\x2d\xac\xb0\xc7\x4c\x80\x85\x8d\x34\xa0\x60\x14\
\x5e\x18\xe0\x0a\xf0\x00\x18\xd5\xe6\xee\xd0\x07\xcf\xf9\x77\xfb\
\x2e\x8a\xbf\x19\xb6\xea\xf1\x09\xd9\xbd\xe4\x2c\xd6\xd5\x15\xbb\
\xe6\x04\x07\x2a\x83\xf5\xb1\x55\xf1\xb7\x95\xff\xe4\x6d\xe5\x7f\
\xfb\x0e\xf2\xbf\x7b\xb5\xfc\x13\x5c\x17\x84\xc9\x9b\x8c\x99\x38\
\x07\x55\xb2\x20\x6d\x95\xcd\x8d\x20\x0f\xbe\xd1\xed\x06\x64\x20\
\x68\xd3\x26\x7e\xe5\x8d\xc8\xd9\x3f\xe4\x28\xf0\x04\xfd\x42\xa9\
\x86\x65\x16\xb5\xe5\xac\xe6\xe8\xa3\x64\x86\x61\x50\x89\x07\x27\
\x03\xf8\xf1\x99\x2d\xe5\xc1\x0c\x61\x36\x06\x25\x51\x79\x90\xcd\
\x06\xf1\xe5\xa4\x09\x38\xb6\x5a\xcc\x0d\x59\xa0\xcf\xb8\x1c\x51\
\x84\xbe\x08\x62\xf0\xbe\x83\x8e\x90\x45\x0d\xbd\x28\x16\xca\xf2\
\x5d\x82\xa1\x3c\x7b\x2e\x1a\x76\x51\x70\x10\x0d\x70\x2b\x7b\xe1\
\x3c\xd4\xf9\xdb\xc6\xc2\xd9\xdb\xc6\x42\x39\x79\x87\x60\x28\xa7\
\xaf\x8e\x06\x72\x06\xa4\x61\x37\x30\x56\x11\x7c\x8e\xfc\xae\xe1\
\x65\x88\x0f\x02\x6d\x55\x8b\x70\xb0\x4a\xe3\x29\x86\x7c\x52\x64\
\x68\x9f\x48\x38\x38\x33\xa6\x5c\xc4\xac\x61\x72\x2a\xc1\x8a\xd6\
\xd9\x56\x74\x6d\xc6\x87\xda\x09\x07\x26\xc4\x8d\xc7\x29\x06\x76\
\x3d\xb6\x0f\xeb\x14\x47\xe1\x91\xff\x5d\x17\x5a\x10\x08\x76\x81\
\xdc\x07\xc5\xc7\x36\x2a\x70\xf3\x83\x4c\xb0\x41\x00\x41\x50\xa0\
\x0f\xb1\xc7\xd4\xed\x44\xc6\xfe\x4a\x34\xec\x2b\x9d\xd7\xe7\x69\
\xd8\x41\x80\xde\x9d\x5d\x50\x81\x7e\x12\xe4\x27\xb2\x28\xd9\x1f\
\xef\x4f\x55\xf5\x6c\xd2\x74\x6e\x06\xfd\x37\xf9\xde\x9a\x94\x8d\
\x85\xb8\x05\xdb\x11\x8e\x0d\xf7\xb7\x5b\x44\x7b\x30\xfb\x0b\x6e\
\x96\x95\xe1\x27\x70\x7b\xc1\xac\xaa\x66\x56\x2f\x2b\x14\xb8\xef\
\x1e\xca\xa8\x6d\xb8\x5d\x42\x67\x57\x65\x75\xd9\xc8\x75\x3d\x9d\
\xd5\xdf\xba\x31\xad\x3d\xb1\x2a\xeb\x0b\x5c\x9e\x1f\xae\x7e\xaf\
\x87\xc1\x8b\xac\x54\xfd\xb1\x1f\xa5\xc9\xc7\x7e\xdb\x16\xc6\x3d\
\x48\x8c\x16\xf4\x81\x1c\x63\x26\x99\x9b\x10\xc4\xe3\xc2\xe5\xf5\
\x32\x6c\x44\x9c\xf2\x34\x32\xd9\xc3\x5e\xd9\xf7\xf6\x4f\xdd\x10\
\xa1\xfb\x41\x07\xc5\xce\xd2\x6e\xd8\xa3\xde\x7e\x9e\xdd\xd3\xce\
\xd2\xdd\xd3\xe8\x2c\x5f\x16\x9d\xe9\x51\x70\xee\x89\x9d\x1f\x12\
\xcb\x00\xe0\x3e\x0d\xb1\x7b\xa0\x8f\xff\x09\xa8\xd7\x4d\xfe\x1f\
\x24\xe9\xe3\x1e\x3f\x72\x5e\x68\xf1\x63\x3b\xc1\x21\x8c\x3e\xdf\
\x02\xaa\x5f\x5d\x00\x63\x01\xf6\x73\x2c\xa0\xcf\x26\x6d\x71\x92\
\xff\xce\xfa\xfe\xe5\x5f\xca\x4f\xb0\xf1\
\x00\x00\x06\xff\
\x00\
\x00\x18\x9d\x78\x9c\x95\x99\xcb\x76\xdb\x38\x0c\x86\xf7\x7d\x0a\
\x1e\x75\xd3\x2e\xc0\xf0\x4e\x6a\x4e\xdc\xc5\xbc\x89\x46\x71\x12\
\xb7\x89\xdd\xb1\xdc\xa6\xd3\xa7\x1f\x90\x00\x13\xb2\x8e\x72\x9c\
\x8d\x11\x00\x9f\x40\x89\xfc\xc5\x8b\x72\xbd\xfc\xbc\x13\x4f\xbb\
\x9b\xd3\xfd\x66\x30\x6e\x10\xf7\xdb\xdd\xdd\xfd\x89\xfe\xfe\xb9\
\x3d\x2e\xbb\xc3\x7e\x33\x68\xa9\xd1\xdb\x6d\x9f\xfe\x3e\xfc\xda\
\x0c\x4a\x28\x61\x9c\xc8\xc4\xaf\xc7\x87\xfd\xb2\x19\xee\x4f\xa7\
\xef\x7f\x5d\x5d\x3d\x3d\x3d\xc9\x27\x2b\x0f\xc7\xbb\x2b\xa3\x94\
\xba\xc2\xd2\xc3\x97\x0f\xe2\xfa\x4e\x9c\x8e\xd3\x7e\xb9\x3d\x1c\
\x1f\x37\x43\xf9\xf3\x61\x3a\x6d\x3f\x81\xfa\x2c\x96\x79\x7a\xd8\
\x7e\x92\xca\x85\x14\xfd\xe7\x41\xdc\xee\x1e\x1e\x36\xc3\xfe\xb0\
\xdf\x0e\x62\x39\x1d\x0f\xdf\xb6\x9b\xe1\x23\xd6\xaa\x1e\x3c\xec\
\xf6\xdb\x79\xfa\xbe\x19\x8e\x87\x1f\xfb\x9b\x2e\xfc\xf5\xb0\xdb\
\xd7\x38\x36\x9b\xdb\xdd\xdd\x6c\x86\x69\x68\x9b\x3f\x1e\x4e\xa5\
\x6d\xed\x45\x10\xe0\xbc\xf4\xb9\xdd\x8c\x8b\xeb\xef\xd3\xe9\xbe\
\x5c\xf2\xcf\x20\xf0\xf7\x51\xdb\x24\xad\xb0\x31\x48\xe7\x27\xfc\
\xdb\x18\x23\xd8\xe4\x3e\xd0\xd0\xc7\xd6\x89\xd7\xc1\x42\x88\x4b\
\x09\x36\xbf\x07\x31\x1f\x1e\x0e\x47\xea\x96\xd2\x33\xd4\x67\x1f\
\x67\xa3\xa3\x4e\xc3\xd5\x1f\xcf\x32\xf3\xb3\x28\x25\x55\x14\xd6\
\x46\xa9\xec\x0c\x46\xcb\xe8\xbd\x50\x60\x47\xe9\x74\x10\x3a\xca\
\x10\x74\xf5\xc8\x80\xde\x42\x10\x4c\x12\x20\x3a\xa0\x9a\x5a\xec\
\xf9\xba\x96\x7d\x6e\x61\x0b\x5e\x70\xbb\xd0\x35\xd7\x9b\xdf\x8f\
\xa8\x2e\x69\x53\x8a\xb3\x51\xd2\x05\x97\xeb\xe2\x4d\x9b\x28\x74\
\x90\x3e\xd8\xea\xb1\x41\xba\x60\xd0\x65\xa1\x83\xa0\x56\xe2\x30\
\xb3\xd0\xb1\xf4\xb8\x15\xed\x88\xbe\xe8\xfa\x10\xe4\xbf\x4b\xff\
\x5f\x5f\xdd\x35\x0a\xbc\x59\x53\x20\x18\x23\x63\x8a\x02\xec\x99\
\x04\xb7\x34\x6c\xc6\x5b\xa9\xb0\x2b\xb5\x93\x63\x98\xbc\x92\x29\
\x04\xc1\x86\x14\xd6\xc7\xd6\x89\xd7\x41\x52\xd8\xa5\x04\x9b\xf5\
\x0e\xb8\x4d\xe9\xd6\xe8\x33\x0d\xde\xf2\xc3\x28\x23\x35\x4e\x1c\
\xc1\x48\xaf\x51\x83\x49\x8e\x1e\x45\x0e\xde\xe0\x0b\x16\x85\xb1\
\xd2\x2b\x5f\x3d\x36\x45\x36\x4c\x12\x40\x19\x2f\x5a\xee\x19\x51\
\xec\x43\x61\x6d\xf5\xc8\x2c\x1c\xe5\x26\xa0\x4d\xc6\xac\x3b\x2b\
\x75\x1c\x51\x77\x51\x1a\x9b\x75\xe7\x46\x69\x22\xd6\x36\x38\x41\
\xb9\xea\x15\x53\xd4\x82\x99\x42\x42\x01\x0c\x03\xd0\x72\x78\x23\
\x5c\x0c\xf8\x3a\x62\xab\x47\xd0\x42\x2d\x70\x50\xb4\xb9\xf7\xab\
\xed\x6e\x4d\x6d\xa8\x6c\x3d\x1a\x14\x9b\x97\x63\x1c\xab\xe2\xe8\
\xa2\x7b\xf2\x9a\x31\xdb\xd1\x98\xd9\x98\x64\xb4\x02\x2f\x94\x46\
\x4f\x21\x48\xab\x8d\x60\x43\xf2\xea\x63\xeb\xc4\xeb\x20\xc9\xeb\
\x52\x82\xcd\x7a\x9f\x4c\x5b\x7d\x93\x46\x16\x60\xf3\x34\x5f\xf9\
\x69\x34\x8e\xb5\x11\xda\x78\xe9\x66\xb0\x41\xa6\x31\x0f\x0d\x56\
\x4d\x58\xdc\x8c\x72\xd4\x63\xf5\xd8\x94\x71\x66\x92\x00\xca\x58\
\xd1\x73\xb5\x18\xf9\x1a\x5a\x56\x73\xcd\x85\xa2\x91\x5d\xe8\x92\
\x59\x80\x7a\xc6\x32\xd6\x5b\x6a\x35\xf8\x9c\xce\xad\x3a\x3f\x56\
\xaf\x18\xaa\x94\xe5\x4f\x2e\x74\xc9\xf2\x64\xcf\x55\x80\x11\x2a\
\x03\xed\x05\xf9\xe5\x63\xb4\xcb\x76\x55\xdf\xe8\xed\x67\x05\x56\
\x09\x56\x39\x7d\xeb\x90\x3f\x07\xe3\xe1\x8f\xc1\xb0\x32\xe1\x92\
\x84\x93\x6b\x74\x36\x8f\x06\xae\xba\x09\xfb\x5c\xc9\x80\x2f\x0a\
\x7b\x6c\xca\x5a\x90\x31\xca\x8a\x3e\x4b\x66\x29\x06\xe7\xee\x06\
\xb1\x5c\x67\xa6\x2e\xa1\x22\x44\x70\x06\x3a\x2e\x0f\x86\xc3\xc9\
\xca\xf9\x19\x5f\x97\x3c\x93\xe0\xc0\x3a\x7c\x93\x53\x9e\x69\xa2\
\x8d\xd5\xcb\xa6\x2c\x51\x85\x82\x92\xf4\x14\x85\x16\x81\x5a\x06\
\xc8\xa5\x2a\xf0\x02\x96\xd5\x89\x98\x36\xd7\x94\x72\xe7\x03\x71\
\xa6\xf3\xc7\xb3\xae\xb5\xb9\x6b\x13\x2e\x22\x8e\xba\x36\x51\xd7\
\xa6\xa8\xab\xc7\x46\x09\xc6\x28\x2b\xfa\x6c\xbd\x92\x2b\x91\x5f\
\x7a\xf0\x99\xb5\xb5\x20\xf7\x71\x41\x0b\x11\x46\x4e\x41\x07\xb2\
\xe2\xa3\x74\xb1\xf4\x6f\xcc\xb9\xdc\xbc\xcb\x12\x24\xaf\x18\x1e\
\x77\xc4\xa0\x64\x39\x0a\x1d\xb3\x00\x47\xa9\x00\xb4\x8c\x9f\xe1\
\x79\xe0\x73\x63\x1d\xd2\x55\xf3\xbc\x0e\xe4\x91\xcf\xe3\x11\x23\
\x8f\x59\x74\x65\x8d\x09\x91\x1d\xfa\x2d\x03\x9f\x19\xca\x89\x36\
\x47\xbf\x94\xa7\xe6\x73\xc4\x26\x68\x58\xf4\x08\xe3\xdb\x23\xb8\
\x00\x9e\x32\xd0\x62\xdc\x63\x9e\xd7\xa7\x60\x73\x2a\xb7\xed\x71\
\x6f\xc7\x5e\x36\x7c\x63\x65\x6d\x4a\x65\xd1\x2c\x51\x68\x11\xa8\
\x65\x80\x5c\xaa\x02\x2f\x20\x2b\x32\x33\x6d\xae\x29\xb5\xaa\xc8\
\xba\x22\x75\x0b\xd3\x7e\x65\x61\x3a\xdb\xfb\x1c\x58\xc4\x29\xe2\
\x64\x8f\xcf\x81\xf7\xe0\xa6\x80\xfb\xd7\xfc\x90\x64\x78\x61\xe9\
\x62\xeb\xc4\xeb\x20\x2f\x2c\x17\x12\x6c\xde\xd8\xfb\x6c\x67\xa5\
\xe6\xb3\xbd\xcf\x77\x7e\x18\xdc\x07\xe4\x59\x16\x5f\xc8\x80\xc2\
\xc2\xb9\xc5\x97\xae\xd7\xa8\x39\x9d\xf7\x11\xd1\xa4\xea\x15\x63\
\x97\x12\x0c\xec\x89\x2e\xc7\x06\xe8\xba\xea\x75\x41\xe8\x83\x64\
\x48\xdc\xd1\x9b\xd9\xe2\x56\x0c\xaf\xc4\xfd\x52\x92\xda\xe2\x9d\
\x05\x7c\x3a\x5b\xbd\x62\x74\x16\x51\xc1\xa0\x64\x3d\x67\xa1\x85\
\xf0\x8d\xe4\x4a\x14\xd6\xcc\x56\x8f\x59\x55\x31\x6a\x87\xb3\xa2\
\x85\xf4\xbb\x77\x3a\xff\xae\xed\x74\x9c\xcd\xc7\xba\x7c\x2e\xc1\
\x7d\xcb\x99\xbc\x8e\x34\x22\x0e\x35\xad\x93\x70\x79\x60\xfc\x84\
\x0a\x77\x76\x14\x6c\x48\x3c\x7d\x6c\x9d\x78\x1d\x24\xf1\x5c\x4a\
\xb0\x79\xa3\x0f\x6c\xba\x9d\x6e\xcf\xe4\xb5\xd4\xad\xb5\x54\x09\
\x4f\x5c\xa9\x9c\xee\xf0\xf0\xa2\xf1\x58\xa1\xf2\x9a\x6f\xb1\xd3\
\x75\x9e\xd0\x4c\xf5\xd8\xb8\x7c\xdc\x61\x92\x00\xca\x04\xd1\x72\
\xcf\x88\x62\x1f\x0a\x5b\x9d\x7a\x45\x39\x3a\x11\x49\x00\x37\x06\
\x2d\x97\xca\xf4\x85\x33\x5c\x74\xb3\xc6\x97\xda\xe4\xd3\x05\x76\
\xbf\x77\x23\x2e\x55\x08\xf8\xea\x65\xe3\xf1\x7c\x58\x6e\xb1\x90\
\x50\x00\xcb\x00\x34\x1c\x7a\xb5\x18\xf0\x75\xc4\x56\xaf\x42\x32\
\xd0\x5d\x12\x4c\x0d\x32\x23\x1a\xd4\xbf\x5f\x88\xa7\xd5\x03\x5e\
\x10\x2b\x9f\x18\x7e\xf0\xb1\xdc\x6b\xbc\x39\xe1\xa2\x96\xe3\x38\
\xd9\x3c\xa7\xe2\x22\x4b\x86\xbf\x20\x74\xb1\x75\xe2\x75\x90\xbf\
\x20\x5c\x48\xb0\x79\xeb\xf9\xe7\xdb\x1b\x73\x26\xc2\x9f\xfc\x30\
\x78\xac\x8f\x23\xbe\x7d\x11\xdf\x3b\x54\x21\x9e\x5f\xf2\x24\x9a\
\x67\xbb\x84\x87\x58\xec\x78\x3f\x9a\xea\xa1\x89\xe3\x08\xa4\x42\
\x22\x0b\xe0\xc4\x0b\xd0\x98\x5a\xac\x5e\xf7\xc2\x66\x8f\x21\xc5\
\x6d\xc2\x4b\x53\x9c\x7d\x31\xf4\x7d\x41\xab\x11\x35\x88\x6f\x4b\
\x88\x34\xcb\x85\x84\x1a\x74\x32\xa0\xc4\xd8\xab\xc1\xbc\x30\x13\
\x09\x0d\x30\x6a\x68\x38\xf4\x6a\x31\xa8\x7e\x66\x3d\x34\xec\xa8\
\x05\x7d\x62\x60\xb4\x21\x5e\xca\x90\xf7\x6e\x05\x3e\xbd\x5f\x81\
\xbf\x68\xd0\xca\xc4\x8c\x73\xbb\xf3\x4e\x2a\x33\xe1\x49\xd4\xe0\
\x86\x8e\x0d\xcf\x72\x5d\x6c\x9d\x78\x1d\xe4\x59\xee\x42\x82\xcd\
\x7a\x07\x04\x37\xdd\xa8\x73\x09\xfe\xc7\x4f\x83\x4f\x61\xf3\xe1\
\xdb\x6a\xa9\xf2\xae\x0f\xbb\x33\x96\x99\xc1\x94\x3d\x97\x56\xd2\
\x8c\xba\x7a\x35\x58\x34\x48\x24\x01\xa2\x07\x2a\xc7\x48\x39\xf9\
\x97\x10\x74\x38\xd4\x20\x8d\x72\xa1\xa1\x6b\xb1\x37\x34\x1d\xda\
\xd1\x84\x59\xe3\xfb\x5f\xce\x11\xb8\x66\x79\xdc\x63\x8d\x32\x78\
\x15\xaa\x47\x86\xea\x12\x09\x2d\x10\xa0\xe5\xc2\x02\x1c\xcd\x8c\
\x09\xd0\x32\x61\xe6\x9b\xa3\xf6\x5a\xc2\xf5\xc5\xde\x2d\xc1\xdf\
\x97\x6e\xef\xa6\x89\xd7\x2c\xda\xf9\x3a\x87\x67\x95\x30\xe1\x6f\
\x1a\xf3\x72\x5c\x0c\xc9\xaa\x8f\xad\x13\xaf\x83\x24\xab\x4b\x09\
\x36\xeb\x8f\xbd\xf5\x6e\x36\xfe\x4c\x78\x13\x7f\x2c\x36\xd8\x6d\
\xc9\x95\x25\xd8\xe0\x09\xdc\x38\x3c\x61\xe4\xe9\xc0\xd1\x21\x10\
\x27\xa6\x64\x4c\xf5\xc8\x2c\x14\x2c\x9e\x13\x4d\x0a\x1b\xa2\xcb\
\x8b\xd4\x28\x01\x05\xae\x58\x29\xe4\x16\xe8\xca\xf6\x86\x26\xba\
\x90\x74\x98\x8b\xdc\xf2\xe3\x3a\x1c\x5a\x3f\xe6\xe9\xcc\xe3\x94\
\xc3\x5e\x31\x71\xc9\xd3\x92\x47\x2d\x53\x14\xda\x24\x4e\xe6\xb5\
\x04\xc5\x23\xc3\xd5\x23\x6a\xa1\xba\x1c\x14\x6d\xee\xf2\xcf\x58\
\xe5\xf7\x3a\xff\xef\xe0\xcb\x87\xff\x01\x94\x08\x43\x2c\
\x00\x00\x05\xb6\
\x3c\
\x73\x76\x67\x20\x78\x6d\x6c\x6e\x73\x3d\x22\x68\x74\x74\x70\x3a\
\x2f\x2f\x77\x77\x77\x2e\x77\x33\x2e\x6f\x72\x67\x2f\x32\x30\x30\
\x30\x2f\x73\x76\x67\x22\x20\x77\x69\x64\x74\x68\x3d\x22\x32\x34\
\x22\x20\x68\x65\x69\x67\x68\x74\x3d\x22\x32\x34\x22\x20\x76\x65\
\x72\x73\x69\x6f\x6e\x3d\x22\x31\x2e\x31\x22\x20\x76\x69\x65\x77\
\x42\x6f\x78\x3d\x22\x30\x20\x30\x20\x32\x34\x20\x32\x34\x22\x3e\
\x0a\x20\x20\x3c\x67\x20\x74\x72\x61\x6e\x73\x66\x6f\x72\x6d\x3d\
\x22\x74\x72\x61\x6e\x73\x6c\x61\x74\x65\x28\x2d\x30\x29\x20\x73\
\x63\x61\x6c\x65\x28\x2e\x30\x34\x36\x38\x37\x35\x29\x22\x3e\x0a\
\x20\x20\x20\x20\x3c\x67\x20\x69\x64\x3d\x22\x61\x22\x20\x74\x72\
\x61\x6e\x73\x66\x6f\x72\x6d\x3d\x22\x6d\x61\x74\x72\x69\x78\x28\
\x31\x2e\x31\x32\x35\x20\x30\x20\x30\x20\x31\x2e\x31\x32\x35\x20\
\x33\x35\x31\x2e\x36\x36\x20\x31\x37\x37\x2e\x37\x31\x29\x22\x20\
\x73\x74\x72\x6f\x6b\x65\x3d\x22\x23\x45\x36\x45\x38\x45\x41\x22\
\x3e\x0a\x20\x20\x20\x20\x20\x20\x3c\x67\x20\x69\x64\x3d\x22\x62\
\x22\x20\x74\x72\x61\x6e\x73\x66\x6f\x72\x6d\x3d\x22\x6d\x61\x74\
\x72\x69\x78\x28\x32\x35\x20\x30\x20\x30\x20\x32\x35\x20\x2d\x34\
\x36\x35\x2e\x39\x37\x20\x2d\x33\x31\x37\x2e\x39\x36\x29\x22\x3e\
\x0a\x20\x20\x20\x20\x20\x20\x20\x20\x3c\x67\x20\x69\x64\x3d\x22\
\x63\x22\x20\x74\x72\x61\x6e\x73\x66\x6f\x72\x6d\x3d\x22\x6d\x61\
\x74\x72\x69\x78\x28\x2e\x30\x32\x33\x31\x31\x34\x20\x30\x20\x30\
\x20\x2e\x30\x32\x33\x31\x31\x34\x20\x31\x31\x2e\x34\x33\x20\x39\
\x2e\x35\x38\x34\x39\x29\x22\x3e\x0a\x20\x20\x20\x20\x20\x20\x20\
\x20\x20\x20\x3c\x67\x20\x69\x64\x3d\x22\x64\x22\x20\x74\x72\x61\
\x6e\x73\x66\x6f\x72\x6d\x3d\x22\x6d\x61\x74\x72\x69\x78\x28\x2e\
\x36\x33\x36\x38\x34\x20\x2e\x36\x33\x36\x38\x34\x20\x2d\x2e\x36\
\x33\x36\x38\x34\x20\x2e\x36\x33\x36\x38\x34\x20\x32\x35\x33\x2e\
\x37\x37\x20\x2d\x36\x37\x2e\x39\x34\x35\x29\x22\x20\x73\x74\x72\
\x6f\x6b\x65\x3d\x22\x23\x45\x36\x45\x38\x45\x41\x22\x20\x73\x74\
\x72\x6f\x6b\x65\x2d\x6c\x69\x6e\x65\x6a\x6f\x69\x6e\x3d\x22\x72\
\x6f\x75\x6e\x64\x22\x20\x73\x74\x72\x6f\x6b\x65\x2d\x6d\x69\x74\
\x65\x72\x6c\x69\x6d\x69\x74\x3d\x22\x30\x22\x20\x73\x74\x72\x6f\
\x6b\x65\x2d\x77\x69\x64\x74\x68\x3d\x22\x33\x39\x2e\x31\x35\x37\
\x22\x3e\x0a\x20\x20\x20\x20\x20\x20\x20\x20\x20\x20\x20\x20\x3c\
\x70\x61\x74\x68\x20\x69\x64\x3d\x22\x65\x22\x20\x64\x3d\x22\x6d\
\x32\x35\x36\x20\x35\x35\x35\x2e\x32\x35\x20\x37\x30\x2e\x36\x35\
\x36\x2d\x37\x30\x2e\x36\x35\x36\x76\x2d\x33\x36\x37\x2e\x37\x38\
\x68\x2d\x31\x34\x30\x2e\x39\x36\x6c\x2d\x30\x2e\x33\x34\x38\x36\
\x20\x33\x36\x37\x2e\x37\x38\x7a\x22\x20\x66\x69\x6c\x6c\x3d\x22\
\x6e\x6f\x6e\x65\x22\x20\x73\x74\x72\x6f\x6b\x65\x2d\x77\x69\x64\
\x74\x68\x3d\x22\x33\x39\x2e\x31\x35\x37\x22\x20\x2f\x3e\x0a\x20\
\x20\x20\x20\x20\x20\x20\x20\x20\x20\x20\x20\x3c\x72\x65\x63\x74\
\x20\x69\x64\x3d\x22\x66\x22\x20\x78\x3d\x22\x31\x38\x36\x2e\x34\
\x32\x22\x20\x79\x3d\x22\x31\x34\x2e\x30\x30\x36\x22\x20\x77\x69\
\x64\x74\x68\x3d\x22\x31\x33\x39\x2e\x35\x22\x20\x68\x65\x69\x67\
\x68\x74\x3d\x22\x31\x30\x32\x2e\x30\x38\x22\x20\x72\x79\x3d\x22\
\x39\x2e\x33\x32\x33\x31\x22\x20\x66\x69\x6c\x6c\x3d\x22\x23\x45\
\x36\x45\x38\x45\x41\x22\x20\x2f\x3e\x0a\x20\x20\x20\x20\x20\x20\
\x20\x20\x20\x20\x3c\x2f\x67\x3e\x0a\x20\x20\x20\x20\x20\x20\x20\
\x20\x3c\x2f\x67\x3e\x0a\x20\x20\x20\x20\x20\x20\x20\x20\x3c\x70\
\x61\x74\x68\x20\x69\x64\x3d\x22\x67\x22\x20\x64\x3d\x22\x6d\x39\
\x2e\x38\x31\x31\x39\x20\x31\x32\x2e\x36\x33\x76\x37\x2e\x33\x37\
\x37\x33\x22\x20\x66\x69\x6c\x6c\x3d\x22\x23\x45\x36\x45\x38\x45\
\x41\x22\x20\x73\x74\x72\x6f\x6b\x65\x3d\x22\x23\x45\x36\x45\x38\
\x45\x41\x22\x20\x73\x74\x72\x6f\x6b\x65\x2d\x6c\x69\x6e\x65\x63\
\x61\x70\x3d\x22\x72\x6f\x75\x6e\x64\x22\x20\x73\x74\x72\x6f\x6b\
\x65\x2d\x6c\x69\x6e\x65\x6a\x6f\x69\x6e\x3d\x22\x72\x6f\x75\x6e\
\x64\x22\x20\x73\x74\x72\x6f\x6b\x65\x2d\x6d\x69\x74\x65\x72\x6c\
\x69\x6d\x69\x74\x3d\x22\x30\x22\x20\x73\x74\x72\x6f\x6b\x65\x2d\
\x77\x69\x64\x74\x68\x3d\x22\x31\x2e\x30\x36\x36\x37\x22\x20\x73\
\x74\x79\x6c\x65\x3d\x22\x70\x61\x69\x6e\x74\x2d\x6f\x72\x64\x65\
\x72\x3a\x66\x69\x6c\x6c\x20\x6d\x61\x72\x6b\x65\x72\x73\x20\x73\
\x74\x72\x6f\x6b\x65\x22\x20\x2f\x3e\x0a\x20\x20\x20\x20\x20\x20\
\x20\x20\x3c\x70\x61\x74\x68\x20\x69\x64\x3d\x22\x68\x22\x20\x64\
\x3d\x22\x6d\x38\x2e\x36\x31\x39\x36\x20\x32\x30\x2e\x30\x30\x38\
\x68\x32\x2e\x33\x38\x34\x37\x22\x20\x66\x69\x6c\x6c\x3d\x22\x23\
\x45\x36\x45\x38\x45\x41\x22\x20\x73\x74\x72\x6f\x6b\x65\x3d\x22\
\x23\x45\x36\x45\x38\x45\x41\x22\x20\x73\x74\x72\x6f\x6b\x65\x2d\
\x6c\x69\x6e\x65\x63\x61\x70\x3d\x22\x72\x6f\x75\x6e\x64\x22\x20\
\x73\x74\x72\x6f\x6b\x65\x2d\x6c\x69\x6e\x65\x6a\x6f\x69\x6e\x3d\
\x22\x72\x6f\x75\x6e\x64\x22\x20\x73\x74\x72\x6f\x6b\x65\x2d\x6d\
\x69\x74\x65\x72\x6c\x69\x6d\x69\x74\x3d\x22\x30\x22\x20\x73\x74\
\x72\x6f\x6b\x65\x2d\x77\x69\x64\x74\x68\x3d\x22\x31\x2e\x30\x36\
\x36\x37\x22\x20\x73\x74\x79\x6c\x65\x3d\x22\x70\x61\x69\x6e\x74\
\x2d\x6f\x72\x64\x65\x72\x3a\x66\x69\x6c\x6c\x20\x6d\x61\x72\x6b\
\x65\x72\x73\x20\x73\x74\x72\x6f\x6b\x65\x22\x20\x2f\x3e\x0a\x20\
\x20\x20\x20\x20\x20\x20\x20\x3c\x70\x61\x74\x68\x20\x69\x64\x3d\
\x22\x69\x22\x20\x64\x3d\x22\x6d\x38\x2e\x36\x31\x39\x36\x20\x31\
\x32\x2e\x36\x33\x68\x32\x2e\x33\x38\x34\x37\x22\x20\x66\x69\x6c\
\x6c\x3d\x22\x23\x45\x36\x45\x38\x45\x41\x22\x20\x73\x74\x72\x6f\
\x6b\x65\x3d\x22\x23\x45\x36\x45\x38\x45\x41\x22\x20\x73\x74\x72\
\x6f\x6b\x65\x2d\x6c\x69\x6e\x65\x63\x61\x70\x3d\x22\x72\x6f\x75\
\x6e\x64\x22\x20\x73\x74\x72\x6f\x6b\x65\x2d\x6c\x69\x6e\x65\x6a\
\x6f\x69\x6e\x3d\x22\x72\x6f\x75\x6e\x64\x22\x20\x73\x74\x72\x6f\
\x6b\x65\x2d\x6d\x69\x74\x65\x72\x6c\x69\x6d\x69\x74\x3d\x22\x30\
\x22\x20\x73\x74\x72\x6f\x6b\x65\x2d\x77\x69\x64\x74\x68\x3d\x22\
\x31\x2e\x30\x36\x36\x37\x22\x20\x73\x74\x79\x6c\x65\x3d\x22\x70\
\x61\x69\x6e\x74\x2d\x6f\x72\x64\x65\x72\x3a\x66\x69\x6c\x6c\x20\
\x6d\x61\x72\x6b\x65\x72\x73\x20\x73\x74\x72\x6f\x6b\x65\x22\x20\
\x2f\x3e\x0a\x20\x20\x20\x20\x20\x20\x3c\x2f\x67\x3e\x0a\x20\x20\
\x20\x20\x3c\x2f\x67\x3e\x0a\x20\x20\x3c\x2f\x67\x3e\x0a\x3c\x2f\
\x73\x76\x67\x3e\x0a\
\x00\x00\x04\x92\
\x3c\
\x73\x76\x67\x20\x78\x6d\x6c\x6e\x73\x3d\x22\x68\x74\x74\x70\x3a\
\x2f\x2f\x77\x77\x77\x2e\x77\x33\x2e\x6f\x72\x67\x2f\x32\x30\x30\
\x30\x2f\x73\x76\x67\x22\x20\x78\x6d\x6c\x6e\x73\x3a\x6e\x73\x31\
\x3d\x22\x68\x74\x74\x70\x3a\x2f\x2f\x73\x6f\x64\x69\x70\x6f\x64\
\x69\x2e\x73\x6f\x75\x72\x63\x65\x66\x6f\x72\x67\x65\x2e\x6e\x65\
\x74\x2f\x44\x54\x44\x2f\x73\x6f\x64\x69\x70\x6f\x64\x69\x2d\x30\
\x2e\x64\x74\x64\x22\x20\x78\x6d\x6c\x6e\x73\x3a\x6e\x73\x32\x3d\
\x22\x68\x74\x74\x70\x3a\x2f\x2f\x77\x77\x77\x2e\x69\x6e\x6b\x73\
\x63\x61\x70\x65\x2e\x6f\x72\x67\x2f\x6e\x61\x6d\x65\x73\x70\x61\
\x63\x65\x73\x2f\x69\x6e\x6b\x73\x63\x61\x70\x65\x22\x20\x77\x69\
\x64\x74\x68\x3d\x22\x32\x34\x22\x20\x68\x65\x69\x67\x68\x74\x3d\
\x22\x32\x34\x22\x20\x76\x65\x72\x73\x69\x6f\x6e\x3d\x22\x31\x2e\
\x31\x22\x20\x76\x69\x65\x77\x42\x6f\x78\x3d\x22\x30\x20\x30\x20\
\x32\x34\x20\x32\x34\x22\x20\x69\x64\x3d\x22\x73\x76\x67\x31\x22\
\x20\x6e\x73\x31\x3a\x64\x6f\x63\x6e\x61\x6d\x65\x3d\x22\x6c\x61\
\x62\x65\x6c\x2e\x73\x76\x67\x22\x20\x6e\x73\x32\x3a\x76\x65\x72\
\x73\x69\x6f\x6e\x3d\x22\x31\x2e\x33\x2d\x64\x65\x76\x20\x28\x37\
\x37\x62\x63\x37\x33\x65\x2c\x20\x32\x30\x32\x32\x2d\x30\x35\x2d\
\x31\x38\x29\x22\x3e\x0a\x20\x20\x3c\x64\x65\x66\x73\x20\x69\x64\
\x3d\x22\x64\x65\x66\x73\x31\x22\x20\x2f\x3e\x0a\x20\x20\x3c\x6e\
\x73\x31\x3a\x6e\x61\x6d\x65\x64\x76\x69\x65\x77\x20\x69\x64\x3d\
\x22\x6e\x61\x6d\x65\x64\x76\x69\x65\x77\x31\x22\x20\x70\x61\x67\
\x65\x63\x6f\x6c\x6f\x72\x3d\x22\x23\x66\x66\x66\x66\x66\x66\x22\
\x20\x62\x6f\x72\x64\x65\x72\x63\x6f\x6c\x6f\x72\x3d\x22\x23\x30\
\x30\x30\x30\x30\x30\x22\x20\x62\x6f\x72\x64\x65\x72\x6f\x70\x61\
\x63\x69\x74\x79\x3d\x22\x30\x2e\x32\x35\x22\x20\x6e\x73\x32\x3a\
\x73\x68\x6f\x77\x70\x61\x67\x65\x73\x68\x61\x64\x6f\x77\x3d\x22\
\x32\x22\x20\x6e\x73\x32\x3a\x70\x61\x67\x65\x6f\x70\x61\x63\x69\
\x74\x79\x3d\x22\x30\x2e\x30\x22\x20\x6e\x73\x32\x3a\x70\x61\x67\
\x65\x63\x68\x65\x63\x6b\x65\x72\x62\x6f\x61\x72\x64\x3d\x22\x30\
\x22\x20\x6e\x73\x32\x3a\x64\x65\x73\x6b\x63\x6f\x6c\x6f\x72\x3d\
\x22\x23\x64\x31\x64\x31\x64\x31\x22\x20\x73\x68\x6f\x77\x67\x72\
\x69\x64\x3d\x22\x66\x61\x6c\x73\x65\x22\x20\x6e\x73\x32\x3a\x7a\
\x6f\x6f\x6d\x3d\x22\x31\x31\x2e\x31\x33\x36\x39\x33\x32\x22\x20\
\x6e\x73\x32\x3a\x63\x78\x3d\x22\x2d\x36\x2e\x35\x30\x39\x38\x37\
\x31\x39\x22\x20\x6e\x73\x32\x3a\x63\x79\x3d\x22\x31\x35\x2e\x30\
\x38\x34\x39\x34\x35\x22\x20\x6e\x73\x32\x3a\x77\x69\x6e\x64\x6f\
\x77\x2d\x77\x69\x64\x74\x68\x3d\x22\x31\x34\x31\x38\x22\x20\x6e\
\x73\x32\x3a\x77\x69\x6e\x64\x6f\x77\x2d\x68\x65\x69\x67\x68\x74\
\x3d\x22\x39\x30\x36\x22\x20\x6e\x73\x32\x3a\x77\x69\x6e\x64\x6f\
\x77\x2d\x78\x3d\x22\x33\x39\x22\x20\x6e\x73\x32\x3a\x77\x69\x6e\
\x64\x6f\x77\x2d\x79\x3d\x22\x33\x30\x22\x20\x6e\x73\x32\x3a\x77\
\x69\x6e\x64\x6f\x77\x2d\x6d\x61\x78\x69\x6d\x69\x7a\x65\x64\x3d\
\x22\x30\x22\x20\x6e\x73\x32\x3a\x63\x75\x72\x72\x65\x6e\x74\x2d\
\x6c\x61\x79\x65\x72\x3d\x22\x73\x76\x67\x31\x22\x20\x2f\x3e\x0a\
\x20\x20\x3c\x70\x61\x74\x68\x20\x64\x3d\x22\x4d\x20\x34\x2c\x32\
\x30\x20\x51\x20\x33\x2e\x31\x37\x35\x2c\x32\x30\x20\x32\x2e\x35\
\x38\x37\x35\x30\x30\x31\x2c\x31\x39\x2e\x34\x31\x32\x35\x20\x32\
\x2e\x30\x30\x30\x30\x30\x30\x31\x2c\x31\x38\x2e\x38\x32\x35\x20\
\x32\x2e\x30\x30\x30\x30\x30\x30\x31\x2c\x31\x38\x20\x56\x20\x36\
\x2e\x30\x30\x30\x30\x30\x30\x31\x20\x71\x20\x30\x2c\x2d\x30\x2e\
\x38\x32\x35\x20\x30\x2e\x35\x38\x37\x35\x2c\x2d\x31\x2e\x34\x31\
\x32\x35\x20\x51\x20\x33\x2e\x31\x37\x35\x2c\x34\x2e\x30\x30\x30\
\x30\x30\x30\x31\x20\x34\x2c\x34\x2e\x30\x30\x30\x30\x30\x30\x31\
\x20\x68\x20\x31\x30\x2e\x39\x39\x39\x39\x39\x39\x20\x71\x20\x30\
\x2e\x34\x37\x35\x2c\x30\x20\x30\x2e\x39\x2c\x30\x2e\x32\x31\x32\
\x35\x20\x30\x2e\x34\x32\x35\x2c\x30\x2e\x32\x31\x32\x35\x20\x30\
\x2e\x37\x2c\x30\x2e\x35\x38\x37\x35\x20\x4c\x20\x32\x32\x2c\x31\
\x32\x2e\x30\x30\x30\x30\x30\x31\x20\x31\x36\x2e\x35\x39\x39\x39\
\x39\x39\x2c\x31\x39\x2e\x32\x20\x71\x20\x2d\x30\x2e\x32\x37\x35\
\x2c\x30\x2e\x33\x37\x35\x20\x2d\x30\x2e\x37\x2c\x30\x2e\x35\x38\
\x37\x35\x20\x2d\x30\x2e\x34\x32\x35\x2c\x30\x2e\x32\x31\x32\x35\
\x20\x2d\x30\x2e\x39\x2c\x30\x2e\x32\x31\x32\x35\x20\x7a\x20\x4d\
\x20\x34\x2c\x31\x38\x20\x48\x20\x31\x34\x2e\x39\x39\x39\x39\x39\
\x39\x20\x4c\x20\x31\x39\x2e\x35\x2c\x31\x32\x2e\x30\x30\x30\x30\
\x30\x31\x20\x31\x34\x2e\x39\x39\x39\x39\x39\x39\x2c\x36\x2e\x30\
\x30\x30\x30\x30\x30\x31\x20\x48\x20\x34\x20\x5a\x20\x6d\x20\x35\
\x2e\x34\x39\x39\x39\x39\x39\x2c\x2d\x35\x2e\x39\x39\x39\x39\x39\
\x39\x20\x7a\x22\x20\x69\x64\x3d\x22\x70\x61\x74\x68\x31\x22\x20\
\x73\x74\x79\x6c\x65\x3d\x22\x66\x69\x6c\x6c\x3a\x23\x45\x36\x45\
\x38\x45\x41\x3b\x66\x69\x6c\x6c\x2d\x6f\x70\x61\x63\x69\x74\x79\
\x3a\x31\x3b\x73\x74\x72\x6f\x6b\x65\x2d\x77\x69\x64\x74\x68\x3a\
\x30\x2e\x30\x32\x35\x22\x20\x2f\x3e\x0a\x3c\x2f\x73\x76\x67\x3e\
\x0a\
\x00\x00\x07\xe1\
\x3c\
\x73\x76\x67\x20\x78\x6d\x6c\x6e\x73\x3d\x22\x68\x74\x74\x70\x3a\
\x2f\x2f\x77\x77\x77\x2e\x77\x33\x2e\x6f\x72\x67\x2f\x32\x30\x30\
\x30\x2f\x73\x76\x67\x22\x20\x77\x69\x64\x74\x68\x3d\x22\x32\x34\
\x22\x20\x68\x65\x69\x67\x68\x74\x3d\x22\x32\x34\x22\x20\x76\x65\
\x72\x73\x69\x6f\x6e\x3d\x22\x31\x2e\x31\x22\x20\x76\x69\x65\x77\
\x42\x6f\x78\x3d\x22\x30\x20\x30\x20\x32\x34\x20\x32\x34\x22\x3e\
\x0a\x20\x20\x3c\x67\x20\x74\x72\x61\x6e\x73\x66\x6f\x72\x6d\x3d\
\x22\x74\x72\x61\x6e\x73\x6c\x61\x74\x65\x28\x2d\x30\x29\x20\x73\
\x63\x61\x6c\x65\x28\x2e\x30\x34\x36\x38\x37\x35\x29\x22\x3e\x0a\
\x20\x20\x20\x20\x3c\x64\x65\x66\x73\x20\x69\x64\x3d\x22\x65\x22\
\x3e\x0a\x20\x20\x20\x20\x20\x20\x3c\x63\x6c\x69\x70\x50\x61\x74\
\x68\x20\x69\x64\x3d\x22\x64\x22\x3e\x0a\x20\x20\x20\x20\x20\x20\
\x20\x20\x3c\x70\x61\x74\x68\x20\x69\x64\x3d\x22\x66\x22\x20\x74\
\x72\x61\x6e\x73\x66\x6f\x72\x6d\x3d\x22\x6d\x61\x74\x72\x69\x78\
\x28\x31\x20\x30\x20\x30\x20\x2d\x31\x20\x2d\x32\x39\x39\x2e\x31\
\x31\x20\x38\x31\x37\x2e\x32\x32\x29\x22\x20\x64\x3d\x22\x6d\x30\
\x20\x30\x68\x32\x30\x34\x38\x76\x32\x30\x34\x38\x68\x2d\x32\x30\
\x34\x38\x7a\x22\x20\x2f\x3e\x0a\x20\x20\x20\x20\x20\x20\x3c\x2f\
\x63\x6c\x69\x70\x50\x61\x74\x68\x3e\x0a\x20\x20\x20\x20\x20\x20\
\x3c\x63\x6c\x69\x70\x50\x61\x74\x68\x20\x69\x64\x3d\x22\x63\x22\
\x3e\x0a\x20\x20\x20\x20\x20\x20\x20\x20\x3c\x70\x61\x74\x68\x20\
\x69\x64\x3d\x22\x67\x22\x20\x74\x72\x61\x6e\x73\x66\x6f\x72\x6d\
\x3d\x22\x6d\x61\x74\x72\x69\x78\x28\x2d\x2e\x30\x31\x31\x35\x30\
\x33\x20\x2d\x2e\x30\x31\x31\x39\x30\x37\x20\x2d\x2e\x30\x31\x31\
\x39\x30\x37\x20\x2e\x30\x31\x31\x35\x30\x33\x20\x31\x35\x2e\x39\
\x34\x20\x2e\x31\x33\x35\x32\x31\x29\x22\x20\x64\x3d\x22\x6d\x30\
\x20\x30\x68\x32\x30\x34\x38\x76\x32\x30\x34\x38\x68\x2d\x32\x30\
\x34\x38\x7a\x22\x20\x2f\x3e\x0a\x20\x20\x20\x20\x20\x20\x3c\x2f\
\x63\x6c\x69\x70\x50\x61\x74\x68\x3e\x0a\x20\x20\x20\x20\x20\x20\
\x3c\x63\x6c\x69\x70\x50\x61\x74\x68\x20\x69\x64\x3d\x22\x62\x22\
\x3e\x0a\x20\x20\x20\x20\x20\x20\x20\x20\x3c\x70\x61\x74\x68\x20\
\x69\x64\x3d\x22\x68\x22\x20\x74\x72\x61\x6e\x73\x66\x6f\x72\x6d\
\x3d\x22\x6d\x61\x74\x72\x69\x78\x28\x31\x20\x30\x20\x30\x20\x2d\
\x31\x20\x2d\x33\x32\x33\x2e\x38\x34\x20\x31\x37\x34\x35\x2e\x39\
\x29\x22\x20\x64\x3d\x22\x6d\x30\x20\x30\x68\x32\x30\x34\x38\x76\
\x32\x30\x34\x38\x68\x2d\x32\x30\x34\x38\x7a\x22\x20\x2f\x3e\x0a\
\x20\x20\x20\x20\x20\x20\x3c\x2f\x63\x6c\x69\x70\x50\x61\x74\x68\
\x3e\x0a\x20\x20\x20\x20\x20\x20\x3c\x63\x6c\x69\x70\x50\x61\x74\
\x68\x20\x69\x64\x3d\x22\x61\x22\x3e\x0a\x20\x20\x20\x20\x20\x20\
\x20\x20\x3c\x70\x61\x74\x68\x20\x69\x64\x3d\x22\x69\x22\x20\x74\
\x72\x61\x6e\x73\x66\x6f\x72\x6d\x3d\x22\x6d\x61\x74\x72\x69\x78\
\x28\x2e\x30\x31\x31\x35\x30\x33\x20\x2e\x30\x31\x31\x39\x30\x37\
\x20\x2e\x30\x31\x31\x39\x30\x37\x20\x2d\x2e\x30\x31\x31\x35\x30\
\x33\x20\x2d\x33\x32\x2e\x36\x38\x38\x20\x2d\x2e\x36\x36\x33\x31\
\x36\x29\x22\x20\x64\x3d\x22\x6d\x30\x20\x30\x68\x32\x30\x34\x38\
\x76\x32\x30\x34\x38\x68\x2d\x32\x30\x34\x38\x7a\x22\x20\x2f\x3e\
\x0a\x20\x20\x20\x20\x20\x20\x3c\x2f\x63\x6c\x69\x70\x50\x61\x74\
\x68\x3e\x0a\x20\x20\x20\x20\x3c\x2f\x64\x65\x66\x73\x3e\x0a\x20\
\x20\x20\x20\x3c\x67\x20\x69\x64\x3d\x22\x6a\x22\x20\x74\x72\x61\
\x6e\x73\x66\x6f\x72\x6d\x3d\x22\x6d\x61\x74\x72\x69\x78\x28\x31\
\x2e\x31\x32\x35\x20\x30\x20\x30\x20\x31\x2e\x31\x32\x35\x20\x33\
\x35\x31\x2e\x36\x36\x20\x31\x37\x37\x2e\x37\x31\x29\x22\x20\x73\
\x74\x72\x6f\x6b\x65\x3d\x22\x23\x45\x36\x45\x38\x45\x41\x22\x3e\
\x0a\x20\x20\x20\x20\x20\x20\x3c\x67\x20\x69\x64\x3d\x22\x6b\x22\
\x20\x74\x72\x61\x6e\x73\x66\x6f\x72\x6d\x3d\x22\x6d\x61\x74\x72\
\x69\x78\x28\x32\x35\x20\x30\x20\x30\x20\x32\x35\x20\x2d\x34\x36\
\x35\x2e\x39\x37\x20\x2d\x33\x31\x37\x2e\x39\x36\x29\x22\x3e\x0a\
\x20\x20\x20\x20\x20\x20\x20\x20\x3c\x67\x20\x69\x64\x3d\x22\x6c\
\x22\x20\x74\x72\x61\x6e\x73\x66\x6f\x72\x6d\x3d\x22\x6d\x61\x74\
\x72\x69\x78\x28\x2e\x32\x32\x35\x20\x30\x20\x30\x20\x2e\x32\x32\
\x35\x20\x31\x34\x2e\x35\x38\x38\x20\x31\x33\x2e\x30\x36\x37\x29\
\x22\x20\x66\x69\x6c\x6c\x3d\x22\x6e\x6f\x6e\x65\x22\x20\x73\x74\
\x72\x6f\x6b\x65\x3d\x22\x23\x45\x36\x45\x38\x45\x41\x22\x3e\x0a\
\x20\x20\x20\x20\x20\x20\x20\x20\x20\x20\x3c\x67\x20\x69\x64\x3d\
\x22\x6d\x22\x20\x74\x72\x61\x6e\x73\x66\x6f\x72\x6d\x3d\x22\x6d\
\x61\x74\x72\x69\x78\x28\x2e\x30\x33\x35\x35\x35\x36\x20\x30\x20\
\x30\x20\x2e\x30\x33\x35\x35\x35\x36\x20\x2d\x34\x36\x2e\x33\x33\
\x20\x2d\x33\x36\x2e\x38\x30\x38\x29\x22\x3e\x0a\x20\x20\x20\x20\
\x20\x20\x20\x20\x20\x20\x20\x20\x3c\x70\x61\x74\x68\x20\x69\x64\
\x3d\x22\x6e\x22\x20\x74\x72\x61\x6e\x73\x66\x6f\x72\x6d\x3d\x22\
\x6d\x61\x74\x72\x69\x78\x28\x31\x2e\x33\x33\x33\x33\x20\x30\x20\
\x30\x20\x31\x2e\x33\x33\x33\x33\x20\x34\x33\x31\x2e\x37\x38\x20\
\x34\x30\x32\x2e\x37\x34\x29\x22\x20\x64\x3d\x22\x6d\x30\x20\x34\
\x38\x34\x2e\x32\x39\x63\x33\x34\x36\x2e\x30\x31\x2d\x35\x34\x32\
\x2e\x31\x39\x20\x37\x34\x36\x2e\x38\x39\x2d\x36\x32\x39\x2e\x31\
\x32\x20\x31\x32\x30\x32\x2e\x36\x2d\x32\x36\x30\x2e\x37\x39\x6c\
\x33\x35\x2e\x39\x36\x31\x20\x33\x34\x2e\x37\x34\x22\x20\x63\x6c\
\x69\x70\x2d\x70\x61\x74\x68\x3d\x22\x75\x72\x6c\x28\x23\x62\x29\
\x22\x20\x73\x74\x72\x6f\x6b\x65\x2d\x77\x69\x64\x74\x68\x3d\x22\
\x31\x30\x30\x22\x20\x2f\x3e\x0a\x20\x20\x20\x20\x20\x20\x20\x20\
\x20\x20\x20\x20\x3c\x70\x61\x74\x68\x20\x69\x64\x3d\x22\x6f\x22\
\x20\x74\x72\x61\x6e\x73\x66\x6f\x72\x6d\x3d\x22\x6d\x61\x74\x72\
\x69\x78\x28\x35\x35\x2e\x39\x35\x34\x20\x2d\x35\x37\x2e\x39\x32\
\x20\x35\x37\x2e\x39\x32\x20\x35\x35\x2e\x39\x35\x34\x20\x31\x38\
\x36\x37\x2e\x34\x20\x38\x37\x34\x2e\x35\x29\x22\x20\x64\x3d\x22\
\x6d\x30\x20\x30\x20\x33\x20\x35\x20\x33\x2d\x35\x6d\x2d\x33\x20\
\x30\x76\x35\x22\x20\x63\x6c\x69\x70\x2d\x70\x61\x74\x68\x3d\x22\
\x75\x72\x6c\x28\x23\x61\x29\x22\x20\x73\x74\x72\x6f\x6b\x65\x2d\
\x6c\x69\x6e\x65\x6a\x6f\x69\x6e\x3d\x22\x72\x6f\x75\x6e\x64\x22\
\x20\x73\x74\x72\x6f\x6b\x65\x2d\x6d\x69\x74\x65\x72\x6c\x69\x6d\
\x69\x74\x3d\x22\x31\x30\x22\x20\x73\x74\x72\x6f\x6b\x65\x2d\x77\
\x69\x64\x74\x68\x3d\x22\x31\x2e\x36\x35\x35\x36\x22\x20\x2f\x3e\
\x0a\x20\x20\x20\x20\x20\x20\x20\x20\x20\x20\x3c\x2f\x67\x3e\x0a\
\x20\x20\x20\x20\x20\x20\x20\x20\x20\x20\x3c\x67\x20\x69\x64\x3d\
\x22\x70\x22\x20\x74\x72\x61\x6e\x73\x66\x6f\x72\x6d\x3d\x22\x6d\
\x61\x74\x72\x69\x78\x28\x2e\x30\x33\x35\x35\x35\x36\x20\x30\x20\
\x30\x20\x2e\x30\x33\x35\x35\x35\x36\x20\x2d\x34\x36\x2e\x33\x33\
\x20\x2d\x33\x36\x2e\x38\x30\x38\x29\x22\x3e\x0a\x20\x20\x20\x20\
\x20\x20\x20\x20\x20\x20\x20\x20\x3c\x70\x61\x74\x68\x20\x69\x64\
\x3d\x22\x71\x22\x20\x74\x72\x61\x6e\x73\x66\x6f\x72\x6d\x3d\x22\
\x6d\x61\x74\x72\x69\x78\x28\x31\x2e\x33\x33\x33\x33\x20\x30\x20\
\x30\x20\x31\x2e\x33\x33\x33\x33\x20\x33\x39\x38\x2e\x38\x31\x20\
\x31\x36\x34\x31\x29\x22\x20\x64\x3d\x22\x6d\x31\x34\x35\x32\x2e\
\x34\x20\x30\x63\x2d\x33\x34\x36\x2e\x30\x31\x20\x35\x34\x32\x2e\
\x31\x39\x2d\x37\x34\x36\x2e\x38\x39\x20\x36\x32\x39\x2e\x31\x32\
\x2d\x31\x32\x30\x32\x2e\x36\x20\x32\x36\x30\x2e\x37\x39\x6c\x2d\
\x33\x35\x2e\x39\x36\x31\x2d\x33\x34\x2e\x37\x34\x22\x20\x63\x6c\
\x69\x70\x2d\x70\x61\x74\x68\x3d\x22\x75\x72\x6c\x28\x23\x64\x29\
\x22\x20\x73\x74\x72\x6f\x6b\x65\x2d\x77\x69\x64\x74\x68\x3d\x22\
\x31\x30\x30\x22\x20\x2f\x3e\x0a\x20\x20\x20\x20\x20\x20\x20\x20\
\x20\x20\x20\x20\x3c\x70\x61\x74\x68\x20\x69\x64\x3d\x22\x72\x22\
\x20\x74\x72\x61\x6e\x73\x66\x6f\x72\x6d\x3d\x22\x6d\x61\x74\x72\
\x69\x78\x28\x2d\x35\x35\x2e\x39\x35\x34\x20\x35\x37\x2e\x39\x32\
\x20\x2d\x35\x37\x2e\x39\x32\x20\x2d\x35\x35\x2e\x39\x35\x34\x20\
\x38\x39\x39\x2e\x37\x32\x20\x31\x38\x31\x35\x29\x22\x20\x64\x3d\
\x22\x6d\x30\x20\x30\x20\x33\x20\x35\x20\x33\x2d\x35\x6d\x2d\x33\
\x20\x30\x76\x35\x22\x20\x63\x6c\x69\x70\x2d\x70\x61\x74\x68\x3d\
\x22\x75\x72\x6c\x28\x23\x63\x29\x22\x20\x73\x74\x72\x6f\x6b\x65\
\x2d\x6c\x69\x6e\x65\x6a\x6f\x69\x6e\x3d\x22\x72\x6f\x75\x6e\x64\
\x22\x20\x73\x74\x72\x6f\x6b\x65\x2d\x6d\x69\x74\x65\x72\x6c\x69\
\x6d\x69\x74\x3d\x22\x31\x30\x22\x20\x73\x74\x72\x6f\x6b\x65\x2d\
\x77\x69\x64\x74\x68\x3d\x22\x31\x2e\x36\x35\x35\x36\x22\x20\x2f\
\x3e\x0a\x20\x20\x20\x20\x20\x20\x20\x20\x20\x20\x3c\x2f\x67\x3e\
\x0a\x20\x20\x20\x20\x20\x20\x20\x20\x3c\x2f\x67\x3e\x0a\x20\x20\
\x20\x20\x20\x20\x3c\x2f\x67\x3e\x0a\x20\x20\x20\x20\x3c\x2f\x67\
\x3e\x0a\x20\x20\x3c\x2f\x67\x3e\x0a\x3c\x2f\x73\x76\x67\x3e\x0a\
\
\x00\x00\x01\x3f\
\x3c\
\x73\x76\x67\x20\x78\x6d\x6c\x6e\x73\x3d\x22\x68\x74\x74\x70\x3a\
\x2f\x2f\x77\x77\x77\x2e\x77\x33\x2e\x6f\x72\x67\x2f\x32\x30\x30\
\x30\x2f\x73\x76\x67\x22\x20\x77\x69\x64\x74\x68\x3d\x22\x32\x34\
\x22\x20\x68\x65\x69\x67\x68\x74\x3d\x22\x32\x34\x22\x20\x76\x65\
\x72\x73\x69\x6f\x6e\x3d\x22\x31\x2e\x31\x22\x20\x76\x69\x65\x77\
\x42\x6f\x78\x3d\x22\x30\x20\x30\x20\x32\x34\x20\x32\x34\x22\x3e\
\x0a\x20\x20\x3c\x67\x20\x74\x72\x61\x6e\x73\x66\x6f\x72\x6d\x3d\
\x22\x74\x72\x61\x6e\x73\x6c\x61\x74\x65\x28\x2d\x30\x29\x20\x73\
\x63\x61\x6c\x65\x28\x2e\x30\x34\x36\x38\x37\x35\x29\x22\x3e\x0a\
\x20\x20\x20\x20\x3c\x70\x61\x74\x68\x20\x69\x64\x3d\x22\x61\x22\
\x20\x64\x3d\x22\x6d\x32\x31\x33\x2e\x39\x31\x20\x34\x32\x34\x2e\
\x33\x35\x68\x38\x34\x2e\x31\x37\x37\x76\x2d\x31\x32\x36\x2e\x32\
\x37\x68\x31\x32\x36\x2e\x32\x37\x76\x2d\x38\x34\x2e\x31\x37\x37\
\x68\x2d\x31\x32\x36\x2e\x32\x37\x76\x2d\x31\x32\x36\x2e\x32\x37\
\x68\x2d\x38\x34\x2e\x31\x37\x37\x76\x31\x32\x36\x2e\x32\x37\x68\
\x2d\x31\x32\x36\x2e\x32\x37\x76\x38\x34\x2e\x31\x37\x37\x68\x31\
\x32\x36\x2e\x32\x37\x7a\x22\x20\x66\x69\x6c\x6c\x3d\x22\x23\x45\
\x36\x45\x38\x45\x41\x22\x20\x73\x74\x72\x6f\x6b\x65\x2d\x77\x69\
\x64\x74\x68\x3d\x22\x31\x2e\x30\x35\x32\x32\x22\x20\x2f\x3e\x0a\
\x20\x20\x3c\x2f\x67\x3e\x0a\x3c\x2f\x73\x76\x67\x3e\x0a\
\x00\x00\x02\xef\
\x3c\
\x73\x76\x67\x20\x78\x6d\x6c\x6e\x73\x3d\x22\x68\x74\x74\x70\x3a\
\x2f\x2f\x77\x77\x77\x2e\x77\x33\x2e\x6f\x72\x67\x2f\x32\x30\x30\
\x30\x2f\x73\x76\x67\x22\x20\x77\x69\x64\x74\x68\x3d\x22\x32\x34\
\x22\x20\x68\x65\x69\x67\x68\x74\x3d\x22\x32\x34\x22\x20\x76\x65\
\x72\x73\x69\x6f\x6e\x3d\x22\x31\x2e\x31\x22\x20\x76\x69\x65\x77\
\x42\x6f\x78\x3d\x22\x30\x20\x30\x20\x32\x34\x20\x32\x34\x22\x3e\
\x0a\x20\x20\x3c\x67\x20\x74\x72\x61\x6e\x73\x66\x6f\x72\x6d\x3d\
\x22\x74\x72\x61\x6e\x73\x6c\x61\x74\x65\x28\x2d\x30\x29\x20\x73\
\x63\x61\x6c\x65\x28\x2e\x30\x34\x36\x38\x37\x35\x29\x22\x3e\x0a\
\x20\x20\x20\x20\x3c\x64\x65\x66\x73\x20\x69\x64\x3d\x22\x62\x22\
\x3e\x0a\x20\x20\x20\x20\x20\x20\x3c\x63\x6c\x69\x70\x50\x61\x74\
\x68\x20\x69\x64\x3d\x22\x61\x22\x3e\x0a\x20\x20\x20\x20\x20\x20\
\x20\x20\x3c\x70\x61\x74\x68\x20\x69\x64\x3d\x22\x63\x22\x20\x74\
\x72\x61\x6e\x73\x66\x6f\x72\x6d\x3d\x22\x6d\x61\x74\x72\x69\x78\
\x28\x31\x20\x30\x20\x30\x20\x2d\x31\x20\x2d\x36\x36\x2e\x31\x36\
\x34\x20\x31\x36\x38\x34\x2e\x38\x29\x22\x20\x64\x3d\x22\x6d\x30\
\x20\x30\x68\x32\x30\x34\x38\x76\x32\x30\x34\x38\x68\x2d\x32\x30\
\x34\x38\x7a\x22\x20\x2f\x3e\x0a\x20\x20\x20\x20\x20\x20\x3c\x2f\
\x63\x6c\x69\x70\x50\x61\x74\x68\x3e\x0a\x20\x20\x20\x20\x3c\x2f\
\x64\x65\x66\x73\x3e\x0a\x20\x20\x20\x20\x3c\x67\x20\x69\x64\x3d\
\x22\x64\x22\x20\x74\x72\x61\x6e\x73\x66\x6f\x72\x6d\x3d\x22\x6d\
\x61\x74\x72\x69\x78\x28\x2e\x31\x38\x20\x30\x20\x30\x20\x2e\x31\
\x38\x20\x31\x35\x2e\x38\x34\x31\x20\x34\x36\x2e\x38\x37\x32\x29\
\x22\x20\x73\x74\x72\x6f\x6b\x65\x3d\x22\x23\x45\x36\x45\x38\x45\
\x41\x22\x20\x73\x74\x72\x6f\x6b\x65\x2d\x77\x69\x64\x74\x68\x3d\
\x22\x32\x32\x32\x2e\x32\x32\x22\x3e\x0a\x20\x20\x20\x20\x20\x20\
\x3c\x70\x61\x74\x68\x20\x69\x64\x3d\x22\x65\x22\x20\x74\x72\x61\
\x6e\x73\x66\x6f\x72\x6d\x3d\x22\x6d\x61\x74\x72\x69\x78\x28\x31\
\x2e\x33\x33\x33\x33\x20\x30\x20\x30\x20\x31\x2e\x33\x33\x33\x33\
\x20\x38\x38\x2e\x32\x31\x39\x20\x34\x38\x34\x2e\x32\x31\x29\x22\
\x20\x64\x3d\x22\x6d\x30\x20\x30\x63\x31\x30\x31\x2e\x34\x39\x20\
\x32\x35\x35\x2e\x32\x38\x20\x32\x33\x34\x2e\x39\x33\x20\x34\x38\
\x34\x2e\x37\x20\x33\x39\x34\x2e\x37\x32\x20\x36\x39\x30\x2e\x35\
\x20\x31\x33\x34\x2e\x36\x34\x20\x31\x37\x33\x2e\x34\x32\x20\x33\
\x30\x35\x2e\x34\x20\x33\x34\x37\x2e\x32\x36\x20\x35\x34\x33\x2e\
\x37\x34\x20\x33\x34\x39\x2e\x34\x36\x20\x32\x33\x31\x2e\x39\x32\
\x20\x32\x2e\x31\x34\x32\x20\x34\x30\x35\x2e\x37\x38\x2d\x31\x37\
\x31\x2e\x32\x39\x20\x35\x34\x31\x2e\x38\x31\x2d\x33\x34\x38\x2e\
\x37\x20\x31\x35\x39\x2e\x31\x34\x2d\x32\x30\x37\x2e\x35\x36\x20\
\x32\x39\x32\x2e\x33\x37\x2d\x34\x33\x38\x2e\x31\x37\x20\x33\x39\
\x34\x2e\x35\x34\x2d\x36\x39\x30\x2e\x35\x32\x22\x20\x63\x6c\x69\
\x70\x2d\x70\x61\x74\x68\x3d\x22\x75\x72\x6c\x28\x23\x61\x29\x22\
\x20\x66\x69\x6c\x6c\x3d\x22\x6e\x6f\x6e\x65\x22\x20\x73\x74\x72\
\x6f\x6b\x65\x3d\x22\x23\x45\x36\x45\x38\x45\x41\x22\x20\x73\x74\
\x72\x6f\x6b\x65\x2d\x77\x69\x64\x74\x68\x3d\x22\x31\x36\x36\x2e\
\x36\x37\x22\x20\x2f\x3e\x0a\x20\x20\x20\x20\x3c\x2f\x67\x3e\x0a\
\x20\x20\x3c\x2f\x67\x3e\x0a\x3c\x2f\x73\x76\x67\x3e\x0a\
\x00\x00\x03\x4b\
\x3c\
\x73\x76\x67\x20\x78\x6d\x6c\x6e\x73\x3d\x22\x68\x74\x74\x70\x3a\
\x2f\x2f\x77\x77\x77\x2e\x77\x33\x2e\x6f\x72\x67\x2f\x32\x30\x30\
\x30\x2f\x73\x76\x67\x22\x20\x77\x69\x64\x74\x68\x3d\x22\x32\x34\
\x22\x20\x68\x65\x69\x67\x68\x74\x3d\x22\x32\x34\x22\x20\x76\x65\
\x72\x73\x69\x6f\x6e\x3d\x22\x31\x2e\x31\x22\x20\x76\x69\x65\x77\
\x42\x6f\x78\x3d\x22\x30\x20\x30\x20\x32\x34\x20\x32\x34\x22\x3e\
\x0a\x20\x20\x3c\x67\x20\x74\x72\x61\x6e\x73\x66\x6f\x72\x6d\x3d\
\x22\x74\x72\x61\x6e\x73\x6c\x61\x74\x65\x28\x2d\x30\x29\x20\x73\
\x63\x61\x6c\x65\x28\x2e\x30\x34\x36\x38\x37\x35\x29\x22\x3e\x0a\
\x20\x20\x20\x20\x3c\x64\x65\x66\x73\x20\x69\x64\x3d\x22\x62\x22\
\x3e\x0a\x20\x20\x20\x20\x20\x20\x3c\x63\x6c\x69\x70\x50\x61\x74\
\x68\x20\x69\x64\x3d\x22\x61\x22\x3e\x0a\x20\x20\x20\x20\x20\x20\
\x20\x20\x3c\x70\x61\x74\x68\x20\x69\x64\x3d\x22\x63\x22\x20\x74\
\x72\x61\x6e\x73\x66\x6f\x72\x6d\x3d\x22\x6d\x61\x74\x72\x69\x78\
\x28\x31\x20\x30\x20\x30\x20\x2d\x31\x20\x2d\x38\x34\x2e\x35\x38\
\x33\x20\x31\x36\x38\x38\x2e\x37\x29\x22\x20\x64\x3d\x22\x6d\x30\
\x20\x30\x68\x32\x30\x34\x38\x76\x32\x30\x34\x38\x68\x2d\x32\x30\
\x34\x38\x7a\x22\x20\x2f\x3e\x0a\x20\x20\x20\x20\x20\x20\x3c\x2f\
\x63\x6c\x69\x70\x50\x61\x74\x68\x3e\x0a\x20\x20\x20\x20\x3c\x2f\
\x64\x65\x66\x73\x3e\x0a\x20\x20\x20\x20\x3c\x67\x20\x69\x64\x3d\
\x22\x64\x22\x20\x74\x72\x61\x6e\x73\x66\x6f\x72\x6d\x3d\x22\x6d\
\x61\x74\x72\x69\x78\x28\x2e\x31\x38\x20\x30\x20\x30\x20\x2e\x31\
\x38\x20\x38\x2e\x35\x33\x38\x35\x20\x32\x2e\x35\x31\x37\x39\x29\
\x22\x20\x73\x74\x72\x6f\x6b\x65\x3d\x22\x23\x45\x36\x45\x38\x45\
\x41\x22\x20\x73\x74\x72\x6f\x6b\x65\x2d\x77\x69\x64\x74\x68\x3d\
\x22\x32\x32\x32\x2e\x32\x32\x22\x3e\x0a\x20\x20\x20\x20\x20\x20\
\x3c\x70\x61\x74\x68\x20\x69\x64\x3d\x22\x65\x22\x20\x74\x72\x61\
\x6e\x73\x66\x6f\x72\x6d\x3d\x22\x6d\x61\x74\x72\x69\x78\x28\x31\
\x2e\x33\x33\x33\x33\x20\x30\x20\x30\x20\x31\x2e\x33\x33\x33\x33\
\x20\x31\x31\x32\x2e\x37\x38\x20\x34\x37\x39\x2e\x31\x29\x22\x20\
\x64\x3d\x22\x6d\x30\x20\x31\x33\x36\x32\x2e\x36\x63\x34\x32\x2e\
\x37\x32\x39\x2d\x31\x31\x33\x2e\x33\x32\x20\x31\x30\x30\x2e\x37\
\x31\x2d\x32\x31\x38\x2e\x30\x32\x20\x31\x37\x31\x2e\x32\x34\x2d\
\x33\x31\x32\x2e\x31\x34\x20\x31\x33\x32\x2e\x33\x37\x2d\x31\x37\
\x36\x2e\x36\x36\x20\x33\x31\x34\x2e\x36\x31\x2d\x33\x32\x32\x2e\
\x34\x32\x20\x35\x34\x30\x2e\x34\x32\x2d\x33\x35\x39\x2e\x36\x38\
\x20\x37\x36\x2e\x31\x31\x39\x2d\x31\x32\x2e\x35\x35\x39\x20\x31\
\x35\x33\x2e\x35\x36\x2d\x31\x30\x2e\x38\x34\x34\x20\x32\x33\x30\
\x2e\x36\x35\x2d\x39\x2e\x35\x35\x33\x34\x20\x37\x36\x2e\x30\x39\
\x20\x31\x2e\x32\x37\x33\x36\x20\x31\x35\x32\x2e\x34\x39\x20\x32\
\x2e\x31\x35\x30\x38\x20\x32\x32\x37\x2e\x36\x35\x2d\x31\x30\x2e\
\x30\x34\x32\x20\x32\x32\x31\x2e\x37\x32\x2d\x33\x35\x2e\x39\x36\
\x37\x20\x34\x30\x38\x2e\x31\x39\x2d\x31\x37\x36\x2e\x34\x39\x20\
\x35\x34\x32\x2e\x39\x39\x2d\x33\x35\x36\x2e\x35\x34\x20\x37\x31\
\x2e\x37\x32\x39\x2d\x39\x35\x2e\x38\x31\x35\x20\x31\x32\x38\x2e\
\x35\x38\x2d\x32\x30\x31\x2e\x39\x31\x20\x31\x36\x38\x2e\x36\x35\
\x2d\x33\x31\x34\x2e\x36\x39\x22\x20\x63\x6c\x69\x70\x2d\x70\x61\
\x74\x68\x3d\x22\x75\x72\x6c\x28\x23\x61\x29\x22\x20\x66\x69\x6c\
\x6c\x3d\x22\x6e\x6f\x6e\x65\x22\x20\x73\x74\x72\x6f\x6b\x65\x3d\
\x22\x23\x45\x36\x45\x38\x45\x41\x22\x20\x73\x74\x72\x6f\x6b\x65\
\x2d\x77\x69\x64\x74\x68\x3d\x22\x31\x36\x36\x2e\x36\x37\x22\x20\
\x2f\x3e\x0a\x20\x20\x20\x20\x3c\x2f\x67\x3e\x0a\x20\x20\x3c\x2f\
\x67\x3e\x0a\x3c\x2f\x73\x76\x67\x3e\x0a\
\x00\x00\x02\x71\
\x3c\
\x73\x76\x67\x20\x78\x6d\x6c\x6e\x73\x3d\x22\x68\x74\x74\x70\x3a\
\x2f\x2f\x77\x77\x77\x2e\x77\x33\x2e\x6f\x72\x67\x2f\x32\x30\x30\
\x30\x2f\x73\x76\x67\x22\x20\x77\x69\x64\x74\x68\x3d\x22\x32\x34\
\x22\x20\x68\x65\x69\x67\x68\x74\x3d\x22\x32\x34\x22\x20\x76\x65\
\x72\x73\x69\x6f\x6e\x3d\x22\x31\x2e\x31\x22\x20\x76\x69\x65\x77\
\x42\x6f\x78\x3d\x22\x30\x20\x30\x20\x32\x34\x20\x32\x34\x22\x3e\
\x0a\x20\x20\x3c\x67\x20\x74\x72\x61\x6e\x73\x66\x6f\x72\x6d\x3d\
\x22\x74\x72\x61\x6e\x73\x6c\x61\x74\x65\x28\x2d\x30\x29\x20\x73\
\x63\x61\x6c\x65\x28\x2e\x30\x34\x36\x38\x37\x35\x29\x22\x3e\x0a\
\x20\x20\x20\x20\x3c\x64\x65\x66\x73\x20\x69\x64\x3d\x22\x62\x22\
\x3e\x0a\x20\x20\x20\x20\x20\x20\x3c\x63\x6c\x69\x70\x50\x61\x74\
\x68\x20\x69\x64\x3d\x22\x61\x22\x3e\x0a\x20\x20\x20\x20\x20\x20\
\x20\x20\x3c\x70\x61\x74\x68\x20\x69\x64\x3d\x22\x63\x22\x20\x74\
\x72\x61\x6e\x73\x66\x6f\x72\x6d\x3d\x22\x6d\x61\x74\x72\x69\x78\
\x28\x2e\x38\x38\x30\x34\x39\x20\x2d\x2e\x34\x37\x34\x30\x37\x20\
\x2d\x2e\x34\x37\x34\x30\x37\x20\x2d\x2e\x38\x38\x30\x34\x39\x20\
\x36\x31\x39\x2e\x31\x35\x20\x31\x33\x37\x32\x2e\x37\x29\x22\x20\
\x64\x3d\x22\x6d\x30\x20\x30\x68\x32\x30\x34\x38\x76\x32\x30\x34\
\x38\x68\x2d\x32\x30\x34\x38\x7a\x22\x20\x2f\x3e\x0a\x20\x20\x20\
\x20\x20\x20\x3c\x2f\x63\x6c\x69\x70\x50\x61\x74\x68\x3e\x0a\x20\
\x20\x20\x20\x3c\x2f\x64\x65\x66\x73\x3e\x0a\x20\x20\x20\x20\x3c\
\x67\x20\x69\x64\x3d\x22\x64\x22\x20\x74\x72\x61\x6e\x73\x66\x6f\
\x72\x6d\x3d\x22\x6d\x61\x74\x72\x69\x78\x28\x2e\x31\x38\x20\x30\
\x20\x30\x20\x2e\x31\x38\x20\x31\x30\x2e\x31\x33\x32\x20\x37\x2e\
\x35\x31\x37\x34\x29\x22\x20\x73\x74\x72\x6f\x6b\x65\x3d\x22\x23\
\x45\x36\x45\x38\x45\x41\x22\x20\x73\x74\x72\x6f\x6b\x65\x2d\x77\
\x69\x64\x74\x68\x3d\x22\x32\x32\x32\x2e\x32\x32\x22\x3e\x0a\x20\
\x20\x20\x20\x20\x20\x3c\x70\x61\x74\x68\x20\x69\x64\x3d\x22\x65\
\x22\x20\x74\x72\x61\x6e\x73\x66\x6f\x72\x6d\x3d\x22\x6d\x61\x74\
\x72\x69\x78\x28\x31\x2e\x31\x37\x34\x20\x2e\x36\x33\x32\x30\x39\
\x20\x2d\x2e\x36\x33\x32\x30\x39\x20\x31\x2e\x31\x37\x34\x20\x31\
\x34\x30\x2e\x38\x31\x20\x37\x32\x37\x2e\x37\x33\x29\x22\x20\x64\
\x3d\x22\x6d\x30\x20\x30\x68\x32\x30\x38\x39\x2e\x36\x22\x20\x63\
\x6c\x69\x70\x2d\x70\x61\x74\x68\x3d\x22\x75\x72\x6c\x28\x23\x61\
\x29\x22\x20\x66\x69\x6c\x6c\x3d\x22\x6e\x6f\x6e\x65\x22\x20\x73\
\x74\x72\x6f\x6b\x65\x3d\x22\x23\x45\x36\x45\x38\x45\x41\x22\x20\
\x73\x74\x72\x6f\x6b\x65\x2d\x77\x69\x64\x74\x68\x3d\x22\x31\x36\
\x36\x2e\x36\x37\x22\x20\x2f\x3e\x0a\x20\x20\x20\x20\x3c\x2f\x67\
\x3e\x0a\x20\x20\x3c\x2f\x67\x3e\x0a\x3c\x2f\x73\x76\x67\x3e\x0a\
\
\x00\x00\x03\x62\
\x00\
\x00\x0b\xce\x78\x9c\xbd\x56\xcb\x6e\xdb\x30\x10\xbc\xe7\x2b\x16\
\xca\x25\x39\x70\xcd\xa7\x48\x16\x76\x80\x06\xc8\xbd\xbf\xe0\xda\
\x8a\xa5\x46\xb6\x53\x4b\xb5\x83\x7e\x7d\x57\x26\xe5\x8a\xa9\x12\
\x27\x41\x5b\xc3\x00\xc9\x15\xc9\x99\x1d\xce\x52\x9a\x36\xfb\x15\
\x3c\xad\xeb\x4d\x33\xcb\xca\xb6\x7d\xfc\x34\x99\x1c\x0e\x07\x3c\
\x28\xdc\xee\x56\x13\xc9\x39\x9f\xd0\x8c\x0c\x0e\xd5\xb2\x2d\x67\
\x99\xd4\x19\x94\x45\xb5\x2a\xdb\xd0\xdf\x17\xbb\xa6\xda\x6e\x66\
\x99\x40\x41\xa3\xaa\x38\xdc\x6e\x9f\x66\x19\x07\x0e\x52\xd3\x3f\
\xbb\xb9\x00\x98\xae\xa0\xdd\xcd\x37\xcd\xfd\x76\xb7\x9e\x65\xc7\
\x6e\x3d\x6f\x8b\x2b\xc6\xaf\xa1\x59\xcc\xeb\xe2\x0a\xb9\xce\x9d\
\x35\xd7\xc7\xe9\xb4\x60\x59\xdc\x37\x50\x2d\x67\xd9\x7d\x8c\x50\
\x6c\x51\x57\x8f\x5f\xe6\x6d\x79\x8c\x7f\x3d\xc5\xe9\xc9\x63\x1f\
\x25\x9e\xa3\x40\x44\x06\x4d\xc1\x68\x7f\xa0\x59\x6b\xc5\x0d\x2a\
\x90\x56\x95\xc2\x0a\xb3\xf7\x26\x47\xed\x4b\xd6\x0d\x7e\x66\x30\
\x39\x21\x4e\x7a\xc8\x71\x0e\xf3\x51\x0e\x65\xc2\x61\x3d\x6f\x77\
\xd5\xd3\x95\x80\x4e\x11\x26\x80\x29\x02\x53\x20\x84\x75\xf8\x97\
\xe9\x14\xa3\x74\xaa\xb7\x49\xe2\x8d\x45\xed\x88\x97\xf4\xa8\x4b\
\xaf\x2c\x2a\xb7\x57\x9a\x53\x53\xb2\x30\x7c\x0f\x97\xe5\x28\x97\
\x6f\xaf\x4b\x23\xb8\xcc\xd1\x80\xd0\xc2\xa1\xfb\x37\xbc\x16\xa3\
\xbc\x1e\xce\xf0\x92\x74\x22\x1e\xbc\xe5\x64\xd3\xc8\x4b\x48\x3a\
\x34\x0f\xda\x09\xd4\xa6\x34\xca\xa3\xf1\xfb\xd0\x94\x2c\xb4\xaf\
\xf1\x9a\x4e\x3a\x87\xc7\xfe\xea\x48\xa2\x1e\x23\x81\xc2\x59\x69\
\x8e\x4c\x62\x97\x51\xee\xda\x83\x20\x74\xe5\x89\xcc\x7d\x55\xd7\
\xb3\xec\xd2\x6a\x7b\xeb\x64\x06\x4d\xbb\xdb\x3e\x14\x14\xb8\xcb\
\xef\xdc\xdd\xe7\xdf\xd5\x73\x4a\x76\x3d\x9a\x2c\x2a\xfa\xc5\x8c\
\xfb\x3e\x39\x92\xa3\x8d\x09\x1b\xad\x90\xe0\x83\x71\x4b\x21\x29\
\x45\xb1\x30\x1a\x5d\xde\x09\xe5\x2c\x5a\x6b\xa9\x23\xb8\x47\x2b\
\x19\x3d\xa4\xb8\x12\x98\x2b\xcd\x84\x40\x23\x34\x90\x88\xc6\x68\
\xa6\xc8\xdd\x4a\x43\xee\x90\xe7\x8e\x85\x06\x8e\xf3\x99\x14\xe8\
\xb5\x8e\x83\xb8\x77\x18\x84\x6d\xf7\x4c\x3b\x4e\xca\x2e\x78\x78\
\x0a\x9c\x05\x60\x36\x9c\x15\xf1\x58\x44\x0f\x78\x2c\xa2\x27\xb0\
\x11\x30\xac\xd6\x61\xcf\x7e\x30\x4c\x44\x53\x31\x86\x84\x9f\xe1\
\x52\x27\xcc\x83\xb8\x2a\x60\x42\x64\x10\x30\x21\x32\x88\xa9\x46\
\xe8\xb0\x00\x12\x06\x30\x64\x10\xa5\xdc\xf7\x29\x43\x84\xee\xb5\
\x4e\x66\x45\xc4\xa8\x78\x44\x8c\x8a\x43\x02\x0c\x43\x91\xe3\x9e\
\xa1\x3f\xcc\x84\xbc\xdb\x19\x96\x75\xae\x99\x65\x3f\x76\xf5\xd5\
\xe5\xd7\xeb\xa1\x9f\x4f\x76\xda\x9c\xb1\x53\xec\x6a\x6b\x90\x5b\
\xa2\x69\x3c\xaa\xbe\x86\x1c\x95\x15\x99\x3b\x71\x53\x9f\x60\x7e\
\x32\x53\x9f\xe9\x31\x37\x03\x89\x9b\x20\x71\x13\x0c\xdc\x24\x87\
\x89\xca\x41\xa2\xf2\x8c\xb0\x6c\x38\x89\x25\xba\x06\x2f\x29\x48\
\xbc\x04\x89\x97\x60\xe8\x25\x48\xbc\x04\x6f\xf4\x12\x4b\xbc\xc4\
\x12\x2f\xb1\xc4\x4b\x2c\xf1\xd2\x79\x37\xbf\x58\x3f\xcf\x88\x26\
\x05\x04\x49\x01\x3d\xab\xdb\xb3\xf6\x8d\xa3\x11\x3f\xcd\xaf\xfb\
\xdb\x8a\xc5\x6f\x0b\xc1\xf9\xc9\x62\xd3\xc9\x2a\xb9\x1d\xb7\xff\
\xe9\x76\x7c\xfc\xd8\xed\x28\x88\xfb\xe9\xd5\x55\xe6\xc2\x62\x2e\
\xeb\x2e\xa6\xe8\x56\x53\x0e\x49\x4d\xeb\x49\x2b\x41\x6f\xdd\x9c\
\x8f\xc9\x51\x8c\x97\xd7\xf7\xb7\x95\x97\x50\x74\x20\x16\x1c\x41\
\x39\x1f\x39\x59\x85\xde\x7a\x2a\xaf\x84\x0e\x24\x74\xd8\x4b\x74\
\x96\xef\x3a\x9d\xdd\xc7\x4e\xe7\xfc\x71\x34\x6f\x4c\x3f\xb7\xdd\
\xdb\x58\xe8\xee\x83\xa0\xff\xaa\xa2\xfc\x0d\xe4\x1a\xb9\x53\x0b\
\x67\x50\x53\x71\xa6\x8d\x94\xa4\x90\xa3\x5d\x14\x59\x55\xcb\x86\
\xc5\x40\x78\xcc\x42\x14\xf8\x82\xc5\x40\xda\xf4\xab\xfb\x79\xc9\
\xd3\xb8\x77\x3f\xea\xb7\x1a\x11\x7a\x71\x72\xe9\x66\xbb\x29\xfe\
\xd4\xe4\xfc\x29\x1c\x9b\x69\xf7\x95\x7e\x73\xf1\x0b\x4c\x93\xc5\
\x8b\
\x00\x00\x05\x15\
\x3c\
\x73\x76\x67\x20\x78\x6d\x6c\x6e\x73\x3d\x22\x68\x74\x74\x70\x3a\
\x2f\x2f\x77\x77\x77\x2e\x77\x33\x2e\x6f\x72\x67\x2f\x32\x30\x30\
\x30\x2f\x73\x76\x67\x22\x20\x77\x69\x64\x74\x68\x3d\x22\x32\x34\
\x22\x20\x68\x65\x69\x67\x68\x74\x3d\x22\x32\x34\x22\x20\x76\x65\
\x72\x73\x69\x6f\x6e\x3d\x22\x31\x2e\x31\x22\x20\x76\x69\x65\x77\
\x42\x6f\x78\x3d\x22\x30\x20\x30\x20\x32\x34\x20\x32\x34\x22\x3e\
\x0a\x20\x20\x3c\x67\x20\x74\x72\x61\x6e\x73\x66\x6f\x72\x6d\x3d\
\x22\x74\x72\x61\x6e\x73\x6c\x61\x74\x65\x28\x2d\x30\x29\x20\x73\
\x63\x61\x6c\x65\x28\x2e\x30\x34\x36\x38\x37\x35\x29\x22\x3e\x0a\
\x20\x20\x20\x20\x3c\x64\x65\x66\x73\x20\x69\x64\x3d\x22\x62\x22\
\x3e\x0a\x20\x20\x20\x20\x20\x20\x3c\x63\x6c\x69\x70\x50\x61\x74\
\x68\x20\x69\x64\x3d\x22\x61\x22\x3e\x0a\x20\x20\x20\x20\x20\x20\
\x20\x20\x3c\x70\x61\x74\x68\x20\x69\x64\x3d\x22\x63\x22\x20\x74\
\x72\x61\x6e\x73\x66\x6f\x72\x6d\x3d\x22\x6d\x61\x74\x72\x69\x78\
\x28\x31\x20\x30\x20\x30\x20\x2d\x31\x20\x2d\x35\x30\x37\x2e\x33\
\x31\x20\x31\x37\x39\x37\x2e\x37\x29\x22\x20\x64\x3d\x22\x6d\x30\
\x20\x30\x68\x32\x30\x34\x38\x76\x32\x30\x34\x38\x68\x2d\x32\x30\
\x34\x38\x7a\x22\x20\x2f\x3e\x0a\x20\x20\x20\x20\x20\x20\x3c\x2f\
\x63\x6c\x69\x70\x50\x61\x74\x68\x3e\x0a\x20\x20\x20\x20\x3c\x2f\
\x64\x65\x66\x73\x3e\x0a\x20\x20\x20\x20\x3c\x67\x20\x69\x64\x3d\
\x22\x64\x22\x20\x74\x72\x61\x6e\x73\x66\x6f\x72\x6d\x3d\x22\x6d\
\x61\x74\x72\x69\x78\x28\x2e\x31\x39\x30\x33\x36\x20\x30\x20\x30\
\x20\x2e\x31\x39\x30\x33\x36\x20\x32\x35\x32\x2e\x38\x36\x20\x31\
\x39\x31\x2e\x33\x38\x29\x22\x3e\x0a\x20\x20\x20\x20\x20\x20\x3c\
\x67\x20\x69\x64\x3d\x22\x65\x22\x20\x74\x72\x61\x6e\x73\x66\x6f\
\x72\x6d\x3d\x22\x74\x72\x61\x6e\x73\x6c\x61\x74\x65\x28\x2d\x31\
\x33\x32\x33\x2e\x37\x20\x2d\x31\x30\x35\x39\x2e\x31\x29\x22\x20\
\x73\x74\x72\x6f\x6b\x65\x3d\x22\x23\x45\x36\x45\x38\x45\x41\x22\
\x3e\x0a\x20\x20\x20\x20\x20\x20\x20\x20\x3c\x70\x61\x74\x68\x20\
\x69\x64\x3d\x22\x66\x22\x20\x74\x72\x61\x6e\x73\x66\x6f\x72\x6d\
\x3d\x22\x6d\x61\x74\x72\x69\x78\x28\x31\x2e\x33\x33\x33\x33\x20\
\x30\x20\x30\x20\x31\x2e\x33\x33\x33\x33\x20\x36\x37\x36\x2e\x34\
\x31\x20\x33\x33\x33\x2e\x37\x36\x29\x22\x20\x64\x3d\x22\x6d\x35\
\x30\x31\x2e\x39\x38\x20\x31\x35\x35\x34\x2e\x37\x63\x31\x33\x35\
\x2e\x33\x31\x2d\x31\x37\x35\x2e\x33\x33\x20\x32\x35\x37\x2e\x35\
\x32\x2d\x33\x35\x39\x2e\x34\x36\x20\x33\x36\x36\x2e\x31\x2d\x35\
\x35\x30\x2e\x38\x39\x20\x37\x39\x2e\x33\x38\x32\x2d\x31\x33\x39\
\x2e\x39\x36\x20\x31\x35\x32\x2e\x33\x2d\x32\x38\x37\x2e\x30\x32\
\x20\x31\x36\x32\x2e\x34\x32\x2d\x34\x34\x37\x2e\x36\x34\x20\x32\
\x2e\x39\x33\x31\x2d\x34\x36\x2e\x35\x33\x31\x20\x30\x2e\x33\x36\
\x35\x2d\x39\x33\x2e\x32\x35\x36\x2d\x37\x2e\x36\x35\x31\x2d\x31\
\x33\x39\x2e\x32\x31\x2d\x34\x37\x2e\x38\x31\x38\x2d\x32\x34\x33\
\x2e\x30\x38\x2d\x32\x36\x30\x2e\x38\x34\x2d\x34\x31\x37\x2e\x38\
\x37\x2d\x35\x30\x38\x2e\x38\x35\x2d\x34\x31\x37\x2d\x32\x34\x36\
\x2e\x35\x20\x30\x2e\x38\x36\x33\x36\x34\x2d\x34\x35\x37\x2e\x34\
\x33\x20\x31\x37\x35\x2e\x32\x33\x2d\x35\x30\x34\x2e\x38\x36\x20\
\x34\x31\x36\x2e\x39\x32\x2d\x38\x2e\x34\x32\x30\x31\x20\x34\x35\
\x2e\x38\x36\x34\x2d\x31\x31\x2e\x30\x33\x33\x20\x39\x32\x2e\x35\
\x38\x34\x2d\x37\x2e\x37\x39\x32\x35\x20\x31\x33\x39\x2e\x30\x36\
\x20\x31\x31\x2e\x32\x39\x36\x20\x31\x36\x32\x2e\x30\x32\x20\x39\
\x30\x2e\x34\x32\x37\x20\x33\x30\x38\x2e\x30\x32\x20\x31\x37\x30\
\x2e\x39\x20\x34\x34\x38\x2e\x39\x38\x20\x31\x30\x35\x2e\x37\x35\
\x20\x31\x38\x35\x2e\x32\x33\x20\x32\x31\x35\x2e\x36\x35\x20\x33\
\x36\x38\x2e\x35\x34\x20\x33\x32\x39\x2e\x37\x33\x20\x35\x34\x39\
\x2e\x37\x39\x7a\x22\x20\x63\x6c\x69\x70\x2d\x70\x61\x74\x68\x3d\
\x22\x75\x72\x6c\x28\x23\x61\x29\x22\x20\x66\x69\x6c\x6c\x3d\x22\
\x6e\x6f\x6e\x65\x22\x20\x73\x74\x72\x6f\x6b\x65\x3d\x22\x23\x45\
\x36\x45\x38\x45\x41\x22\x20\x73\x74\x72\x6f\x6b\x65\x2d\x77\x69\
\x64\x74\x68\x3d\x22\x31\x30\x30\x22\x20\x2f\x3e\x0a\x20\x20\x20\
\x20\x20\x20\x3c\x2f\x67\x3e\x0a\x20\x20\x20\x20\x20\x20\x3c\x67\
\x20\x69\x64\x3d\x22\x67\x22\x20\x74\x72\x61\x6e\x73\x66\x6f\x72\
\x6d\x3d\x22\x74\x72\x61\x6e\x73\x6c\x61\x74\x65\x28\x2d\x31\x33\
\x32\x33\x2e\x37\x20\x2d\x31\x30\x35\x39\x2e\x31\x29\x22\x20\x66\
\x69\x6c\x6c\x3d\x22\x23\x45\x36\x45\x38\x45\x41\x22\x3e\x0a\x20\
\x20\x20\x20\x20\x20\x20\x20\x3c\x70\x61\x74\x68\x20\x69\x64\x3d\
\x22\x68\x22\x20\x74\x72\x61\x6e\x73\x66\x6f\x72\x6d\x3d\x22\x6d\
\x61\x74\x72\x69\x78\x28\x31\x2e\x33\x33\x33\x33\x20\x30\x20\x30\
\x20\x2d\x31\x2e\x33\x33\x33\x33\x20\x30\x20\x32\x37\x33\x30\x2e\
\x37\x29\x22\x20\x64\x3d\x22\x6d\x31\x32\x37\x34\x2e\x37\x20\x31\
\x35\x33\x32\x2e\x36\x63\x31\x33\x38\x2e\x39\x35\x2d\x31\x33\x38\
\x2e\x39\x35\x20\x31\x33\x38\x2e\x39\x35\x2d\x33\x36\x34\x2e\x32\
\x33\x20\x30\x2d\x35\x30\x33\x2e\x31\x38\x73\x2d\x33\x36\x34\x2e\
\x32\x33\x2d\x31\x33\x38\x2e\x39\x35\x2d\x35\x30\x33\x2e\x31\x38\
\x20\x30\x63\x2d\x31\x33\x38\x2e\x39\x35\x20\x31\x33\x38\x2e\x39\
\x35\x2d\x31\x33\x38\x2e\x39\x35\x20\x33\x36\x34\x2e\x32\x33\x20\
\x30\x20\x35\x30\x33\x2e\x31\x38\x20\x31\x33\x38\x2e\x39\x35\x20\
\x31\x33\x38\x2e\x39\x35\x20\x33\x36\x34\x2e\x32\x33\x20\x31\x33\
\x38\x2e\x39\x35\x20\x35\x30\x33\x2e\x31\x38\x20\x30\x7a\x22\x20\
\x66\x69\x6c\x6c\x3d\x22\x23\x45\x36\x45\x38\x45\x41\x22\x20\x2f\
\x3e\x0a\x20\x20\x20\x20\x20\x20\x3c\x2f\x67\x3e\x0a\x20\x20\x20\
\x20\x3c\x2f\x67\x3e\x0a\x20\x20\x3c\x2f\x67\x3e\x0a\x3c\x2f\x73\
\x76\x67\x3e\x0a\
\x00\x00\x03\x3a\
\x3c\
\x73\x76\x67\x20\x78\x6d\x6c\x6e\x73\x3d\x22\x68\x74\x74\x70\x3a\
\x2f\x2f\x77\x77\x77\x2e\x77\x33\x2e\x6f\x72\x67\x2f\x32\x30\x30\
\x30\x2f\x73\x76\x67\x22\x20\x77\x69\x64\x74\x68\x3d\x22\x32\x34\
\x22\x20\x68\x65\x69\x67\x68\x74\x3d\x22\x32\x34\x22\x20\x76\x65\
\x72\x73\x69\x6f\x6e\x3d\x22\x31\x2e\x31\x22\x20\x76\x69\x65\x77\
\x42\x6f\x78\x3d\x22\x30\x20\x30\x20\x32\x34\x20\x32\x34\x22\x3e\
\x0a\x20\x20\x3c\x67\x20\x74\x72\x61\x6e\x73\x66\x6f\x72\x6d\x3d\
\x22\x74\x72\x61\x6e\x73\x6c\x61\x74\x65\x28\x2d\x30\x29\x20\x73\
\x63\x61\x6c\x65\x28\x2e\x30\x34\x36\x38\x37\x35\x29\x22\x3e\x0a\
\x20\x20\x20\x20\x3c\x67\x20\x69\x64\x3d\x22\x61\x22\x20\x74\x72\
\x61\x6e\x73\x66\x6f\x72\x6d\x3d\x22\x6d\x61\x74\x72\x69\x78\x28\
\x31\x2e\x31\x32\x35\x20\x30\x20\x30\x20\x31\x2e\x31\x32\x35\x20\
\x33\x35\x31\x2e\x36\x36\x20\x31\x37\x37\x2e\x37\x31\x29\x22\x20\
\x73\x74\x72\x6f\x6b\x65\x3d\x22\x23\x45\x36\x45\x38\x45\x41\x22\
\x3e\x0a\x20\x20\x20\x20\x20\x20\x3c\x67\x20\x69\x64\x3d\x22\x62\
\x22\x20\x74\x72\x61\x6e\x73\x66\x6f\x72\x6d\x3d\x22\x6d\x61\x74\
\x72\x69\x78\x28\x32\x35\x20\x30\x20\x30\x20\x32\x35\x20\x2d\x34\
\x36\x35\x2e\x39\x37\x20\x2d\x33\x31\x37\x2e\x39\x36\x29\x22\x3e\
\x0a\x20\x20\x20\x20\x20\x20\x20\x20\x3c\x67\x20\x69\x64\x3d\x22\
\x63\x22\x20\x74\x72\x61\x6e\x73\x66\x6f\x72\x6d\x3d\x22\x6d\x61\
\x74\x72\x69\x78\x28\x2e\x30\x32\x39\x38\x37\x32\x20\x30\x20\x30\
\x20\x2e\x30\x32\x39\x38\x37\x32\x20\x37\x2e\x35\x39\x30\x34\x20\
\x37\x2e\x38\x35\x34\x37\x29\x22\x3e\x0a\x20\x20\x20\x20\x20\x20\
\x20\x20\x20\x20\x3c\x67\x20\x69\x64\x3d\x22\x64\x22\x20\x74\x72\
\x61\x6e\x73\x66\x6f\x72\x6d\x3d\x22\x6d\x61\x74\x72\x69\x78\x28\
\x2e\x36\x33\x36\x38\x34\x20\x2e\x36\x33\x36\x38\x34\x20\x2d\x2e\
\x36\x33\x36\x38\x34\x20\x2e\x36\x33\x36\x38\x34\x20\x32\x35\x33\
\x2e\x37\x37\x20\x2d\x36\x37\x2e\x39\x34\x35\x29\x22\x20\x73\x74\
\x72\x6f\x6b\x65\x3d\x22\x23\x45\x36\x45\x38\x45\x41\x22\x20\x73\
\x74\x72\x6f\x6b\x65\x2d\x6c\x69\x6e\x65\x6a\x6f\x69\x6e\x3d\x22\
\x72\x6f\x75\x6e\x64\x22\x20\x73\x74\x72\x6f\x6b\x65\x2d\x6d\x69\
\x74\x65\x72\x6c\x69\x6d\x69\x74\x3d\x22\x30\x22\x20\x73\x74\x72\
\x6f\x6b\x65\x2d\x77\x69\x64\x74\x68\x3d\x22\x33\x39\x2e\x31\x35\
\x37\x22\x3e\x0a\x20\x20\x20\x20\x20\x20\x20\x20\x20\x20\x20\x20\
\x3c\x70\x61\x74\x68\x20\x69\x64\x3d\x22\x65\x22\x20\x64\x3d\x22\
\x6d\x32\x35\x36\x20\x35\x35\x35\x2e\x32\x35\x20\x37\x30\x2e\x36\
\x35\x36\x2d\x37\x30\x2e\x36\x35\x36\x76\x2d\x33\x36\x37\x2e\x37\
\x38\x68\x2d\x31\x34\x30\x2e\x39\x36\x6c\x2d\x30\x2e\x33\x34\x38\
\x36\x20\x33\x36\x37\x2e\x37\x38\x7a\x22\x20\x66\x69\x6c\x6c\x3d\
\x22\x6e\x6f\x6e\x65\x22\x20\x73\x74\x72\x6f\x6b\x65\x2d\x77\x69\
\x64\x74\x68\x3d\x22\x33\x39\x2e\x31\x35\x37\x22\x20\x2f\x3e\x0a\
\x20\x20\x20\x20\x20\x20\x20\x20\x20\x20\x20\x20\x3c\x72\x65\x63\
\x74\x20\x69\x64\x3d\x22\x66\x22\x20\x78\x3d\x22\x31\x38\x36\x2e\
\x34\x32\x22\x20\x79\x3d\x22\x31\x34\x2e\x30\x30\x36\x22\x20\x77\
\x69\x64\x74\x68\x3d\x22\x31\x33\x39\x2e\x35\x22\x20\x68\x65\x69\
\x67\x68\x74\x3d\x22\x31\x30\x32\x2e\x30\x38\x22\x20\x72\x79\x3d\
\x22\x39\x2e\x33\x32\x33\x31\x22\x20\x66\x69\x6c\x6c\x3d\x22\x23\
\x45\x36\x45\x38\x45\x41\x22\x20\x2f\x3e\x0a\x20\x20\x20\x20\x20\
\x20\x20\x20\x20\x20\x3c\x2f\x67\x3e\x0a\x20\x20\x20\x20\x20\x20\
\x20\x20\x3c\x2f\x67\x3e\x0a\x20\x20\x20\x20\x20\x20\x3c\x2f\x67\
\x3e\x0a\x20\x20\x20\x20\x3c\x2f\x67\x3e\x0a\x20\x20\x3c\x2f\x67\
\x3e\x0a\x3c\x2f\x73\x76\x67\x3e\x0a\
\x00\x00\x05\xf1\
\x3c\
\x73\x76\x67\x20\x78\x6d\x6c\x6e\x73\x3d\x22\x68\x74\x74\x70\x3a\
\x2f\x2f\x77\x77\x77\x2e\x77\x33\x2e\x6f\x72\x67\x2f\x32\x30\x30\
\x30\x2f\x73\x76\x67\x22\x20\x77\x69\x64\x74\x68\x3d\x22\x32\x34\
\x22\x20\x68\x65\x69\x67\x68\x74\x3d\x22\x32\x34\x22\x20\x76\x65\
\x72\x73\x69\x6f\x6e\x3d\x22\x31\x2e\x31\x22\x20\x76\x69\x65\x77\
\x42\x6f\x78\x3d\x22\x30\x20\x30\x20\x32\x34\x20\x32\x34\x22\x3e\
\x0a\x20\x20\x3c\x67\x20\x74\x72\x61\x6e\x73\x66\x6f\x72\x6d\x3d\
\x22\x74\x72\x61\x6e\x73\x6c\x61\x74\x65\x28\x2d\x30\x29\x20\x73\
\x63\x61\x6c\x65\x28\x2e\x30\x34\x36\x38\x37\x35\x29\x22\x3e\x0a\
\x20\x20\x20\x20\x3c\x67\x20\x69\x64\x3d\x22\x61\x22\x20\x74\x72\
\x61\x6e\x73\x66\x6f\x72\x6d\x3d\x22\x6d\x61\x74\x72\x69\x78\x28\
\x31\x2e\x31\x32\x35\x20\x30\x20\x30\x20\x31\x2e\x31\x32\x35\x20\
\x33\x35\x31\x2e\x36\x36\x20\x31\x37\x37\x2e\x37\x31\x29\x22\x20\
\x73\x74\x72\x6f\x6b\x65\x3d\x22\x23\x45\x36\x45\x38\x45\x41\x22\
\x3e\x0a\x20\x20\x20\x20\x20\x20\x3c\x67\x20\x69\x64\x3d\x22\x62\
\x22\x20\x74\x72\x61\x6e\x73\x66\x6f\x72\x6d\x3d\x22\x6d\x61\x74\
\x72\x69\x78\x28\x32\x35\x20\x30\x20\x30\x20\x32\x35\x20\x2d\x34\
\x36\x35\x2e\x39\x37\x20\x2d\x33\x31\x37\x2e\x39\x36\x29\x22\x20\
\x73\x74\x72\x6f\x6b\x65\x3d\x22\x23\x45\x36\x45\x38\x45\x41\x22\
\x3e\x0a\x20\x20\x20\x20\x20\x20\x20\x20\x3c\x72\x65\x63\x74\x20\
\x69\x64\x3d\x22\x63\x22\x20\x78\x3d\x22\x31\x34\x2e\x36\x33\x39\
\x22\x20\x79\x3d\x22\x37\x2e\x32\x34\x33\x32\x22\x20\x77\x69\x64\
\x74\x68\x3d\x22\x31\x2e\x31\x39\x38\x33\x22\x20\x68\x65\x69\x67\
\x68\x74\x3d\x22\x31\x36\x2e\x35\x31\x38\x22\x20\x72\x78\x3d\x22\
\x30\x22\x20\x72\x79\x3d\x22\x30\x22\x20\x66\x69\x6c\x6c\x3d\x22\
\x23\x45\x36\x45\x38\x45\x41\x22\x20\x73\x74\x72\x6f\x6b\x65\x2d\
\x6c\x69\x6e\x65\x63\x61\x70\x3d\x22\x73\x71\x75\x61\x72\x65\x22\
\x20\x73\x74\x72\x6f\x6b\x65\x2d\x6d\x69\x74\x65\x72\x6c\x69\x6d\
\x69\x74\x3d\x22\x30\x22\x20\x73\x74\x72\x6f\x6b\x65\x2d\x77\x69\
\x64\x74\x68\x3d\x22\x2e\x32\x31\x32\x33\x34\x22\x20\x2f\x3e\x0a\
\x20\x20\x20\x20\x20\x20\x20\x20\x3c\x67\x20\x69\x64\x3d\x22\x64\
\x22\x20\x74\x72\x61\x6e\x73\x66\x6f\x72\x6d\x3d\x22\x6d\x61\x74\
\x72\x69\x78\x28\x2e\x30\x31\x35\x33\x39\x39\x20\x30\x20\x30\x20\
\x2e\x30\x31\x35\x33\x39\x39\x20\x36\x2e\x33\x35\x36\x20\x31\x31\
\x2e\x35\x30\x37\x29\x22\x20\x66\x69\x6c\x6c\x3d\x22\x6e\x6f\x6e\
\x65\x22\x20\x73\x74\x72\x6f\x6b\x65\x2d\x77\x69\x64\x74\x68\x3d\
\x22\x31\x2e\x33\x35\x31\x32\x22\x3e\x0a\x20\x20\x20\x20\x20\x20\
\x20\x20\x20\x20\x3c\x67\x20\x69\x64\x3d\x22\x65\x22\x20\x74\x72\
\x61\x6e\x73\x66\x6f\x72\x6d\x3d\x22\x6d\x61\x74\x72\x69\x78\x28\
\x32\x38\x2e\x31\x32\x35\x20\x30\x20\x30\x20\x32\x38\x2e\x31\x32\
\x35\x20\x2d\x31\x37\x31\x2e\x37\x31\x20\x2d\x31\x37\x38\x2e\x35\
\x32\x29\x22\x3e\x0a\x20\x20\x20\x20\x20\x20\x20\x20\x20\x20\x20\
\x20\x3c\x70\x61\x74\x68\x20\x69\x64\x3d\x22\x66\x22\x20\x64\x3d\
\x22\x6d\x31\x37\x2e\x37\x34\x37\x20\x31\x30\x2e\x30\x31\x37\x63\
\x2d\x32\x2e\x35\x36\x33\x33\x2d\x33\x2e\x32\x30\x35\x34\x2d\x32\
\x2e\x35\x36\x33\x33\x2d\x33\x2e\x32\x30\x35\x34\x2d\x35\x2e\x31\
\x32\x36\x36\x20\x30\x22\x20\x73\x74\x72\x6f\x6b\x65\x2d\x77\x69\
\x64\x74\x68\x3d\x22\x31\x2e\x36\x34\x31\x39\x22\x20\x2f\x3e\x0a\
\x20\x20\x20\x20\x20\x20\x20\x20\x20\x20\x20\x20\x3c\x72\x65\x63\
\x74\x20\x69\x64\x3d\x22\x67\x22\x20\x78\x3d\x22\x31\x34\x2e\x35\
\x38\x35\x22\x20\x79\x3d\x22\x37\x2e\x32\x39\x39\x32\x22\x20\x77\
\x69\x64\x74\x68\x3d\x22\x31\x2e\x31\x39\x38\x33\x22\x20\x68\x65\
\x69\x67\x68\x74\x3d\x22\x31\x36\x2e\x35\x31\x38\x22\x20\x66\x69\
\x6c\x6c\x3d\x22\x23\x45\x36\x45\x38\x45\x41\x22\x20\x73\x74\x72\
\x6f\x6b\x65\x2d\x6c\x69\x6e\x65\x63\x61\x70\x3d\x22\x73\x71\x75\
\x61\x72\x65\x22\x20\x73\x74\x72\x6f\x6b\x65\x2d\x77\x69\x64\x74\
\x68\x3d\x22\x2e\x34\x31\x30\x34\x37\x22\x20\x2f\x3e\x0a\x20\x20\
\x20\x20\x20\x20\x20\x20\x20\x20\x20\x20\x3c\x70\x61\x74\x68\x20\
\x69\x64\x3d\x22\x68\x22\x20\x64\x3d\x22\x6d\x31\x32\x2e\x36\x32\
\x31\x20\x32\x31\x2e\x31\x32\x34\x63\x32\x2e\x35\x36\x33\x33\x20\
\x33\x2e\x32\x30\x35\x34\x20\x32\x2e\x35\x36\x33\x33\x20\x33\x2e\
\x32\x30\x35\x34\x20\x35\x2e\x31\x32\x36\x36\x20\x30\x22\x20\x73\
\x74\x72\x6f\x6b\x65\x2d\x77\x69\x64\x74\x68\x3d\x22\x31\x2e\x36\
\x34\x31\x39\x22\x20\x2f\x3e\x0a\x20\x20\x20\x20\x20\x20\x20\x20\
\x20\x20\x3c\x2f\x67\x3e\x0a\x20\x20\x20\x20\x20\x20\x20\x20\x20\
\x20\x3c\x67\x20\x69\x64\x3d\x22\x69\x22\x20\x74\x72\x61\x6e\x73\
\x66\x6f\x72\x6d\x3d\x22\x6d\x61\x74\x72\x69\x78\x28\x30\x20\x32\
\x38\x2e\x31\x32\x35\x20\x2d\x32\x38\x2e\x31\x32\x35\x20\x30\x20\
\x36\x39\x34\x2e\x39\x31\x20\x2d\x31\x37\x32\x29\x22\x3e\x0a\x20\
\x20\x20\x20\x20\x20\x20\x20\x20\x20\x20\x20\x3c\x70\x61\x74\x68\
\x20\x69\x64\x3d\x22\x6a\x22\x20\x64\x3d\x22\x6d\x31\x37\x2e\x37\
\x34\x37\x20\x31\x30\x2e\x30\x31\x37\x63\x2d\x32\x2e\x35\x36\x33\
\x33\x2d\x33\x2e\x32\x30\x35\x34\x2d\x32\x2e\x35\x36\x33\x33\x2d\
\x33\x2e\x32\x30\x35\x34\x2d\x35\x2e\x31\x32\x36\x36\x20\x30\x22\
\x20\x73\x74\x72\x6f\x6b\x65\x2d\x77\x69\x64\x74\x68\x3d\x22\x31\
\x2e\x36\x34\x31\x39\x22\x20\x2f\x3e\x0a\x20\x20\x20\x20\x20\x20\
\x20\x20\x20\x20\x20\x20\x3c\x72\x65\x63\x74\x20\x69\x64\x3d\x22\
\x6b\x22\x20\x78\x3d\x22\x31\x34\x2e\x35\x38\x35\x22\x20\x79\x3d\
\x22\x37\x2e\x32\x39\x39\x32\x22\x20\x77\x69\x64\x74\x68\x3d\x22\
\x31\x2e\x31\x39\x38\x33\x22\x20\x68\x65\x69\x67\x68\x74\x3d\x22\
\x31\x36\x2e\x35\x31\x38\x22\x20\x66\x69\x6c\x6c\x3d\x22\x23\x45\
\x36\x45\x38\x45\x41\x22\x20\x73\x74\x72\x6f\x6b\x65\x2d\x6c\x69\
\x6e\x65\x63\x61\x70\x3d\x22\x73\x71\x75\x61\x72\x65\x22\x20\x73\
\x74\x72\x6f\x6b\x65\x2d\x77\x69\x64\x74\x68\x3d\x22\x2e\x34\x31\
\x30\x34\x37\x22\x20\x2f\x3e\x0a\x20\x20\x20\x20\x20\x20\x20\x20\
\x20\x20\x20\x20\x3c\x70\x61\x74\x68\x20\x69\x64\x3d\x22\x6c\x22\
\x20\x64\x3d\x22\x6d\x31\x32\x2e\x36\x32\x31\x20\x32\x31\x2e\x31\
\x32\x34\x63\x32\x2e\x35\x36\x33\x33\x20\x33\x2e\x32\x30\x35\x34\
\x20\x32\x2e\x35\x36\x33\x33\x20\x33\x2e\x32\x30\x35\x34\x20\x35\
\x2e\x31\x32\x36\x36\x20\x30\x22\x20\x73\x74\x72\x6f\x6b\x65\x2d\
\x77\x69\x64\x74\x68\x3d\x22\x31\x2e\x36\x34\x31\x39\x22\x20\x2f\
\x3e\x0a\x20\x20\x20\x20\x20\x20\x20\x20\x20\x20\x3c\x2f\x67\x3e\
\x0a\x20\x20\x20\x20\x20\x20\x20\x20\x3c\x2f\x67\x3e\x0a\x20\x20\
\x20\x20\x20\x20\x3c\x2f\x67\x3e\x0a\x20\x20\x20\x20\x3c\x2f\x67\
\x3e\x0a\x20\x20\x3c\x2f\x67\x3e\x0a\x3c\x2f\x73\x76\x67\x3e\x0a\
\
\x00\x00\x05\x78\
\x3c\
\x73\x76\x67\x20\x78\x6d\x6c\x6e\x73\x3d\x22\x68\x74\x74\x70\x3a\
\x2f\x2f\x77\x77\x77\x2e\x77\x33\x2e\x6f\x72\x67\x2f\x32\x30\x30\
\x30\x2f\x73\x76\x67\x22\x20\x77\x69\x64\x74\x68\x3d\x22\x32\x34\
\x22\x20\x68\x65\x69\x67\x68\x74\x3d\x22\x32\x34\x22\x20\x76\x65\
\x72\x73\x69\x6f\x6e\x3d\x22\x31\x2e\x31\x22\x20\x76\x69\x65\x77\
\x42\x6f\x78\x3d\x22\x30\x20\x30\x20\x32\x34\x20\x32\x34\x22\x3e\
\x0a\x20\x20\x3c\x67\x20\x74\x72\x61\x6e\x73\x66\x6f\x72\x6d\x3d\
\x22\x74\x72\x61\x6e\x73\x6c\x61\x74\x65\x28\x2d\x30\x29\x20\x73\
\x63\x61\x6c\x65\x28\x2e\x30\x34\x36\x38\x37\x35\x29\x22\x20\x73\
\x74\x72\x6f\x6b\x65\x3d\x22\x23\x45\x36\x45\x38\x45\x41\x22\x3e\
\x0a\x20\x20\x20\x20\x3c\x67\x20\x69\x64\x3d\x22\x61\x22\x20\x74\
\x72\x61\x6e\x73\x66\x6f\x72\x6d\x3d\x22\x6d\x61\x74\x72\x69\x78\
\x28\x30\x20\x2d\x32\x38\x2e\x31\x32\x35\x20\x32\x38\x2e\x31\x32\
\x35\x20\x30\x20\x2d\x31\x37\x39\x2e\x39\x39\x20\x36\x31\x36\x2e\
\x35\x31\x29\x22\x3e\x0a\x20\x20\x20\x20\x20\x20\x3c\x72\x65\x63\
\x74\x20\x69\x64\x3d\x22\x62\x22\x20\x78\x3d\x22\x31\x34\x2e\x36\
\x33\x39\x22\x20\x79\x3d\x22\x37\x2e\x32\x34\x33\x32\x22\x20\x77\
\x69\x64\x74\x68\x3d\x22\x31\x2e\x31\x39\x38\x33\x22\x20\x68\x65\
\x69\x67\x68\x74\x3d\x22\x31\x36\x2e\x35\x31\x38\x22\x20\x72\x78\
\x3d\x22\x30\x22\x20\x72\x79\x3d\x22\x30\x22\x20\x66\x69\x6c\x6c\
\x3d\x22\x23\x45\x36\x45\x38\x45\x41\x22\x20\x73\x74\x72\x6f\x6b\
\x65\x3d\x22\x23\x45\x36\x45\x38\x45\x41\x22\x20\x73\x74\x72\x6f\
\x6b\x65\x2d\x6c\x69\x6e\x65\x63\x61\x70\x3d\x22\x73\x71\x75\x61\
\x72\x65\x22\x20\x73\x74\x72\x6f\x6b\x65\x2d\x6d\x69\x74\x65\x72\
\x6c\x69\x6d\x69\x74\x3d\x22\x30\x22\x20\x73\x74\x72\x6f\x6b\x65\
\x2d\x77\x69\x64\x74\x68\x3d\x22\x2e\x32\x31\x32\x33\x34\x22\x20\
\x2f\x3e\x0a\x20\x20\x20\x20\x3c\x2f\x67\x3e\x0a\x20\x20\x20\x20\
\x3c\x67\x20\x69\x64\x3d\x22\x63\x22\x20\x74\x72\x61\x6e\x73\x66\
\x6f\x72\x6d\x3d\x22\x6d\x61\x74\x72\x69\x78\x28\x2e\x34\x33\x33\
\x31\x31\x20\x30\x20\x30\x20\x2e\x34\x33\x33\x31\x31\x20\x31\x34\
\x34\x2e\x36\x39\x20\x32\x33\x32\x2e\x30\x39\x29\x22\x20\x66\x69\
\x6c\x6c\x3d\x22\x6e\x6f\x6e\x65\x22\x20\x73\x74\x72\x6f\x6b\x65\
\x2d\x77\x69\x64\x74\x68\x3d\x22\x31\x2e\x33\x35\x31\x32\x22\x3e\
\x0a\x20\x20\x20\x20\x20\x20\x3c\x67\x20\x69\x64\x3d\x22\x64\x22\
\x20\x74\x72\x61\x6e\x73\x66\x6f\x72\x6d\x3d\x22\x6d\x61\x74\x72\
\x69\x78\x28\x32\x38\x2e\x31\x32\x35\x20\x30\x20\x30\x20\x32\x38\
\x2e\x31\x32\x35\x20\x2d\x31\x37\x31\x2e\x37\x31\x20\x2d\x31\x37\
\x38\x2e\x35\x32\x29\x22\x3e\x0a\x20\x20\x20\x20\x20\x20\x20\x20\
\x3c\x70\x61\x74\x68\x20\x69\x64\x3d\x22\x65\x22\x20\x64\x3d\x22\
\x6d\x31\x37\x2e\x37\x34\x37\x20\x31\x30\x2e\x30\x31\x37\x63\x2d\
\x32\x2e\x35\x36\x33\x33\x2d\x33\x2e\x32\x30\x35\x34\x2d\x32\x2e\
\x35\x36\x33\x33\x2d\x33\x2e\x32\x30\x35\x34\x2d\x35\x2e\x31\x32\
\x36\x36\x20\x30\x22\x20\x73\x74\x72\x6f\x6b\x65\x2d\x77\x69\x64\
\x74\x68\x3d\x22\x31\x2e\x36\x34\x31\x39\x22\x20\x2f\x3e\x0a\x20\
\x20\x20\x20\x20\x20\x20\x20\x3c\x72\x65\x63\x74\x20\x69\x64\x3d\
\x22\x66\x22\x20\x78\x3d\x22\x31\x34\x2e\x35\x38\x35\x22\x20\x79\
\x3d\x22\x37\x2e\x32\x39\x39\x32\x22\x20\x77\x69\x64\x74\x68\x3d\
\x22\x31\x2e\x31\x39\x38\x33\x22\x20\x68\x65\x69\x67\x68\x74\x3d\
\x22\x31\x36\x2e\x35\x31\x38\x22\x20\x66\x69\x6c\x6c\x3d\x22\x23\
\x45\x36\x45\x38\x45\x41\x22\x20\x73\x74\x72\x6f\x6b\x65\x2d\x6c\
\x69\x6e\x65\x63\x61\x70\x3d\x22\x73\x71\x75\x61\x72\x65\x22\x20\
\x73\x74\x72\x6f\x6b\x65\x2d\x77\x69\x64\x74\x68\x3d\x22\x2e\x34\
\x31\x30\x34\x37\x22\x20\x2f\x3e\x0a\x20\x20\x20\x20\x20\x20\x20\
\x20\x3c\x70\x61\x74\x68\x20\x69\x64\x3d\x22\x67\x22\x20\x64\x3d\
\x22\x6d\x31\x32\x2e\x36\x32\x31\x20\x32\x31\x2e\x31\x32\x34\x63\
\x32\x2e\x35\x36\x33\x33\x20\x33\x2e\x32\x30\x35\x34\x20\x32\x2e\
\x35\x36\x33\x33\x20\x33\x2e\x32\x30\x35\x34\x20\x35\x2e\x31\x32\
\x36\x36\x20\x30\x22\x20\x73\x74\x72\x6f\x6b\x65\x2d\x77\x69\x64\
\x74\x68\x3d\x22\x31\x2e\x36\x34\x31\x39\x22\x20\x2f\x3e\x0a\x20\
\x20\x20\x20\x20\x20\x3c\x2f\x67\x3e\x0a\x20\x20\x20\x20\x20\x20\
\x3c\x67\x20\x69\x64\x3d\x22\x68\x22\x20\x74\x72\x61\x6e\x73\x66\
\x6f\x72\x6d\x3d\x22\x6d\x61\x74\x72\x69\x78\x28\x30\x20\x32\x38\
\x2e\x31\x32\x35\x20\x2d\x32\x38\x2e\x31\x32\x35\x20\x30\x20\x36\
\x39\x34\x2e\x39\x31\x20\x2d\x31\x37\x32\x29\x22\x3e\x0a\x20\x20\
\x20\x20\x20\x20\x20\x20\x3c\x70\x61\x74\x68\x20\x69\x64\x3d\x22\
\x69\x22\x20\x64\x3d\x22\x6d\x31\x37\x2e\x37\x34\x37\x20\x31\x30\
\x2e\x30\x31\x37\x63\x2d\x32\x2e\x35\x36\x33\x33\x2d\x33\x2e\x32\
\x30\x35\x34\x2d\x32\x2e\x35\x36\x33\x33\x2d\x33\x2e\x32\x30\x35\
\x34\x2d\x35\x2e\x31\x32\x36\x36\x20\x30\x22\x20\x73\x74\x72\x6f\
\x6b\x65\x2d\x77\x69\x64\x74\x68\x3d\x22\x31\x2e\x36\x34\x31\x39\
\x22\x20\x2f\x3e\x0a\x20\x20\x20\x20\x20\x20\x20\x20\x3c\x72\x65\
\x63\x74\x20\x69\x64\x3d\x22\x6a\x22\x20\x78\x3d\x22\x31\x34\x2e\
\x35\x38\x35\x22\x20\x79\x3d\x22\x37\x2e\x32\x39\x39\x32\x22\x20\
\x77\x69\x64\x74\x68\x3d\x22\x31\x2e\x31\x39\x38\x33\x22\x20\x68\
\x65\x69\x67\x68\x74\x3d\x22\x31\x36\x2e\x35\x31\x38\x22\x20\x66\
\x69\x6c\x6c\x3d\x22\x23\x45\x36\x45\x38\x45\x41\x22\x20\x73\x74\
\x72\x6f\x6b\x65\x2d\x6c\x69\x6e\x65\x63\x61\x70\x3d\x22\x73\x71\
\x75\x61\x72\x65\x22\x20\x73\x74\x72\x6f\x6b\x65\x2d\x77\x69\x64\
\x74\x68\x3d\x22\x2e\x34\x31\x30\x34\x37\x22\x20\x2f\x3e\x0a\x20\
\x20\x20\x20\x20\x20\x20\x20\x3c\x70\x61\x74\x68\x20\x69\x64\x3d\
\x22\x6b\x22\x20\x64\x3d\x22\x6d\x31\x32\x2e\x36\x32\x31\x20\x32\
\x31\x2e\x31\x32\x34\x63\x32\x2e\x35\x36\x33\x33\x20\x33\x2e\x32\
\x30\x35\x34\x20\x32\x2e\x35\x36\x33\x33\x20\x33\x2e\x32\x30\x35\
\x34\x20\x35\x2e\x31\x32\x36\x36\x20\x30\x22\x20\x73\x74\x72\x6f\
\x6b\x65\x2d\x77\x69\x64\x74\x68\x3d\x22\x31\x2e\x36\x34\x31\x39\
\x22\x20\x2f\x3e\x0a\x20\x20\x20\x20\x20\x20\x3c\x2f\x67\x3e\x0a\
\x20\x20\x20\x20\x3c\x2f\x67\x3e\x0a\x20\x20\x3c\x2f\x67\x3e\x0a\
\x3c\x2f\x73\x76\x67\x3e\x0a\
\x00\x00\x03\xfa\
\x3c\
\x73\x76\x67\x20\x78\x6d\x6c\x6e\x73\x3d\x22\x68\x74\x74\x70\x3a\
\x2f\x2f\x77\x77\x77\x2e\x77\x33\x2e\x6f\x72\x67\x2f\x32\x30\x30\
\x30\x2f\x73\x76\x67\x22\x20\x77\x69\x64\x74\x68\x3d\x22\x32\x34\
\x22\x20\x68\x65\x69\x67\x68\x74\x3d\x22\x32\x34\x22\x20\x76\x65\
\x72\x73\x69\x6f\x6e\x3d\x22\x31\x2e\x31\x22\x20\x76\x69\x65\x77\
\x42\x6f\x78\x3d\x22\x30\x20\x30\x20\x32\x34\x20\x32\x34\x22\x3e\
\x0a\x20\x20\x3c\x67\x20\x74\x72\x61\x6e\x73\x66\x6f\x72\x6d\x3d\
\x22\x74\x72\x61\x6e\x73\x6c\x61\x74\x65\x28\x2d\x30\x29\x20\x73\
\x63\x61\x6c\x65\x28\x2e\x30\x34\x36\x38\x37\x35\x29\x22\x3e\x0a\
\x20\x20\x20\x20\x3c\x67\x20\x69\x64\x3d\x22\x61\x22\x20\x74\x72\
\x61\x6e\x73\x66\x6f\x72\x6d\x3d\x22\x6d\x61\x74\x72\x69\x78\x28\
\x31\x2e\x31\x32\x35\x20\x30\x20\x30\x20\x31\x2e\x31\x32\x35\x20\
\x33\x35\x31\x2e\x36\x36\x20\x31\x37\x37\x2e\x37\x31\x29\x22\x20\
\x73\x74\x72\x6f\x6b\x65\x3d\x22\x23\x45\x36\x45\x38\x45\x41\x22\
\x3e\x0a\x20\x20\x20\x20\x20\x20\x3c\x67\x20\x69\x64\x3d\x22\x62\
\x22\x20\x74\x72\x61\x6e\x73\x66\x6f\x72\x6d\x3d\x22\x6d\x61\x74\
\x72\x69\x78\x28\x32\x35\x20\x30\x20\x30\x20\x32\x35\x20\x2d\x34\
\x36\x35\x2e\x39\x37\x20\x2d\x33\x31\x37\x2e\x39\x36\x29\x22\x3e\
\x0a\x20\x20\x20\x20\x20\x20\x20\x20\x3c\x72\x65\x63\x74\x20\x69\
\x64\x3d\x22\x63\x22\x20\x78\x3d\x22\x31\x34\x2e\x36\x33\x39\x22\
\x20\x79\x3d\x22\x37\x2e\x32\x34\x33\x32\x22\x20\x77\x69\x64\x74\
\x68\x3d\x22\x31\x2e\x31\x39\x38\x33\x22\x20\x68\x65\x69\x67\x68\
\x74\x3d\x22\x31\x36\x2e\x35\x31\x38\x22\x20\x72\x78\x3d\x22\x30\
\x22\x20\x72\x79\x3d\x22\x30\x22\x20\x66\x69\x6c\x6c\x3d\x22\x23\
\x45\x36\x45\x38\x45\x41\x22\x20\x73\x74\x72\x6f\x6b\x65\x3d\x22\
\x23\x45\x36\x45\x38\x45\x41\x22\x20\x73\x74\x72\x6f\x6b\x65\x2d\
\x6c\x69\x6e\x65\x63\x61\x70\x3d\x22\x73\x71\x75\x61\x72\x65\x22\
\x20\x73\x74\x72\x6f\x6b\x65\x2d\x6d\x69\x74\x65\x72\x6c\x69\x6d\
\x69\x74\x3d\x22\x30\x22\x20\x73\x74\x72\x6f\x6b\x65\x2d\x77\x69\
\x64\x74\x68\x3d\x22\x2e\x32\x31\x32\x33\x34\x22\x20\x2f\x3e\x0a\
\x20\x20\x20\x20\x20\x20\x20\x20\x3c\x67\x20\x69\x64\x3d\x22\x64\
\x22\x20\x74\x72\x61\x6e\x73\x66\x6f\x72\x6d\x3d\x22\x6d\x61\x74\
\x72\x69\x78\x28\x2d\x2e\x30\x31\x36\x34\x36\x37\x20\x30\x20\x30\
\x20\x2e\x30\x31\x36\x34\x36\x37\x20\x31\x34\x2e\x34\x38\x35\x20\
\x31\x31\x2e\x32\x38\x36\x29\x22\x3e\x0a\x20\x20\x20\x20\x20\x20\
\x20\x20\x20\x20\x3c\x67\x20\x69\x64\x3d\x22\x65\x22\x20\x74\x72\
\x61\x6e\x73\x66\x6f\x72\x6d\x3d\x22\x6d\x61\x74\x72\x69\x78\x28\
\x2e\x36\x33\x36\x38\x34\x20\x2e\x36\x33\x36\x38\x34\x20\x2d\x2e\
\x36\x33\x36\x38\x34\x20\x2e\x36\x33\x36\x38\x34\x20\x32\x35\x33\
\x2e\x37\x37\x20\x2d\x36\x37\x2e\x39\x34\x35\x29\x22\x20\x73\x74\
\x72\x6f\x6b\x65\x3d\x22\x23\x45\x36\x45\x38\x45\x41\x22\x20\x73\
\x74\x72\x6f\x6b\x65\x2d\x6c\x69\x6e\x65\x6a\x6f\x69\x6e\x3d\x22\
\x72\x6f\x75\x6e\x64\x22\x20\x73\x74\x72\x6f\x6b\x65\x2d\x6d\x69\
\x74\x65\x72\x6c\x69\x6d\x69\x74\x3d\x22\x30\x22\x20\x73\x74\x72\
\x6f\x6b\x65\x2d\x77\x69\x64\x74\x68\x3d\x22\x33\x39\x2e\x31\x35\
\x37\x22\x3e\x0a\x20\x20\x20\x20\x20\x20\x20\x20\x20\x20\x20\x20\
\x3c\x70\x61\x74\x68\x20\x69\x64\x3d\x22\x66\x22\x20\x64\x3d\x22\
\x6d\x32\x35\x36\x20\x35\x35\x35\x2e\x32\x35\x20\x37\x30\x2e\x36\
\x35\x36\x2d\x37\x30\x2e\x36\x35\x36\x76\x2d\x33\x36\x37\x2e\x37\
\x38\x68\x2d\x31\x34\x30\x2e\x39\x36\x6c\x2d\x30\x2e\x33\x34\x38\
\x36\x20\x33\x36\x37\x2e\x37\x38\x7a\x22\x20\x66\x69\x6c\x6c\x3d\
\x22\x6e\x6f\x6e\x65\x22\x20\x73\x74\x72\x6f\x6b\x65\x2d\x77\x69\
\x64\x74\x68\x3d\x22\x33\x39\x2e\x31\x35\x37\x22\x20\x2f\x3e\x0a\
\x20\x20\x20\x20\x20\x20\x20\x20\x20\x20\x20\x20\x3c\x72\x65\x63\
\x74\x20\x69\x64\x3d\x22\x67\x22\x20\x78\x3d\x22\x31\x38\x36\x2e\
\x34\x32\x22\x20\x79\x3d\x22\x31\x34\x2e\x30\x30\x36\x22\x20\x77\
\x69\x64\x74\x68\x3d\x22\x31\x33\x39\x2e\x35\x22\x20\x68\x65\x69\
\x67\x68\x74\x3d\x22\x31\x30\x32\x2e\x30\x38\x22\x20\x72\x79\x3d\
\x22\x39\x2e\x33\x32\x33\x31\x22\x20\x66\x69\x6c\x6c\x3d\x22\x23\
\x45\x36\x45\x38\x45\x41\x22\x20\x2f\x3e\x0a\x20\x20\x20\x20\x20\
\x20\x20\x20\x20\x20\x3c\x2f\x67\x3e\x0a\x20\x20\x20\x20\x20\x20\
\x20\x20\x3c\x2f\x67\x3e\x0a\x20\x20\x20\x20\x20\x20\x3c\x2f\x67\
\x3e\x0a\x20\x20\x20\x20\x3c\x2f\x67\x3e\x0a\x20\x20\x3c\x2f\x67\
\x3e\x0a\x3c\x2f\x73\x76\x67\x3e\x0a\
\x00\x00\x03\xa6\
\x3c\
\x73\x76\x67\x20\x78\x6d\x6c\x6e\x73\x3d\x22\x68\x74\x74\x70\x3a\
\x2f\x2f\x77\x77\x77\x2e\x77\x33\x2e\x6f\x72\x67\x2f\x32\x30\x30\
\x30\x2f\x73\x76\x67\x22\x20\x77\x69\x64\x74\x68\x3d\x22\x32\x34\
\x22\x20\x68\x65\x69\x67\x68\x74\x3d\x22\x32\x34\x22\x20\x76\x65\
\x72\x73\x69\x6f\x6e\x3d\x22\x31\x2e\x31\x22\x20\x76\x69\x65\x77\
\x42\x6f\x78\x3d\x22\x30\x20\x30\x20\x32\x34\x20\x32\x34\x22\x3e\
\x0a\x20\x20\x3c\x67\x20\x74\x72\x61\x6e\x73\x66\x6f\x72\x6d\x3d\
\x22\x74\x72\x61\x6e\x73\x6c\x61\x74\x65\x28\x2d\x30\x29\x20\x73\
\x63\x61\x6c\x65\x28\x2e\x30\x34\x36\x38\x37\x35\x29\x22\x3e\x0a\
\x20\x20\x20\x20\x3c\x67\x20\x69\x64\x3d\x22\x61\x22\x20\x74\x72\
\x61\x6e\x73\x66\x6f\x72\x6d\x3d\x22\x6d\x61\x74\x72\x69\x78\x28\
\x30\x20\x2d\x32\x38\x2e\x31\x32\x35\x20\x32\x38\x2e\x31\x32\x35\
\x20\x30\x20\x2d\x31\x37\x39\x2e\x39\x39\x20\x36\x31\x36\x2e\x35\
\x31\x29\x22\x20\x73\x74\x72\x6f\x6b\x65\x3d\x22\x23\x45\x36\x45\
\x38\x45\x41\x22\x3e\x0a\x20\x20\x20\x20\x20\x20\x3c\x72\x65\x63\
\x74\x20\x69\x64\x3d\x22\x62\x22\x20\x78\x3d\x22\x31\x34\x2e\x36\
\x33\x39\x22\x20\x79\x3d\x22\x37\x2e\x32\x34\x33\x32\x22\x20\x77\
\x69\x64\x74\x68\x3d\x22\x31\x2e\x31\x39\x38\x33\x22\x20\x68\x65\
\x69\x67\x68\x74\x3d\x22\x31\x36\x2e\x35\x31\x38\x22\x20\x72\x78\
\x3d\x22\x30\x22\x20\x72\x79\x3d\x22\x30\x22\x20\x66\x69\x6c\x6c\
\x3d\x22\x23\x45\x36\x45\x38\x45\x41\x22\x20\x73\x74\x72\x6f\x6b\
\x65\x3d\x22\x23\x45\x36\x45\x38\x45\x41\x22\x20\x73\x74\x72\x6f\
\x6b\x65\x2d\x6c\x69\x6e\x65\x63\x61\x70\x3d\x22\x73\x71\x75\x61\
\x72\x65\x22\x20\x73\x74\x72\x6f\x6b\x65\x2d\x6d\x69\x74\x65\x72\
\x6c\x69\x6d\x69\x74\x3d\x22\x30\x22\x20\x73\x74\x72\x6f\x6b\x65\
\x2d\x77\x69\x64\x74\x68\x3d\x22\x2e\x32\x31\x32\x33\x34\x22\x20\
\x2f\x3e\x0a\x20\x20\x20\x20\x20\x20\x3c\x67\x20\x69\x64\x3d\x22\
\x63\x22\x20\x74\x72\x61\x6e\x73\x66\x6f\x72\x6d\x3d\x22\x6d\x61\
\x74\x72\x69\x78\x28\x2d\x2e\x30\x31\x36\x34\x36\x37\x20\x30\x20\
\x30\x20\x2e\x30\x31\x36\x34\x36\x37\x20\x31\x33\x2e\x39\x38\x38\
\x20\x37\x2e\x34\x34\x36\x34\x29\x22\x3e\x0a\x20\x20\x20\x20\x20\
\x20\x20\x20\x3c\x67\x20\x69\x64\x3d\x22\x64\x22\x20\x74\x72\x61\
\x6e\x73\x66\x6f\x72\x6d\x3d\x22\x6d\x61\x74\x72\x69\x78\x28\x2e\
\x36\x33\x36\x38\x34\x20\x2e\x36\x33\x36\x38\x34\x20\x2d\x2e\x36\
\x33\x36\x38\x34\x20\x2e\x36\x33\x36\x38\x34\x20\x32\x35\x33\x2e\
\x37\x37\x20\x2d\x36\x37\x2e\x39\x34\x35\x29\x22\x20\x73\x74\x72\
\x6f\x6b\x65\x3d\x22\x23\x45\x36\x45\x38\x45\x41\x22\x20\x73\x74\
\x72\x6f\x6b\x65\x2d\x6c\x69\x6e\x65\x6a\x6f\x69\x6e\x3d\x22\x72\
\x6f\x75\x6e\x64\x22\x20\x73\x74\x72\x6f\x6b\x65\x2d\x6d\x69\x74\
\x65\x72\x6c\x69\x6d\x69\x74\x3d\x22\x30\x22\x20\x73\x74\x72\x6f\
\x6b\x65\x2d\x77\x69\x64\x74\x68\x3d\x22\x33\x39\x2e\x31\x35\x37\
\x22\x3e\x0a\x20\x20\x20\x20\x20\x20\x20\x20\x20\x20\x3c\x70\x61\
\x74\x68\x20\x69\x64\x3d\x22\x65\x22\x20\x64\x3d\x22\x6d\x32\x35\
\x36\x20\x35\x35\x35\x2e\x32\x35\x20\x37\x30\x2e\x36\x35\x36\x2d\
\x37\x30\x2e\x36\x35\x36\x76\x2d\x33\x36\x37\x2e\x37\x38\x68\x2d\
\x31\x34\x30\x2e\x39\x36\x6c\x2d\x30\x2e\x33\x34\x38\x36\x20\x33\
\x36\x37\x2e\x37\x38\x7a\x22\x20\x66\x69\x6c\x6c\x3d\x22\x6e\x6f\
\x6e\x65\x22\x20\x73\x74\x72\x6f\x6b\x65\x2d\x77\x69\x64\x74\x68\
\x3d\x22\x33\x39\x2e\x31\x35\x37\x22\x20\x2f\x3e\x0a\x20\x20\x20\
\x20\x20\x20\x20\x20\x20\x20\x3c\x72\x65\x63\x74\x20\x69\x64\x3d\
\x22\x66\x22\x20\x78\x3d\x22\x31\x38\x36\x2e\x34\x32\x22\x20\x79\
\x3d\x22\x31\x34\x2e\x30\x30\x36\x22\x20\x77\x69\x64\x74\x68\x3d\
\x22\x31\x33\x39\x2e\x35\x22\x20\x68\x65\x69\x67\x68\x74\x3d\x22\
\x31\x30\x32\x2e\x30\x38\x22\x20\x72\x79\x3d\x22\x39\x2e\x33\x32\
\x33\x31\x22\x20\x66\x69\x6c\x6c\x3d\x22\x23\x45\x36\x45\x38\x45\
\x41\x22\x20\x2f\x3e\x0a\x20\x20\x20\x20\x20\x20\x20\x20\x3c\x2f\
\x67\x3e\x0a\x20\x20\x20\x20\x20\x20\x3c\x2f\x67\x3e\x0a\x20\x20\
\x20\x20\x3c\x2f\x67\x3e\x0a\x20\x20\x3c\x2f\x67\x3e\x0a\x3c\x2f\
\x73\x76\x67\x3e\x0a\
\x00\x00\x02\x51\
\x3c\
\x73\x76\x67\x20\x78\x6d\x6c\x6e\x73\x3d\x22\x68\x74\x74\x70\x3a\
\x2f\x2f\x77\x77\x77\x2e\x77\x33\x2e\x6f\x72\x67\x2f\x32\x30\x30\
\x30\x2f\x73\x76\x67\x22\x20\x77\x69\x64\x74\x68\x3d\x22\x32\x34\
\x22\x20\x68\x65\x69\x67\x68\x74\x3d\x22\x32\x34\x22\x20\x76\x65\
\x72\x73\x69\x6f\x6e\x3d\x22\x31\x2e\x31\x22\x20\x76\x69\x65\x77\
\x42\x6f\x78\x3d\x22\x30\x20\x30\x20\x32\x34\x20\x32\x34\x22\x3e\
\x0a\x20\x20\x3c\x67\x20\x74\x72\x61\x6e\x73\x66\x6f\x72\x6d\x3d\
\x22\x74\x72\x61\x6e\x73\x6c\x61\x74\x65\x28\x2d\x30\x29\x20\x73\
\x63\x61\x6c\x65\x28\x2e\x30\x34\x36\x38\x37\x35\x29\x22\x3e\x0a\
\x20\x20\x20\x20\x3c\x70\x61\x74\x68\x20\x69\x64\x3d\x22\x61\x22\
\x20\x64\x3d\x22\x6d\x31\x39\x39\x2e\x34\x35\x20\x33\x30\x32\x2e\
\x37\x35\x20\x35\x33\x2e\x31\x37\x35\x2d\x33\x32\x2e\x31\x33\x39\
\x20\x35\x33\x2e\x31\x37\x35\x20\x33\x32\x2e\x31\x33\x39\x2d\x31\
\x34\x2e\x30\x32\x34\x2d\x36\x30\x2e\x37\x37\x31\x20\x34\x36\x2e\
\x37\x34\x37\x2d\x34\x30\x2e\x33\x31\x39\x2d\x36\x31\x2e\x33\x35\
\x36\x2d\x35\x2e\x32\x35\x39\x31\x2d\x32\x34\x2e\x35\x34\x32\x2d\
\x35\x37\x2e\x32\x36\x35\x2d\x32\x34\x2e\x35\x34\x32\x20\x35\x37\
\x2e\x32\x36\x35\x2d\x36\x31\x2e\x33\x35\x36\x20\x35\x2e\x32\x35\
\x39\x31\x20\x34\x36\x2e\x37\x34\x37\x20\x34\x30\x2e\x33\x31\x39\
\x7a\x6d\x2d\x31\x31\x30\x2e\x34\x34\x20\x31\x36\x33\x2e\x36\x31\
\x76\x2d\x33\x37\x33\x2e\x39\x38\x71\x30\x2d\x31\x39\x2e\x32\x38\
\x33\x20\x31\x33\x2e\x37\x33\x32\x2d\x33\x33\x2e\x30\x31\x35\x20\
\x31\x33\x2e\x37\x33\x32\x2d\x31\x33\x2e\x37\x33\x32\x20\x33\x33\
\x2e\x30\x31\x35\x2d\x31\x33\x2e\x37\x33\x32\x68\x32\x33\x33\x2e\
\x37\x34\x71\x31\x39\x2e\x32\x38\x33\x20\x30\x20\x33\x33\x2e\x30\
\x31\x35\x20\x31\x33\x2e\x37\x33\x32\x20\x31\x33\x2e\x37\x33\x32\
\x20\x31\x33\x2e\x37\x33\x32\x20\x31\x33\x2e\x37\x33\x32\x20\x33\
\x33\x2e\x30\x31\x35\x76\x33\x37\x33\x2e\x39\x38\x6c\x2d\x31\x36\
\x33\x2e\x36\x31\x2d\x37\x30\x2e\x31\x32\x31\x7a\x6d\x34\x36\x2e\
\x37\x34\x37\x2d\x37\x31\x2e\x32\x38\x39\x20\x31\x31\x36\x2e\x38\
\x37\x2d\x35\x30\x2e\x32\x35\x33\x20\x31\x31\x36\x2e\x38\x37\x20\
\x35\x30\x2e\x32\x35\x33\x76\x2d\x33\x30\x32\x2e\x36\x39\x68\x2d\
\x32\x33\x33\x2e\x37\x34\x7a\x6d\x30\x2d\x33\x30\x32\x2e\x36\x39\
\x68\x32\x33\x33\x2e\x37\x34\x7a\x22\x20\x66\x69\x6c\x6c\x3d\x22\
\x23\x45\x36\x45\x38\x45\x41\x22\x20\x73\x74\x72\x6f\x6b\x65\x2d\
\x77\x69\x64\x74\x68\x3d\x22\x2e\x35\x38\x34\x33\x34\x22\x20\x2f\
\x3e\x0a\x20\x20\x3c\x2f\x67\x3e\x0a\x3c\x2f\x73\x76\x67\x3e\x0a\
\
\x00\x00\x04\x8c\
\x3c\
\x73\x76\x67\x20\x78\x6d\x6c\x6e\x73\x3d\x22\x68\x74\x74\x70\x3a\
\x2f\x2f\x77\x77\x77\x2e\x77\x33\x2e\x6f\x72\x67\x2f\x32\x30\x30\
\x30\x2f\x73\x76\x67\x22\x20\x77\x69\x64\x74\x68\x3d\x22\x32\x34\
\x22\x20\x68\x65\x69\x67\x68\x74\x3d\x22\x32\x34\x22\x20\x76\x65\
\x72\x73\x69\x6f\x6e\x3d\x22\x31\x2e\x31\x22\x20\x76\x69\x65\x77\
\x42\x6f\x78\x3d\x22\x30\x20\x30\x20\x32\x34\x20\x32\x34\x22\x3e\
\x0a\x20\x20\x3c\x67\x20\x74\x72\x61\x6e\x73\x66\x6f\x72\x6d\x3d\
\x22\x74\x72\x61\x6e\x73\x6c\x61\x74\x65\x28\x2d\x30\x29\x20\x73\
\x63\x61\x6c\x65\x28\x2e\x30\x34\x36\x38\x37\x35\x29\x22\x3e\x0a\
\x20\x20\x20\x20\x3c\x67\x20\x69\x64\x3d\x22\x61\x22\x20\x74\x72\
\x61\x6e\x73\x66\x6f\x72\x6d\x3d\x22\x6d\x61\x74\x72\x69\x78\x28\
\x31\x2e\x31\x32\x35\x20\x30\x20\x30\x20\x31\x2e\x31\x32\x35\x20\
\x33\x35\x31\x2e\x36\x36\x20\x31\x37\x37\x2e\x37\x31\x29\x22\x20\
\x73\x74\x72\x6f\x6b\x65\x3d\x22\x23\x45\x36\x45\x38\x45\x41\x22\
\x3e\x0a\x20\x20\x20\x20\x20\x20\x3c\x67\x20\x69\x64\x3d\x22\x62\
\x22\x20\x74\x72\x61\x6e\x73\x66\x6f\x72\x6d\x3d\x22\x6d\x61\x74\
\x72\x69\x78\x28\x32\x35\x20\x30\x20\x30\x20\x32\x35\x20\x2d\x34\
\x36\x35\x2e\x39\x37\x20\x2d\x33\x31\x37\x2e\x39\x36\x29\x22\x3e\
\x0a\x20\x20\x20\x20\x20\x20\x20\x20\x3c\x67\x20\x69\x64\x3d\x22\
\x63\x22\x20\x74\x72\x61\x6e\x73\x66\x6f\x72\x6d\x3d\x22\x6d\x61\
\x74\x72\x69\x78\x28\x2e\x32\x32\x35\x20\x30\x20\x30\x20\x2e\x32\
\x32\x35\x20\x31\x34\x2e\x35\x38\x38\x20\x31\x33\x2e\x30\x36\x37\
\x29\x22\x3e\x0a\x20\x20\x20\x20\x20\x20\x20\x20\x20\x20\x3c\x70\
\x61\x74\x68\x20\x69\x64\x3d\x22\x64\x22\x20\x64\x3d\x22\x6d\x32\
\x2e\x38\x38\x38\x35\x20\x34\x32\x2e\x38\x30\x37\x63\x38\x2e\x35\
\x32\x39\x37\x20\x30\x20\x31\x35\x2e\x38\x35\x37\x2d\x33\x2e\x30\
\x36\x32\x20\x32\x31\x2e\x39\x38\x2d\x39\x2e\x31\x38\x35\x39\x20\
\x36\x2e\x31\x32\x33\x39\x2d\x36\x2e\x31\x32\x33\x39\x20\x39\x2e\
\x31\x38\x35\x39\x2d\x31\x33\x2e\x34\x35\x31\x20\x39\x2e\x31\x38\
\x35\x39\x2d\x32\x31\x2e\x39\x38\x20\x30\x2d\x38\x2e\x35\x32\x39\
\x37\x2d\x33\x2e\x30\x36\x32\x2d\x31\x35\x2e\x38\x35\x37\x2d\x39\
\x2e\x31\x38\x35\x39\x2d\x32\x31\x2e\x39\x38\x2d\x36\x2e\x31\x32\
\x33\x39\x2d\x36\x2e\x31\x32\x33\x39\x2d\x31\x33\x2e\x34\x35\x31\
\x2d\x39\x2e\x31\x38\x35\x39\x2d\x32\x31\x2e\x39\x38\x2d\x39\x2e\
\x31\x38\x35\x39\x2d\x34\x2e\x31\x35\x35\x35\x20\x30\x2d\x38\x2e\
\x30\x33\x37\x37\x20\x30\x2e\x37\x36\x35\x35\x31\x2d\x31\x31\x2e\
\x36\x34\x36\x20\x32\x2e\x32\x39\x36\x35\x2d\x33\x2e\x36\x30\x38\
\x38\x20\x31\x2e\x35\x33\x31\x2d\x36\x2e\x38\x33\x34\x38\x20\x33\
\x2e\x36\x30\x38\x38\x2d\x39\x2e\x36\x37\x38\x20\x36\x2e\x32\x33\
\x33\x33\x76\x2d\x31\x30\x2e\x31\x37\x68\x2d\x39\x2e\x38\x34\x32\
\x76\x32\x37\x2e\x38\x38\x36\x68\x32\x37\x2e\x38\x38\x36\x76\x2d\
\x39\x2e\x38\x34\x32\x68\x2d\x31\x31\x2e\x38\x31\x63\x31\x2e\x38\
\x35\x39\x2d\x31\x2e\x39\x36\x38\x34\x20\x34\x2e\x31\x30\x30\x38\
\x2d\x33\x2e\x35\x35\x34\x20\x36\x2e\x37\x32\x35\x34\x2d\x34\x2e\
\x37\x35\x37\x20\x32\x2e\x36\x32\x34\x34\x2d\x31\x2e\x32\x30\x33\
\x20\x35\x2e\x34\x31\x33\x2d\x31\x2e\x38\x30\x34\x35\x20\x38\x2e\
\x33\x36\x35\x37\x2d\x31\x2e\x38\x30\x34\x35\x20\x35\x2e\x39\x30\
\x35\x32\x20\x30\x20\x31\x30\x2e\x39\x33\x36\x20\x32\x2e\x30\x37\
\x37\x38\x20\x31\x35\x2e\x30\x39\x31\x20\x36\x2e\x32\x33\x33\x33\
\x20\x34\x2e\x31\x35\x35\x35\x20\x34\x2e\x31\x35\x35\x35\x20\x36\
\x2e\x32\x33\x33\x33\x20\x39\x2e\x31\x38\x35\x39\x20\x36\x2e\x32\
\x33\x33\x33\x20\x31\x35\x2e\x30\x39\x31\x20\x30\x20\x35\x2e\x39\
\x30\x35\x32\x2d\x32\x2e\x30\x37\x37\x38\x20\x31\x30\x2e\x39\x33\
\x36\x2d\x36\x2e\x32\x33\x33\x33\x20\x31\x35\x2e\x30\x39\x31\x2d\
\x34\x2e\x31\x35\x35\x35\x20\x34\x2e\x31\x35\x35\x35\x2d\x39\x2e\
\x31\x38\x35\x39\x20\x36\x2e\x32\x33\x33\x33\x2d\x31\x35\x2e\x30\
\x39\x31\x20\x36\x2e\x32\x33\x33\x33\x2d\x34\x2e\x38\x31\x31\x37\
\x20\x30\x2d\x39\x2e\x30\x32\x31\x39\x2d\x31\x2e\x33\x39\x34\x33\
\x2d\x31\x32\x2e\x36\x33\x31\x2d\x34\x2e\x31\x38\x32\x39\x2d\x33\
\x2e\x36\x30\x38\x38\x2d\x32\x2e\x37\x38\x38\x36\x2d\x36\x2e\x31\
\x37\x38\x36\x2d\x36\x2e\x33\x31\x35\x33\x2d\x37\x2e\x37\x30\x39\
\x36\x2d\x31\x30\x2e\x35\x38\x68\x2d\x31\x30\x2e\x31\x37\x63\x31\
\x2e\x35\x33\x31\x20\x37\x2e\x31\x30\x38\x31\x20\x35\x2e\x31\x31\
\x32\x34\x20\x31\x32\x2e\x39\x38\x36\x20\x31\x30\x2e\x37\x34\x34\
\x20\x31\x37\x2e\x36\x33\x34\x20\x35\x2e\x36\x33\x31\x38\x20\x34\
\x2e\x36\x34\x37\x36\x20\x31\x32\x2e\x32\x32\x31\x20\x36\x2e\x39\
\x37\x31\x34\x20\x31\x39\x2e\x37\x36\x36\x20\x36\x2e\x39\x37\x31\
\x34\x7a\x22\x20\x66\x69\x6c\x6c\x3d\x22\x23\x45\x36\x45\x38\x45\
\x41\x22\x20\x73\x74\x72\x6f\x6b\x65\x2d\x77\x69\x64\x74\x68\x3d\
\x22\x2e\x31\x36\x34\x30\x33\x22\x20\x2f\x3e\x0a\x20\x20\x20\x20\
\x20\x20\x20\x20\x3c\x2f\x67\x3e\x0a\x20\x20\x20\x20\x20\x20\x3c\
\x2f\x67\x3e\x0a\x20\x20\x20\x20\x3c\x2f\x67\x3e\x0a\x20\x20\x3c\
\x2f\x67\x3e\x0a\x3c\x2f\x73\x76\x67\x3e\x0a\
\x00\x00\x02\x4d\
\x3c\
\x73\x76\x67\x20\x78\x6d\x6c\x6e\x73\x3d\x22\x68\x74\x74\x70\x3a\
\x2f\x2f\x77\x77\x77\x2e\x77\x33\x2e\x6f\x72\x67\x2f\x32\x30\x30\
\x30\x2f\x73\x76\x67\x22\x20\x77\x69\x64\x74\x68\x3d\x22\x32\x34\
\x22\x20\x68\x65\x69\x67\x68\x74\x3d\x22\x32\x34\x22\x20\x76\x65\
\x72\x73\x69\x6f\x6e\x3d\x22\x31\x2e\x31\x22\x20\x76\x69\x65\x77\
\x42\x6f\x78\x3d\x22\x30\x20\x30\x20\x32\x34\x20\x32\x34\x22\x3e\
\x0a\x20\x20\x3c\x67\x20\x74\x72\x61\x6e\x73\x66\x6f\x72\x6d\x3d\
\x22\x74\x72\x61\x6e\x73\x6c\x61\x74\x65\x28\x2d\x30\x29\x20\x73\
\x63\x61\x6c\x65\x28\x2e\x30\x34\x36\x38\x37\x35\x29\x22\x3e\x0a\
\x20\x20\x20\x20\x3c\x67\x20\x69\x64\x3d\x22\x61\x22\x20\x74\x72\
\x61\x6e\x73\x66\x6f\x72\x6d\x3d\x22\x6d\x61\x74\x72\x69\x78\x28\
\x31\x2e\x31\x32\x35\x20\x30\x20\x30\x20\x31\x2e\x31\x32\x35\x20\
\x33\x35\x31\x2e\x36\x36\x20\x31\x37\x37\x2e\x37\x31\x29\x22\x20\
\x73\x74\x72\x6f\x6b\x65\x3d\x22\x23\x45\x36\x45\x38\x45\x41\x22\
\x3e\x0a\x20\x20\x20\x20\x20\x20\x3c\x67\x20\x69\x64\x3d\x22\x62\
\x22\x20\x74\x72\x61\x6e\x73\x66\x6f\x72\x6d\x3d\x22\x6d\x61\x74\
\x72\x69\x78\x28\x32\x35\x20\x30\x20\x30\x20\x32\x35\x20\x2d\x34\
\x36\x35\x2e\x39\x37\x20\x2d\x33\x31\x37\x2e\x39\x36\x29\x22\x3e\
\x0a\x20\x20\x20\x20\x20\x20\x20\x20\x3c\x70\x61\x74\x68\x20\x69\
\x64\x3d\x22\x63\x22\x20\x64\x3d\x22\x6d\x31\x35\x2e\x32\x33\x38\
\x20\x32\x31\x2e\x37\x39\x39\x2d\x35\x2e\x39\x35\x30\x34\x2d\x34\
\x2e\x36\x32\x38\x31\x20\x31\x2e\x30\x39\x31\x2d\x30\x2e\x38\x32\
\x36\x33\x36\x20\x34\x2e\x38\x35\x39\x35\x20\x33\x2e\x37\x36\x38\
\x35\x20\x34\x2e\x38\x35\x39\x35\x2d\x33\x2e\x37\x36\x38\x35\x20\
\x31\x2e\x30\x39\x31\x20\x30\x2e\x38\x32\x36\x33\x36\x7a\x6d\x30\
\x2d\x33\x2e\x33\x33\x38\x38\x2d\x35\x2e\x39\x35\x30\x34\x2d\x34\
\x2e\x36\x32\x38\x31\x20\x35\x2e\x39\x35\x30\x34\x2d\x34\x2e\x36\
\x32\x38\x31\x20\x35\x2e\x39\x35\x30\x34\x20\x34\x2e\x36\x32\x38\
\x31\x7a\x6d\x30\x2d\x34\x2e\x36\x32\x38\x31\x6d\x30\x20\x32\x2e\
\x39\x34\x32\x31\x20\x33\x2e\x38\x30\x31\x36\x2d\x32\x2e\x39\x34\
\x32\x31\x2d\x33\x2e\x38\x30\x31\x36\x2d\x32\x2e\x39\x34\x32\x31\
\x2d\x33\x2e\x38\x30\x31\x36\x20\x32\x2e\x39\x34\x32\x31\x7a\x22\
\x20\x66\x69\x6c\x6c\x3d\x22\x23\x45\x36\x45\x38\x45\x41\x22\x20\
\x73\x74\x72\x6f\x6b\x65\x2d\x77\x69\x64\x74\x68\x3d\x22\x2e\x30\
\x31\x36\x35\x32\x39\x22\x20\x2f\x3e\x0a\x20\x20\x20\x20\x20\x20\
\x3c\x2f\x67\x3e\x0a\x20\x20\x20\x20\x3c\x2f\x67\x3e\x0a\x20\x20\
\x3c\x2f\x67\x3e\x0a\x3c\x2f\x73\x76\x67\x3e\x0a\
\x00\x00\x04\xb3\
\x3c\
\x73\x76\x67\x20\x78\x6d\x6c\x6e\x73\x3d\x22\x68\x74\x74\x70\x3a\
\x2f\x2f\x77\x77\x77\x2e\x77\x33\x2e\x6f\x72\x67\x2f\x32\x30\x30\
\x30\x2f\x73\x76\x67\x22\x20\x77\x69\x64\x74\x68\x3d\x22\x32\x34\
\x22\x20\x68\x65\x69\x67\x68\x74\x3d\x22\x32\x34\x22\x20\x76\x65\
\x72\x73\x69\x6f\x6e\x3d\x22\x31\x2e\x31\x22\x20\x76\x69\x65\x77\
\x42\x6f\x78\x3d\x22\x30\x20\x30\x20\x32\x34\x20\x32\x34\x22\x3e\
\x0a\x20\x20\x3c\x67\x20\x74\x72\x61\x6e\x73\x66\x6f\x72\x6d\x3d\
\x22\x74\x72\x61\x6e\x73\x6c\x61\x74\x65\x28\x2d\x30\x29\x20\x73\
\x63\x61\x6c\x65\x28\x2e\x30\x34\x36\x38\x37\x35\x29\x22\x3e\x0a\
\x20\x20\x20\x20\x3c\x67\x20\x69\x64\x3d\x22\x61\x22\x20\x74\x72\
\x61\x6e\x73\x66\x6f\x72\x6d\x3d\x22\x6d\x61\x74\x72\x69\x78\x28\
\x31\x2e\x31\x32\x35\x20\x30\x20\x30\x20\x31\x2e\x31\x32\x35\x20\
\x33\x35\x31\x2e\x36\x36\x20\x31\x37\x37\x2e\x37\x31\x29\x22\x20\
\x73\x74\x72\x6f\x6b\x65\x3d\x22\x23\x45\x36\x45\x38\x45\x41\x22\
\x3e\x0a\x20\x20\x20\x20\x20\x20\x3c\x67\x20\x69\x64\x3d\x22\x62\
\x22\x20\x74\x72\x61\x6e\x73\x66\x6f\x72\x6d\x3d\x22\x6d\x61\x74\
\x72\x69\x78\x28\x32\x35\x20\x30\x20\x30\x20\x32\x35\x20\x2d\x34\
\x36\x35\x2e\x39\x37\x20\x2d\x33\x31\x37\x2e\x39\x36\x29\x22\x20\
\x66\x69\x6c\x6c\x3d\x22\x23\x45\x36\x45\x38\x45\x41\x22\x3e\x0a\
\x20\x20\x20\x20\x20\x20\x20\x20\x3c\x70\x61\x74\x68\x20\x69\x64\
\x3d\x22\x63\x22\x20\x64\x3d\x22\x6d\x31\x31\x2e\x34\x34\x31\x20\
\x32\x32\x2e\x33\x33\x37\x63\x2d\x30\x2e\x34\x31\x37\x36\x36\x20\
\x30\x2d\x30\x2e\x37\x37\x35\x32\x32\x2d\x30\x2e\x31\x34\x38\x37\
\x34\x2d\x31\x2e\x30\x37\x32\x37\x2d\x30\x2e\x34\x34\x36\x32\x2d\
\x30\x2e\x32\x39\x37\x34\x37\x2d\x30\x2e\x32\x39\x37\x34\x37\x2d\
\x30\x2e\x34\x34\x36\x32\x2d\x30\x2e\x36\x35\x35\x30\x33\x2d\x30\
\x2e\x34\x34\x36\x32\x2d\x31\x2e\x30\x37\x32\x37\x76\x2d\x39\x2e\
\x38\x37\x32\x39\x68\x2d\x30\x2e\x37\x35\x39\x35\x35\x76\x2d\x31\
\x2e\x35\x31\x38\x39\x68\x31\x32\x2e\x31\x35\x31\x76\x31\x2e\x35\
\x31\x38\x39\x68\x2d\x30\x2e\x37\x35\x39\x33\x34\x76\x39\x2e\x38\
\x37\x32\x39\x63\x30\x20\x30\x2e\x34\x31\x37\x36\x36\x2d\x30\x2e\
\x31\x34\x38\x37\x34\x20\x30\x2e\x37\x37\x35\x32\x32\x2d\x30\x2e\
\x34\x34\x36\x32\x20\x31\x2e\x30\x37\x32\x37\x2d\x30\x2e\x32\x39\
\x37\x34\x37\x20\x30\x2e\x32\x39\x37\x34\x37\x2d\x30\x2e\x36\x35\
\x35\x30\x33\x20\x30\x2e\x34\x34\x36\x32\x2d\x31\x2e\x30\x37\x32\
\x37\x20\x30\x2e\x34\x34\x36\x32\x7a\x6d\x37\x2e\x35\x39\x34\x36\
\x2d\x31\x31\x2e\x33\x39\x32\x68\x2d\x37\x2e\x35\x39\x34\x36\x76\
\x39\x2e\x38\x37\x32\x39\x68\x37\x2e\x35\x39\x34\x36\x7a\x6d\x2d\
\x37\x2e\x35\x39\x34\x36\x20\x30\x76\x39\x2e\x38\x37\x32\x39\x7a\
\x22\x20\x73\x74\x72\x6f\x6b\x65\x2d\x77\x69\x64\x74\x68\x3d\x22\
\x2e\x30\x31\x38\x39\x38\x36\x22\x20\x2f\x3e\x0a\x20\x20\x20\x20\
\x20\x20\x20\x20\x3c\x72\x65\x63\x74\x20\x69\x64\x3d\x22\x64\x22\
\x20\x78\x3d\x22\x31\x32\x2e\x39\x35\x38\x22\x20\x79\x3d\x22\x37\
\x2e\x39\x34\x39\x39\x22\x20\x77\x69\x64\x74\x68\x3d\x22\x34\x2e\
\x35\x36\x30\x34\x22\x20\x68\x65\x69\x67\x68\x74\x3d\x22\x31\x2e\
\x35\x33\x38\x31\x22\x20\x73\x74\x72\x6f\x6b\x65\x2d\x6d\x69\x74\
\x65\x72\x6c\x69\x6d\x69\x74\x3d\x22\x30\x22\x20\x73\x74\x72\x6f\
\x6b\x65\x2d\x77\x69\x64\x74\x68\x3d\x22\x30\x22\x20\x73\x74\x79\
\x6c\x65\x3d\x22\x70\x61\x69\x6e\x74\x2d\x6f\x72\x64\x65\x72\x3a\
\x66\x69\x6c\x6c\x20\x6d\x61\x72\x6b\x65\x72\x73\x20\x73\x74\x72\
\x6f\x6b\x65\x22\x20\x2f\x3e\x0a\x20\x20\x20\x20\x20\x20\x20\x20\
\x3c\x72\x65\x63\x74\x20\x69\x64\x3d\x22\x65\x22\x20\x74\x72\x61\
\x6e\x73\x66\x6f\x72\x6d\x3d\x22\x72\x6f\x74\x61\x74\x65\x28\x39\
\x30\x29\x22\x20\x78\x3d\x22\x31\x32\x2e\x34\x36\x34\x22\x20\x79\
\x3d\x22\x2d\x31\x37\x2e\x35\x33\x35\x22\x20\x77\x69\x64\x74\x68\
\x3d\x22\x36\x2e\x38\x33\x35\x31\x22\x20\x68\x65\x69\x67\x68\x74\
\x3d\x22\x31\x2e\x35\x33\x38\x31\x22\x20\x73\x74\x72\x6f\x6b\x65\
\x2d\x6d\x69\x74\x65\x72\x6c\x69\x6d\x69\x74\x3d\x22\x30\x22\x20\
\x73\x74\x72\x6f\x6b\x65\x2d\x77\x69\x64\x74\x68\x3d\x22\x30\x22\
\x20\x73\x74\x79\x6c\x65\x3d\x22\x70\x61\x69\x6e\x74\x2d\x6f\x72\
\x64\x65\x72\x3a\x66\x69\x6c\x6c\x20\x6d\x61\x72\x6b\x65\x72\x73\
\x20\x73\x74\x72\x6f\x6b\x65\x22\x20\x2f\x3e\x0a\x20\x20\x20\x20\
\x20\x20\x20\x20\x3c\x72\x65\x63\x74\x20\x69\x64\x3d\x22\x66\x22\
\x20\x74\x72\x61\x6e\x73\x66\x6f\x72\x6d\x3d\x22\x72\x6f\x74\x61\
\x74\x65\x28\x39\x30\x29\x22\x20\x78\x3d\x22\x31\x32\x2e\x34\x36\
\x34\x22\x20\x79\x3d\x22\x2d\x31\x34\x2e\x34\x39\x38\x22\x20\x77\
\x69\x64\x74\x68\x3d\x22\x36\x2e\x38\x33\x35\x31\x22\x20\x68\x65\
\x69\x67\x68\x74\x3d\x22\x31\x2e\x35\x33\x38\x31\x22\x20\x73\x74\
\x72\x6f\x6b\x65\x2d\x6d\x69\x74\x65\x72\x6c\x69\x6d\x69\x74\x3d\
\x22\x30\x22\x20\x73\x74\x72\x6f\x6b\x65\x2d\x77\x69\x64\x74\x68\
\x3d\x22\x30\x22\x20\x73\x74\x79\x6c\x65\x3d\x22\x70\x61\x69\x6e\
\x74\x2d\x6f\x72\x64\x65\x72\x3a\x66\x69\x6c\x6c\x20\x6d\x61\x72\
\x6b\x65\x72\x73\x20\x73\x74\x72\x6f\x6b\x65\x22\x20\x2f\x3e\x0a\
\x20\x20\x20\x20\x20\x20\x3c\x2f\x67\x3e\x0a\x20\x20\x20\x20\x3c\
\x2f\x67\x3e\x0a\x20\x20\x3c\x2f\x67\x3e\x0a\x3c\x2f\x73\x76\x67\
\x3e\x0a\
\x00\x00\x02\x9a\
\x3c\
\x73\x76\x67\x20\x78\x6d\x6c\x6e\x73\x3d\x22\x68\x74\x74\x70\x3a\
\x2f\x2f\x77\x77\x77\x2e\x77\x33\x2e\x6f\x72\x67\x2f\x32\x30\x30\
\x30\x2f\x73\x76\x67\x22\x20\x77\x69\x64\x74\x68\x3d\x22\x32\x34\
\x22\x20\x68\x65\x69\x67\x68\x74\x3d\x22\x32\x34\x22\x20\x76\x65\
\x72\x73\x69\x6f\x6e\x3d\x22\x31\x2e\x31\x22\x20\x76\x69\x65\x77\
\x42\x6f\x78\x3d\x22\x30\x20\x30\x20\x32\x34\x20\x32\x34\x22\x3e\
\x0a\x20\x20\x3c\x67\x20\x74\x72\x61\x6e\x73\x66\x6f\x72\x6d\x3d\
\x22\x74\x72\x61\x6e\x73\x6c\x61\x74\x65\x28\x2d\x30\x29\x20\x73\
\x63\x61\x6c\x65\x28\x2e\x30\x34\x36\x38\x37\x35\x29\x22\x3e\x0a\
\x20\x20\x20\x20\x3c\x67\x20\x69\x64\x3d\x22\x61\x22\x20\x74\x72\
\x61\x6e\x73\x66\x6f\x72\x6d\x3d\x22\x6d\x61\x74\x72\x69\x78\x28\
\x33\x32\x20\x30\x20\x30\x20\x33\x32\x20\x2d\x31\x32\x36\x2e\x36\
\x36\x20\x2d\x31\x33\x32\x2e\x38\x31\x29\x22\x20\x66\x69\x6c\x6c\
\x3d\x22\x23\x45\x36\x45\x38\x45\x41\x22\x3e\x0a\x20\x20\x20\x20\
\x20\x20\x3c\x63\x69\x72\x63\x6c\x65\x20\x69\x64\x3d\x22\x62\x22\
\x20\x63\x78\x3d\x22\x38\x2e\x36\x32\x35\x22\x20\x63\x79\x3d\x22\
\x31\x32\x22\x20\x72\x3d\x22\x31\x2e\x35\x22\x20\x66\x69\x6c\x6c\
\x3d\x22\x23\x45\x36\x45\x38\x45\x41\x22\x20\x2f\x3e\x0a\x20\x20\
\x20\x20\x3c\x2f\x67\x3e\x0a\x20\x20\x20\x20\x3c\x67\x20\x69\x64\
\x3d\x22\x63\x22\x20\x74\x72\x61\x6e\x73\x66\x6f\x72\x6d\x3d\x22\
\x6d\x61\x74\x72\x69\x78\x28\x31\x2e\x31\x32\x35\x20\x30\x20\x30\
\x20\x31\x2e\x31\x32\x35\x20\x33\x35\x31\x2e\x36\x36\x20\x31\x37\
\x37\x2e\x37\x31\x29\x22\x20\x73\x74\x72\x6f\x6b\x65\x3d\x22\x23\
\x45\x36\x45\x38\x45\x41\x22\x3e\x0a\x20\x20\x20\x20\x20\x20\x3c\
\x67\x20\x69\x64\x3d\x22\x64\x22\x20\x74\x72\x61\x6e\x73\x66\x6f\
\x72\x6d\x3d\x22\x6d\x61\x74\x72\x69\x78\x28\x32\x35\x20\x30\x20\
\x30\x20\x32\x35\x20\x2d\x34\x36\x35\x2e\x39\x37\x20\x2d\x33\x31\
\x37\x2e\x39\x36\x29\x22\x3e\x0a\x20\x20\x20\x20\x20\x20\x20\x20\
\x3c\x72\x65\x63\x74\x20\x69\x64\x3d\x22\x65\x22\x20\x78\x3d\x22\
\x31\x34\x2e\x36\x38\x35\x22\x20\x79\x3d\x22\x37\x2e\x32\x32\x30\
\x36\x22\x20\x77\x69\x64\x74\x68\x3d\x22\x31\x2e\x31\x39\x38\x33\
\x22\x20\x68\x65\x69\x67\x68\x74\x3d\x22\x31\x36\x2e\x35\x31\x38\
\x22\x20\x72\x78\x3d\x22\x30\x22\x20\x72\x79\x3d\x22\x30\x22\x20\
\x66\x69\x6c\x6c\x3d\x22\x23\x45\x36\x45\x38\x45\x41\x22\x20\x73\
\x74\x72\x6f\x6b\x65\x3d\x22\x23\x45\x36\x45\x38\x45\x41\x22\x20\
\x73\x74\x72\x6f\x6b\x65\x2d\x6c\x69\x6e\x65\x63\x61\x70\x3d\x22\
\x73\x71\x75\x61\x72\x65\x22\x20\x73\x74\x72\x6f\x6b\x65\x2d\x6d\
\x69\x74\x65\x72\x6c\x69\x6d\x69\x74\x3d\x22\x30\x22\x20\x73\x74\
\x72\x6f\x6b\x65\x2d\x77\x69\x64\x74\x68\x3d\x22\x2e\x32\x31\x32\
\x33\x34\x22\x20\x2f\x3e\x0a\x20\x20\x20\x20\x20\x20\x3c\x2f\x67\
\x3e\x0a\x20\x20\x20\x20\x3c\x2f\x67\x3e\x0a\x20\x20\x3c\x2f\x67\
\x3e\x0a\x3c\x2f\x73\x76\x67\x3e\x0a\
\x00\x00\x04\x2e\
\x3c\
\x73\x76\x67\x20\x78\x6d\x6c\x6e\x73\x3d\x22\x68\x74\x74\x70\x3a\
\x2f\x2f\x77\x77\x77\x2e\x77\x33\x2e\x6f\x72\x67\x2f\x32\x30\x30\
\x30\x2f\x73\x76\x67\x22\x20\x77\x69\x64\x74\x68\x3d\x22\x32\x34\
\x22\x20\x68\x65\x69\x67\x68\x74\x3d\x22\x32\x34\x22\x20\x76\x65\
\x72\x73\x69\x6f\x6e\x3d\x22\x31\x2e\x31\x22\x20\x76\x69\x65\x77\
\x42\x6f\x78\x3d\x22\x30\x20\x30\x20\x32\x34\x20\x32\x34\x22\x3e\
\x0a\x20\x20\x3c\x67\x20\x74\x72\x61\x6e\x73\x66\x6f\x72\x6d\x3d\
\x22\x74\x72\x61\x6e\x73\x6c\x61\x74\x65\x28\x2d\x30\x29\x20\x73\
\x63\x61\x6c\x65\x28\x2e\x30\x34\x36\x38\x37\x35\x29\x22\x3e\x0a\
\x20\x20\x20\x20\x3c\x67\x20\x69\x64\x3d\x22\x61\x22\x20\x74\x72\
\x61\x6e\x73\x66\x6f\x72\x6d\x3d\x22\x6d\x61\x74\x72\x69\x78\x28\
\x31\x2e\x31\x32\x35\x20\x30\x20\x30\x20\x31\x2e\x31\x32\x35\x20\
\x33\x35\x31\x2e\x36\x36\x20\x31\x37\x37\x2e\x37\x31\x29\x22\x20\
\x73\x74\x72\x6f\x6b\x65\x3d\x22\x23\x45\x36\x45\x38\x45\x41\x22\
\x3e\x0a\x20\x20\x20\x20\x20\x20\x3c\x67\x20\x69\x64\x3d\x22\x62\
\x22\x20\x74\x72\x61\x6e\x73\x66\x6f\x72\x6d\x3d\x22\x6d\x61\x74\
\x72\x69\x78\x28\x32\x35\x20\x30\x20\x30\x20\x32\x35\x20\x2d\x34\
\x36\x35\x2e\x39\x37\x20\x2d\x33\x31\x37\x2e\x39\x36\x29\x22\x3e\
\x0a\x20\x20\x20\x20\x20\x20\x20\x20\x3c\x70\x61\x74\x68\x20\x69\
\x64\x3d\x22\x63\x22\x20\x64\x3d\x22\x6d\x39\x2e\x36\x37\x33\x34\
\x20\x32\x33\x2e\x34\x35\x31\x71\x2d\x30\x2e\x36\x35\x35\x37\x38\
\x20\x30\x2d\x31\x2e\x31\x32\x32\x38\x2d\x30\x2e\x34\x36\x37\x30\
\x33\x2d\x30\x2e\x34\x36\x37\x30\x31\x2d\x30\x2e\x34\x36\x37\x30\
\x33\x2d\x30\x2e\x34\x36\x37\x30\x31\x2d\x31\x2e\x31\x32\x32\x37\
\x76\x2d\x31\x31\x2e\x31\x32\x39\x71\x30\x2d\x30\x2e\x36\x35\x35\
\x37\x32\x20\x30\x2e\x34\x36\x37\x30\x31\x2d\x31\x2e\x31\x32\x32\
\x37\x20\x30\x2e\x34\x36\x37\x30\x31\x2d\x30\x2e\x34\x36\x37\x30\
\x33\x20\x31\x2e\x31\x32\x32\x38\x2d\x30\x2e\x34\x36\x37\x30\x33\
\x68\x33\x2e\x33\x31\x38\x37\x71\x30\x2e\x32\x31\x38\x36\x35\x2d\
\x30\x2e\x36\x39\x35\x35\x31\x20\x30\x2e\x38\x35\x34\x35\x31\x2d\
\x31\x2e\x31\x34\x32\x36\x20\x30\x2e\x36\x33\x35\x39\x33\x2d\x30\
\x2e\x34\x34\x37\x31\x33\x20\x31\x2e\x33\x39\x31\x31\x2d\x30\x2e\
\x34\x34\x37\x31\x33\x20\x30\x2e\x37\x39\x34\x39\x31\x20\x30\x20\
\x31\x2e\x34\x32\x30\x39\x20\x30\x2e\x34\x34\x37\x31\x33\x20\x30\
\x2e\x36\x32\x35\x39\x38\x20\x30\x2e\x34\x34\x37\x31\x33\x20\x30\
\x2e\x38\x34\x34\x35\x39\x20\x31\x2e\x31\x34\x32\x36\x68\x33\x2e\
\x32\x39\x38\x39\x71\x30\x2e\x36\x35\x35\x37\x39\x20\x30\x20\x31\
\x2e\x31\x32\x32\x38\x20\x30\x2e\x34\x36\x37\x30\x33\x20\x30\x2e\
\x34\x36\x37\x30\x33\x20\x30\x2e\x34\x36\x37\x30\x33\x20\x30\x2e\
\x34\x36\x37\x30\x33\x20\x31\x2e\x31\x32\x32\x37\x76\x31\x31\x2e\
\x31\x32\x39\x71\x30\x20\x30\x2e\x36\x35\x35\x37\x32\x2d\x30\x2e\
\x34\x36\x37\x30\x33\x20\x31\x2e\x31\x32\x32\x37\x2d\x30\x2e\x34\
\x36\x37\x30\x33\x20\x30\x2e\x34\x36\x37\x30\x33\x2d\x31\x2e\x31\
\x32\x32\x38\x20\x30\x2e\x34\x36\x37\x30\x33\x7a\x6d\x30\x2d\x31\
\x2e\x35\x38\x39\x38\x68\x31\x31\x2e\x31\x32\x39\x76\x2d\x31\x31\
\x2e\x31\x32\x39\x68\x2d\x31\x2e\x35\x38\x39\x38\x76\x32\x2e\x33\
\x38\x34\x37\x68\x2d\x37\x2e\x39\x34\x39\x76\x2d\x32\x2e\x33\x38\
\x34\x37\x68\x2d\x31\x2e\x35\x38\x39\x38\x7a\x6d\x36\x2e\x31\x33\
\x30\x37\x2d\x31\x31\x2e\x33\x35\x37\x71\x30\x2e\x32\x32\x38\x35\
\x33\x2d\x30\x2e\x32\x32\x38\x34\x38\x20\x30\x2e\x32\x32\x38\x35\
\x33\x2d\x30\x2e\x35\x36\x36\x32\x39\x20\x30\x2d\x30\x2e\x33\x33\
\x37\x38\x31\x2d\x30\x2e\x32\x32\x38\x35\x33\x2d\x30\x2e\x35\x36\
\x36\x32\x39\x2d\x30\x2e\x32\x32\x38\x35\x33\x2d\x30\x2e\x32\x32\
\x38\x34\x38\x2d\x30\x2e\x35\x36\x36\x33\x36\x2d\x30\x2e\x32\x32\
\x38\x34\x38\x74\x2d\x30\x2e\x35\x36\x36\x33\x36\x20\x30\x2e\x32\
\x32\x38\x34\x38\x71\x2d\x30\x2e\x32\x32\x38\x35\x33\x20\x30\x2e\
\x32\x32\x38\x34\x38\x2d\x30\x2e\x32\x32\x38\x35\x33\x20\x30\x2e\
\x35\x36\x36\x32\x39\x20\x30\x20\x30\x2e\x33\x33\x37\x38\x31\x20\
\x30\x2e\x32\x32\x38\x35\x33\x20\x30\x2e\x35\x36\x36\x32\x39\x20\
\x30\x2e\x32\x32\x38\x35\x33\x20\x30\x2e\x32\x32\x38\x34\x38\x20\
\x30\x2e\x35\x36\x36\x33\x36\x20\x30\x2e\x32\x32\x38\x34\x38\x74\
\x30\x2e\x35\x36\x36\x33\x36\x2d\x30\x2e\x32\x32\x38\x34\x38\x7a\
\x22\x20\x66\x69\x6c\x6c\x3d\x22\x23\x45\x36\x45\x38\x45\x41\x22\
\x20\x73\x74\x72\x6f\x6b\x65\x2d\x77\x69\x64\x74\x68\x3d\x22\x2e\
\x30\x31\x39\x38\x37\x32\x22\x20\x2f\x3e\x0a\x20\x20\x20\x20\x20\
\x20\x3c\x2f\x67\x3e\x0a\x20\x20\x20\x20\x3c\x2f\x67\x3e\x0a\x20\
\x20\x3c\x2f\x67\x3e\x0a\x3c\x2f\x73\x76\x67\x3e\x0a\
\x00\x00\x02\x47\
\x3c\
\x73\x76\x67\x20\x78\x6d\x6c\x6e\x73\x3d\x22\x68\x74\x74\x70\x3a\
\x2f\x2f\x77\x77\x77\x2e\x77\x33\x2e\x6f\x72\x67\x2f\x32\x30\x30\
\x30\x2f\x73\x76\x67\x22\x20\x77\x69\x64\x74\x68\x3d\x22\x32\x34\
\x22\x20\x68\x65\x69\x67\x68\x74\x3d\x22\x32\x34\x22\x20\x76\x65\
\x72\x73\x69\x6f\x6e\x3d\x22\x31\x2e\x31\x22\x20\x76\x69\x65\x77\
\x42\x6f\x78\x3d\x22\x30\x20\x30\x20\x32\x34\x20\x32\x34\x22\x3e\
\x0a\x20\x20\x3c\x67\x20\x74\x72\x61\x6e\x73\x66\x6f\x72\x6d\x3d\
\x22\x74\x72\x61\x6e\x73\x6c\x61\x74\x65\x28\x2d\x30\x29\x20\x73\
\x63\x61\x6c\x65\x28\x2e\x30\x34\x36\x38\x37\x35\x29\x22\x20\x66\
\x69\x6c\x6c\x3d\x22\x23\x45\x36\x45\x38\x45\x41\x22\x3e\x0a\x20\
\x20\x20\x20\x3c\x70\x61\x74\x68\x20\x69\x64\x3d\x22\x61\x22\x20\
\x64\x3d\x22\x6d\x36\x39\x2e\x30\x31\x32\x20\x34\x36\x36\x2e\x33\
\x36\x76\x2d\x33\x37\x33\x2e\x39\x38\x63\x30\x2d\x31\x32\x2e\x38\
\x35\x35\x20\x34\x2e\x35\x37\x37\x33\x2d\x32\x33\x2e\x38\x36\x31\
\x20\x31\x33\x2e\x37\x33\x32\x2d\x33\x33\x2e\x30\x31\x35\x20\x39\
\x2e\x31\x35\x34\x36\x2d\x39\x2e\x31\x35\x34\x36\x20\x32\x30\x2e\
\x31\x36\x2d\x31\x33\x2e\x37\x33\x32\x20\x33\x33\x2e\x30\x31\x35\
\x2d\x31\x33\x2e\x37\x33\x32\x68\x31\x32\x30\x2e\x32\x34\x76\x34\
\x36\x2e\x37\x34\x37\x68\x2d\x31\x32\x30\x2e\x32\x34\x76\x33\x30\
\x32\x2e\x36\x39\x6c\x31\x31\x36\x2e\x38\x37\x2d\x35\x30\x2e\x32\
\x35\x33\x20\x31\x31\x36\x2e\x38\x37\x20\x35\x30\x2e\x32\x35\x33\
\x76\x2d\x31\x34\x32\x2e\x34\x35\x68\x34\x36\x2e\x37\x34\x37\x76\
\x32\x31\x33\x2e\x37\x34\x6c\x2d\x31\x36\x33\x2e\x36\x31\x2d\x37\
\x30\x2e\x31\x32\x31\x7a\x6d\x34\x36\x2e\x37\x34\x37\x2d\x33\x37\
\x33\x2e\x39\x38\x68\x31\x32\x30\x2e\x32\x34\x7a\x22\x20\x73\x74\
\x72\x6f\x6b\x65\x2d\x77\x69\x64\x74\x68\x3d\x22\x2e\x35\x38\x34\
\x33\x34\x22\x20\x2f\x3e\x0a\x20\x20\x20\x20\x3c\x70\x61\x74\x68\
\x20\x69\x64\x3d\x22\x62\x22\x20\x64\x3d\x22\x6d\x33\x35\x33\x2e\
\x39\x34\x20\x31\x39\x34\x2e\x38\x38\x68\x34\x34\x2e\x37\x31\x39\
\x76\x2d\x36\x37\x2e\x30\x37\x39\x68\x36\x37\x2e\x30\x37\x39\x76\
\x2d\x34\x34\x2e\x37\x31\x39\x68\x2d\x36\x37\x2e\x30\x37\x39\x76\
\x2d\x36\x37\x2e\x30\x37\x39\x68\x2d\x34\x34\x2e\x37\x31\x39\x76\
\x36\x37\x2e\x30\x37\x39\x68\x2d\x36\x37\x2e\x30\x37\x39\x76\x34\
\x34\x2e\x37\x31\x39\x68\x36\x37\x2e\x30\x37\x39\x7a\x22\x20\x73\
\x74\x72\x6f\x6b\x65\x2d\x77\x69\x64\x74\x68\x3d\x22\x2e\x35\x35\
\x38\x39\x39\x22\x20\x2f\x3e\x0a\x20\x20\x3c\x2f\x67\x3e\x0a\x3c\
\x2f\x73\x76\x67\x3e\x0a\
\x00\x00\x01\x86\
\x3c\
\x73\x76\x67\x20\x78\x6d\x6c\x6e\x73\x3d\x22\x68\x74\x74\x70\x3a\
\x2f\x2f\x77\x77\x77\x2e\x77\x33\x2e\x6f\x72\x67\x2f\x32\x30\x30\
\x30\x2f\x73\x76\x67\x22\x20\x77\x69\x64\x74\x68\x3d\x22\x32\x34\
\x22\x20\x68\x65\x69\x67\x68\x74\x3d\x22\x32\x34\x22\x20\x76\x65\
\x72\x73\x69\x6f\x6e\x3d\x22\x31\x2e\x31\x22\x20\x76\x69\x65\x77\
\x42\x6f\x78\x3d\x22\x30\x20\x30\x20\x32\x34\x20\x32\x34\x22\x3e\
\x0a\x20\x20\x3c\x67\x20\x74\x72\x61\x6e\x73\x66\x6f\x72\x6d\x3d\
\x22\x74\x72\x61\x6e\x73\x6c\x61\x74\x65\x28\x2d\x30\x29\x20\x73\
\x63\x61\x6c\x65\x28\x2e\x30\x34\x36\x38\x37\x35\x29\x22\x3e\x0a\
\x20\x20\x20\x20\x3c\x70\x61\x74\x68\x20\x69\x64\x3d\x22\x61\x22\
\x20\x64\x3d\x22\x6d\x31\x30\x37\x2e\x31\x39\x20\x33\x34\x35\x2e\
\x32\x38\x20\x35\x39\x2e\x35\x32\x32\x20\x35\x39\x2e\x35\x32\x32\
\x20\x38\x39\x2e\x32\x38\x33\x2d\x38\x39\x2e\x32\x38\x33\x20\x38\
\x39\x2e\x32\x38\x33\x20\x38\x39\x2e\x32\x38\x33\x20\x35\x39\x2e\
\x35\x32\x32\x2d\x35\x39\x2e\x35\x32\x32\x2d\x38\x39\x2e\x32\x38\
\x33\x2d\x38\x39\x2e\x32\x38\x33\x20\x38\x39\x2e\x32\x38\x33\x2d\
\x38\x39\x2e\x32\x38\x33\x2d\x35\x39\x2e\x35\x32\x32\x2d\x35\x39\
\x2e\x35\x32\x32\x2d\x38\x39\x2e\x32\x38\x33\x20\x38\x39\x2e\x32\
\x38\x33\x2d\x38\x39\x2e\x32\x38\x33\x2d\x38\x39\x2e\x32\x38\x33\
\x2d\x35\x39\x2e\x35\x32\x32\x20\x35\x39\x2e\x35\x32\x32\x20\x38\
\x39\x2e\x32\x38\x33\x20\x38\x39\x2e\x32\x38\x33\x7a\x22\x20\x66\
\x69\x6c\x6c\x3d\x22\x23\x45\x36\x45\x38\x45\x41\x22\x20\x73\x74\
\x72\x6f\x6b\x65\x2d\x77\x69\x64\x74\x68\x3d\x22\x31\x2e\x30\x35\
\x32\x32\x22\x20\x2f\x3e\x0a\x20\x20\x3c\x2f\x67\x3e\x0a\x3c\x2f\
\x73\x76\x67\x3e\x0a\
\x00\x00\x08\x83\
\x3c\
\x73\x76\x67\x20\x77\x69\x64\x74\x68\x3d\x22\x32\x34\x22\x20\x68\
\x65\x69\x67\x68\x74\x3d\x22\x32\x34\x22\x20\x76\x65\x72\x73\x69\
\x6f\x6e\x3d\x22\x31\x2e\x31\x22\x20\x76\x69\x65\x77\x42\x6f\x78\
\x3d\x22\x30\x20\x30\x20\x32\x34\x20\x32\x34\x22\x20\x78\x6d\x6c\
\x6e\x73\x3d\x22\x68\x74\x74\x70\x3a\x2f\x2f\x77\x77\x77\x2e\x77\
\x33\x2e\x6f\x72\x67\x2f\x32\x30\x30\x30\x2f\x73\x76\x67\x22\x3e\
\x0a\x20\x3c\x67\x20\x74\x72\x61\x6e\x73\x66\x6f\x72\x6d\x3d\x22\
\x74\x72\x61\x6e\x73\x6c\x61\x74\x65\x28\x2d\x30\x29\x20\x73\x63\
\x61\x6c\x65\x28\x2e\x30\x34\x36\x38\x37\x35\x29\x22\x20\x66\x69\
\x6c\x6c\x3d\x22\x6e\x6f\x6e\x65\x22\x20\x73\x74\x72\x6f\x6b\x65\
\x3d\x22\x23\x30\x30\x30\x22\x20\x73\x74\x72\x6f\x6b\x65\x2d\x6c\
\x69\x6e\x65\x63\x61\x70\x3d\x22\x72\x6f\x75\x6e\x64\x22\x20\x73\
\x74\x72\x6f\x6b\x65\x2d\x6c\x69\x6e\x65\x6a\x6f\x69\x6e\x3d\x22\
\x72\x6f\x75\x6e\x64\x22\x20\x73\x74\x72\x6f\x6b\x65\x2d\x77\x69\
\x64\x74\x68\x3d\x22\x33\x32\x22\x3e\x0a\x20\x20\x3c\x67\x20\x69\
\x64\x3d\x22\x61\x22\x20\x74\x72\x61\x6e\x73\x66\x6f\x72\x6d\x3d\
\x22\x6d\x61\x74\x72\x69\x78\x28\x2e\x37\x36\x31\x32\x34\x20\x30\
\x20\x30\x20\x2e\x37\x36\x31\x32\x34\x20\x32\x32\x36\x2e\x37\x34\
\x20\x2d\x34\x33\x33\x2e\x33\x36\x29\x22\x3e\x0a\x20\x20\x20\x3c\
\x67\x20\x69\x64\x3d\x22\x62\x22\x20\x74\x72\x61\x6e\x73\x66\x6f\
\x72\x6d\x3d\x22\x6d\x61\x74\x72\x69\x78\x28\x31\x2e\x35\x20\x30\
\x20\x30\x20\x31\x2e\x35\x20\x2d\x31\x31\x35\x37\x2e\x32\x20\x35\
\x32\x35\x2e\x37\x38\x29\x22\x3e\x0a\x20\x20\x20\x20\x3c\x67\x20\
\x69\x64\x3d\x22\x63\x22\x20\x74\x72\x61\x6e\x73\x66\x6f\x72\x6d\
\x3d\x22\x72\x6f\x74\x61\x74\x65\x28\x39\x30\x20\x39\x38\x38\x2e\
\x36\x36\x20\x34\x39\x32\x2e\x34\x36\x29\x22\x3e\x0a\x20\x20\x20\
\x20\x20\x3c\x70\x61\x74\x68\x20\x69\x64\x3d\x22\x64\x22\x20\x64\
\x3d\x22\x6d\x36\x32\x38\x2e\x39\x33\x20\x35\x32\x38\x2e\x36\x32\
\x63\x37\x2e\x35\x2d\x31\x32\x2e\x35\x20\x32\x35\x2d\x32\x37\x2e\
\x35\x20\x33\x37\x2e\x35\x2d\x32\x37\x2e\x35\x6c\x32\x37\x38\x2e\
\x36\x38\x20\x31\x36\x30\x2e\x38\x33\x63\x34\x2e\x31\x31\x36\x35\
\x20\x36\x2e\x36\x35\x38\x20\x31\x32\x2e\x34\x30\x37\x20\x32\x31\
\x2e\x30\x37\x39\x20\x35\x2e\x32\x39\x36\x34\x20\x34\x31\x2e\x35\
\x37\x6c\x2d\x32\x37\x33\x2e\x39\x38\x20\x31\x36\x32\x2e\x36\x63\
\x2d\x37\x2e\x35\x20\x32\x2e\x35\x2d\x34\x30\x20\x30\x2d\x35\x30\
\x2d\x32\x35\x7a\x22\x20\x66\x69\x6c\x6c\x3d\x22\x23\x34\x30\x34\
\x30\x34\x30\x22\x20\x66\x69\x6c\x6c\x2d\x72\x75\x6c\x65\x3d\x22\
\x65\x76\x65\x6e\x6f\x64\x64\x22\x20\x73\x74\x72\x6f\x6b\x65\x3d\
\x22\x23\x34\x30\x34\x30\x34\x30\x22\x20\x73\x74\x72\x6f\x6b\x65\
\x2d\x6c\x69\x6e\x65\x63\x61\x70\x3d\x22\x72\x6f\x75\x6e\x64\x22\
\x20\x73\x74\x72\x6f\x6b\x65\x2d\x6c\x69\x6e\x65\x6a\x6f\x69\x6e\
\x3d\x22\x72\x6f\x75\x6e\x64\x22\x20\x73\x74\x72\x6f\x6b\x65\x2d\
\x77\x69\x64\x74\x68\x3d\x22\x32\x22\x2f\x3e\x0a\x20\x20\x20\x20\
\x20\x3c\x67\x20\x69\x64\x3d\x22\x65\x22\x20\x74\x72\x61\x6e\x73\
\x66\x6f\x72\x6d\x3d\x22\x6d\x61\x74\x72\x69\x78\x28\x2e\x31\x39\
\x31\x31\x20\x2d\x2e\x33\x33\x31\x37\x32\x20\x2e\x31\x39\x31\x31\
\x20\x2e\x33\x33\x31\x37\x32\x20\x35\x33\x36\x2e\x35\x38\x20\x36\
\x38\x37\x2e\x31\x39\x29\x22\x20\x73\x74\x72\x6f\x6b\x65\x3d\x22\
\x23\x30\x30\x30\x22\x20\x73\x74\x72\x6f\x6b\x65\x2d\x77\x69\x64\
\x74\x68\x3d\x22\x39\x2e\x38\x33\x38\x32\x22\x3e\x0a\x20\x20\x20\
\x20\x20\x20\x3c\x70\x61\x74\x68\x20\x69\x64\x3d\x22\x66\x22\x20\
\x64\x3d\x22\x6d\x37\x31\x2e\x34\x35\x39\x20\x35\x35\x33\x2e\x35\
\x63\x2d\x33\x37\x2e\x33\x37\x39\x20\x30\x2d\x36\x37\x2e\x39\x35\
\x39\x2d\x33\x30\x2e\x35\x38\x31\x2d\x36\x37\x2e\x39\x35\x39\x2d\
\x36\x37\x2e\x39\x36\x76\x2d\x34\x31\x34\x2e\x30\x38\x63\x30\x2d\
\x33\x37\x2e\x33\x37\x37\x20\x33\x30\x2e\x35\x38\x31\x2d\x36\x37\
\x2e\x39\x35\x39\x20\x36\x37\x2e\x39\x35\x39\x2d\x36\x37\x2e\x39\
\x35\x39\x68\x34\x31\x34\x2e\x30\x38\x63\x33\x37\x2e\x33\x37\x38\
\x20\x30\x20\x36\x37\x2e\x39\x36\x20\x33\x30\x2e\x35\x38\x32\x20\
\x36\x37\x2e\x39\x36\x20\x36\x37\x2e\x39\x35\x39\x76\x34\x31\x34\
\x2e\x30\x38\x63\x30\x20\x33\x37\x2e\x33\x37\x39\x2d\x33\x30\x2e\
\x35\x38\x32\x20\x36\x37\x2e\x39\x36\x2d\x36\x37\x2e\x39\x36\x20\
\x36\x37\x2e\x39\x36\x7a\x22\x20\x66\x69\x6c\x6c\x3d\x22\x23\x64\
\x36\x38\x30\x36\x62\x22\x2f\x3e\x0a\x20\x20\x20\x20\x20\x20\x3c\
\x63\x69\x72\x63\x6c\x65\x20\x69\x64\x3d\x22\x67\x22\x20\x63\x78\
\x3d\x22\x32\x37\x38\x2e\x35\x22\x20\x63\x79\x3d\x22\x32\x37\x38\
\x2e\x35\x22\x20\x72\x3d\x22\x37\x37\x2e\x31\x30\x36\x22\x20\x66\
\x69\x6c\x6c\x3d\x22\x23\x30\x30\x30\x22\x2f\x3e\x0a\x20\x20\x20\
\x20\x20\x3c\x2f\x67\x3e\x0a\x20\x20\x20\x20\x20\x3c\x67\x20\x69\
\x64\x3d\x22\x68\x22\x20\x74\x72\x61\x6e\x73\x66\x6f\x72\x6d\x3d\
\x22\x6d\x61\x74\x72\x69\x78\x28\x2d\x2e\x33\x38\x32\x38\x33\x20\
\x2e\x30\x30\x30\x33\x36\x35\x33\x39\x20\x2e\x31\x39\x31\x37\x33\
\x20\x2d\x2e\x33\x33\x31\x33\x36\x20\x38\x35\x36\x2e\x39\x33\x20\
\x38\x36\x37\x2e\x33\x37\x29\x22\x20\x73\x74\x72\x6f\x6b\x65\x3d\
\x22\x23\x30\x30\x30\x22\x20\x73\x74\x72\x6f\x6b\x65\x2d\x77\x69\
\x64\x74\x68\x3d\x22\x39\x2e\x38\x33\x38\x32\x22\x3e\x0a\x20\x20\
\x20\x20\x20\x20\x3c\x70\x61\x74\x68\x20\x69\x64\x3d\x22\x69\x22\
\x20\x64\x3d\x22\x6d\x37\x31\x2e\x34\x35\x39\x20\x35\x35\x33\x2e\
\x35\x63\x2d\x33\x37\x2e\x33\x37\x39\x20\x30\x2d\x36\x37\x2e\x39\
\x35\x39\x2d\x33\x30\x2e\x35\x38\x31\x2d\x36\x37\x2e\x39\x35\x39\
\x2d\x36\x37\x2e\x39\x36\x76\x2d\x34\x31\x34\x2e\x30\x38\x63\x30\
\x2d\x33\x37\x2e\x33\x37\x37\x20\x33\x30\x2e\x35\x38\x31\x2d\x36\
\x37\x2e\x39\x35\x39\x20\x36\x37\x2e\x39\x35\x39\x2d\x36\x37\x2e\
\x39\x35\x39\x68\x34\x31\x34\x2e\x30\x38\x63\x33\x37\x2e\x33\x37\
\x38\x20\x30\x20\x36\x37\x2e\x39\x36\x20\x33\x30\x2e\x35\x38\x32\
\x20\x36\x37\x2e\x39\x36\x20\x36\x37\x2e\x39\x35\x39\x76\x34\x31\
\x34\x2e\x30\x38\x63\x30\x20\x33\x37\x2e\x33\x37\x39\x2d\x33\x30\
\x2e\x35\x38\x32\x20\x36\x37\x2e\x39\x36\x2d\x36\x37\x2e\x39\x36\
\x20\x36\x37\x2e\x39\x36\x7a\x22\x20\x66\x69\x6c\x6c\x3d\x22\x23\
\x37\x36\x64\x65\x39\x65\x22\x2f\x3e\x0a\x20\x20\x20\x20\x20\x20\
\x3c\x63\x69\x72\x63\x6c\x65\x20\x69\x64\x3d\x22\x6a\x22\x20\x63\
\x78\x3d\x22\x31\x38\x36\x2e\x34\x31\x22\x20\x63\x79\x3d\x22\x33\
\x38\x33\x2e\x36\x38\x22\x20\x72\x3d\x22\x37\x37\x2e\x31\x30\x36\
\x22\x20\x66\x69\x6c\x6c\x3d\x22\x23\x30\x30\x30\x22\x2f\x3e\x0a\
\x20\x20\x20\x20\x20\x20\x3c\x63\x69\x72\x63\x6c\x65\x20\x69\x64\
\x3d\x22\x6b\x22\x20\x63\x78\x3d\x22\x33\x37\x30\x2e\x35\x39\x22\
\x20\x63\x79\x3d\x22\x31\x37\x33\x2e\x33\x32\x22\x20\x72\x3d\x22\
\x37\x37\x2e\x31\x30\x35\x22\x20\x66\x69\x6c\x6c\x3d\x22\x23\x30\
\x30\x30\x22\x2f\x3e\x0a\x20\x20\x20\x20\x20\x3c\x2f\x67\x3e\x0a\
\x20\x20\x20\x20\x20\x3c\x67\x20\x69\x64\x3d\x22\x6c\x22\x20\x74\
\x72\x61\x6e\x73\x66\x6f\x72\x6d\x3d\x22\x6d\x61\x74\x72\x69\x78\
\x28\x2e\x31\x39\x31\x37\x33\x20\x2e\x33\x33\x31\x33\x36\x20\x2d\
\x2e\x33\x38\x32\x38\x33\x20\x2d\x2e\x30\x30\x30\x33\x36\x35\x33\
\x39\x20\x38\x35\x32\x2e\x37\x33\x20\x35\x30\x30\x2e\x34\x33\x29\
\x22\x20\x73\x74\x72\x6f\x6b\x65\x3d\x22\x23\x30\x30\x30\x22\x20\
\x73\x74\x72\x6f\x6b\x65\x2d\x77\x69\x64\x74\x68\x3d\x22\x39\x2e\
\x38\x33\x38\x32\x22\x3e\x0a\x20\x20\x20\x20\x20\x20\x3c\x70\x61\
\x74\x68\x20\x69\x64\x3d\x22\x6d\x22\x20\x64\x3d\x22\x6d\x37\x31\
\x2e\x34\x35\x39\x20\x35\x35\x33\x2e\x35\x63\x2d\x33\x37\x2e\x33\
\x37\x39\x20\x30\x2d\x36\x37\x2e\x39\x35\x39\x2d\x33\x30\x2e\x35\
\x38\x31\x2d\x36\x37\x2e\x39\x35\x39\x2d\x36\x37\x2e\x39\x36\x76\
\x2d\x34\x31\x34\x2e\x30\x38\x63\x30\x2d\x33\x37\x2e\x33\x37\x37\
\x20\x33\x30\x2e\x35\x38\x31\x2d\x36\x37\x2e\x39\x35\x39\x20\x36\
\x37\x2e\x39\x35\x39\x2d\x36\x37\x2e\x39\x35\x39\x68\x34\x31\x34\
\x2e\x30\x38\x63\x33\x37\x2e\x33\x37\x38\x20\x30\x20\x36\x37\x2e\
\x39\x36\x20\x33\x30\x2e\x35\x38\x32\x20\x36\x37\x2e\x39\x36\x20\
\x36\x37\x2e\x39\x35\x39\x76\x34\x31\x34\x2e\x30\x38\x63\x30\x20\
\x33\x37\x2e\x33\x37\x39\x2d\x33\x30\x2e\x35\x38\x32\x20\x36\x37\
\x2e\x39\x36\x2d\x36\x37\x2e\x39\x36\x20\x36\x37\x2e\x39\x36\x7a\
\x22\x20\x66\x69\x6c\x6c\x3d\x22\x23\x38\x62\x62\x31\x66\x34\x22\
\x2f\x3e\x0a\x20\x20\x20\x20\x20\x20\x3c\x63\x69\x72\x63\x6c\x65\
\x20\x69\x64\x3d\x22\x6e\x22\x20\x63\x78\x3d\x22\x31\x31\x37\x2e\
\x30\x33\x22\x20\x63\x79\x3d\x22\x34\x33\x39\x2e\x39\x37\x22\x20\
\x72\x3d\x22\x37\x37\x2e\x31\x30\x36\x22\x20\x66\x69\x6c\x6c\x3d\
\x22\x23\x30\x30\x30\x22\x2f\x3e\x0a\x20\x20\x20\x20\x20\x20\x3c\
\x63\x69\x72\x63\x6c\x65\x20\x69\x64\x3d\x22\x6f\x22\x20\x63\x78\
\x3d\x22\x34\x33\x39\x2e\x39\x37\x22\x20\x63\x79\x3d\x22\x31\x31\
\x37\x2e\x30\x33\x22\x20\x72\x3d\x22\x37\x37\x2e\x31\x30\x35\x22\
\x20\x66\x69\x6c\x6c\x3d\x22\x23\x30\x30\x30\x22\x2f\x3e\x0a\x20\
\x20\x20\x20\x20\x20\x3c\x63\x69\x72\x63\x6c\x65\x20\x69\x64\x3d\
\x22\x70\x22\x20\x63\x78\x3d\x22\x32\x37\x38\x2e\x35\x22\x20\x63\
\x79\x3d\x22\x32\x37\x38\x2e\x35\x22\x20\x72\x3d\x22\x37\x37\x2e\
\x31\x30\x36\x22\x20\x66\x69\x6c\x6c\x3d\x22\x23\x30\x30\x30\x22\
\x2f\x3e\x0a\x20\x20\x20\x20\x20\x3c\x2f\x67\x3e\x0a\x20\x20\x20\
\x20\x3c\x2f\x67\x3e\x0a\x20\x20\x20\x3c\x2f\x67\x3e\x0a\x20\x20\
\x3c\x2f\x67\x3e\x0a\x20\x3c\x2f\x67\x3e\x0a\x3c\x2f\x73\x76\x67\
\x3e\x0a\
\x00\x00\x04\xd9\
\x00\
\x00\x2c\x93\x78\x9c\xed\x9a\xdd\x52\xab\x3a\x14\x80\xef\xf7\x53\
\x64\x38\x37\x7a\x41\x9a\x90\x04\x92\x3d\x76\xcf\x9c\x33\xe3\x83\
\xa4\x88\x2d\x4a\x4b\x05\xb4\xea\xd3\x9f\x15\xa0\x4a\x76\x83\x45\
\x6d\xcf\x3e\x74\x3a\xe3\x34\x05\x56\x43\x7e\xbe\x26\xeb\x2b\x5e\
\x95\x4f\x73\xf4\xbc\xcc\x56\xe5\xd4\x5b\x54\xd5\xfa\xe7\x64\xb2\
\xd9\x6c\xf0\x86\xe1\xbc\x98\x4f\x02\x42\xc8\x04\x22\x3c\xb4\x49\
\x6f\xaa\xc5\xd4\x0b\xb8\x87\x16\x49\x3a\x5f\x54\xcd\xfb\xa7\xa4\
\x28\xd3\x7c\x35\xf5\x28\xa6\x70\x94\x26\x9b\x7f\xf2\xe7\xa9\x47\
\x10\x41\x01\x87\x3f\xef\xd7\x0f\x84\xae\xe6\xa8\x2a\xf4\xaa\xbc\
\xcd\x8b\xe5\xd4\xab\xdf\x66\xba\x4a\x2e\x7c\x72\x89\xca\x58\x67\
\xc9\x05\x26\x3c\x94\x91\xb8\xf4\xd0\x6d\x9a\x65\x53\xef\xaf\xeb\
\xf0\x5a\x5e\xff\xed\xa1\xb2\x2a\xf2\xfb\xc4\xcf\xd2\x55\x12\xeb\
\xf5\xd4\x2b\x1f\x1e\x75\x91\x58\xe7\xef\xf2\x14\xee\x3f\x4b\x9e\
\x92\xec\xed\xfc\x32\xad\x92\x22\x4b\xa1\x80\xb6\xd4\x6d\xa8\x5b\
\x91\xde\x4c\x3d\xed\x75\x1b\xb3\xd4\x55\x91\x3e\x5f\x40\xeb\x91\
\x69\xb3\x29\x7d\x8e\x85\xe2\x02\xf9\x54\xe1\x80\x86\x97\xed\xc7\
\xa1\x82\xb5\xae\x16\x75\x1d\x33\x0f\xc1\xeb\x32\x12\x58\xf0\x10\
\x51\x15\x60\x1a\xea\x40\xe1\x90\x50\xd4\x16\x75\x6d\xbe\x7d\xae\
\x3f\xc2\x1d\x58\x47\xa0\xa1\x11\x6d\xf1\xea\xa1\x38\xcf\xf2\x62\
\x77\x10\xdb\x29\x14\x1e\x9a\xec\x76\x29\x6e\xba\xc4\x05\x36\x7d\
\xa7\x21\xc1\x24\x8c\x7d\x1a\xe1\x50\x29\x44\x7c\x06\x5d\x24\x01\
\xa2\x1c\x73\x12\x6c\x8f\x9a\xc2\xa7\x89\x0f\x83\xd0\x44\x36\x01\
\xf5\x15\xd4\x89\xda\x5e\x26\x6f\x9f\x81\xb8\xed\xfb\x26\xc0\x54\
\xd2\xde\xcf\xb7\x6e\x63\x17\xaf\x4b\x82\x44\x0c\x01\x4a\x45\x06\
\xb2\xa8\x69\x97\xb9\x26\xb6\x47\xdb\x93\x75\xbb\xea\x48\xbf\x13\
\xe0\x77\xa2\xfc\x6d\x45\xed\xc9\x26\x8e\x6d\x8f\x9a\x90\xa6\x65\
\x4d\x60\x53\x8f\x6f\xdd\xa8\x3d\x72\x0c\x7c\x3b\xce\x57\x93\xb9\
\x85\xe0\xcd\x5e\x04\xe1\x36\x4a\x28\xe4\x07\x14\xcb\x40\xb9\x10\
\x4c\x9a\xf9\xa2\x42\x61\xaa\x50\x40\x25\x0e\xd4\xc8\x11\xbc\x6d\
\xbb\x04\x95\x40\xdf\xa9\x0c\xa1\x67\xc3\x10\x2c\x3b\xd8\xf5\x14\
\xbe\x15\xe2\x5b\x27\xbf\x0b\x1a\x71\x50\xf6\x86\xc5\xf6\xc8\x49\
\x9a\xf0\xad\xd8\xf2\x20\x78\xcd\xf7\xe2\x05\x58\x31\x58\x9e\xfd\
\x00\xba\xcf\x99\x0b\xaf\x45\x33\x17\x01\x0f\xb0\x34\xeb\x38\x04\
\xb2\x91\xe3\x95\xb6\x5d\xa2\x0c\x9b\xad\x09\x86\x9a\xb1\x03\xe1\
\xd5\x85\xab\x8b\x56\x97\xa8\x7e\xac\xba\x50\xb9\x91\x62\x5d\x14\
\x3e\x03\x14\x5c\x3d\xe4\xc2\x75\xb7\x9f\x2c\x98\x21\x29\x91\xa9\
\x99\x88\xc8\x45\xd6\x7d\x33\x0d\x2c\x08\x31\x87\x85\x2b\x22\x58\
\x8c\x7d\xef\xcc\x5a\xb2\x54\x88\xa1\xef\x01\x93\x98\xf7\xec\x9d\
\x5d\xae\xcc\xed\x77\x36\xcd\x9d\xc2\xda\x38\x1d\x9c\x99\x5d\x4e\
\x58\x1b\xe7\x3b\x6d\xf5\x4b\x2f\x70\xec\x1d\xb8\xa6\x92\xe3\x11\
\xd7\xad\x6c\x38\x6d\xcb\xbd\xb4\xc1\x48\x13\xc1\x1a\xea\x9c\xb0\
\xad\xda\xac\x86\x12\x4c\xa1\x4b\x30\x41\xd1\xc8\x59\xcb\xdb\xaf\
\x8f\x84\xef\x0d\xf4\x28\xe4\x78\x60\x9a\x36\x08\xb7\xb2\x87\xb2\
\x98\xec\x10\x76\xa4\x65\xad\xfc\x08\xae\xf8\xb0\xcb\xd9\x7a\xbf\
\x0a\xc0\x22\x45\x61\x39\x83\x4e\x06\x92\xbb\x08\x7b\x68\x09\x53\
\x0c\x47\x12\x86\xcc\xec\x97\x23\x47\xac\x68\xbb\x04\x6c\x41\xdf\
\x03\x45\x70\xc4\x7f\x63\xac\x4b\x98\x93\xaf\x77\x03\xa8\x5f\xca\
\x9e\xb4\xdf\xe6\xea\x38\x99\x58\x7f\xbe\xdf\xcd\xf6\x1b\x06\x6d\
\xbe\x98\xf5\xd1\xcf\xd2\x55\xba\xe8\xc2\xb2\x99\x29\x53\x4a\x1c\
\xc1\x8a\x84\x14\x56\x50\xaf\x8b\xad\xca\xd2\x4c\x01\x4d\x12\x63\
\xcf\xf1\x1f\x2d\xcd\x0c\xc0\x32\xc5\x17\x72\xfc\xee\xa2\x15\xef\
\x53\xcb\xf2\x8f\xb0\xe5\x74\xc9\x03\xa7\x63\x4f\xfb\x08\x83\xfc\
\x3e\x0c\xea\xe1\x94\x91\xf3\x87\x8c\x8d\x65\x91\x91\x91\xc8\xb1\
\xa7\xf9\xcf\x96\x45\x72\x23\x91\xf4\x8d\x30\x56\xbb\xfc\x17\x7e\
\xcc\x70\x6e\x94\x47\xb5\xca\xf2\x23\x9b\x8c\xff\x43\x9d\x7c\xd9\
\x47\x19\x87\x54\x84\x42\xfa\xa8\x60\xeb\x73\xae\x63\xaf\x96\x4c\
\x52\x72\x02\x32\xa9\xb5\x65\x93\xd1\x70\x99\x1c\x49\x1e\xf6\x27\
\xf4\x52\xcf\xf6\xa1\x26\x20\x1f\x23\xd2\xac\x6b\x92\x38\x13\x7e\
\x1d\x5b\x7a\x49\xd9\x09\xe8\xa5\xbe\xb1\xfc\x52\x19\xbd\x14\xf1\
\x1b\x08\xbf\x2f\x69\x67\xc7\xfc\x84\x63\xea\x64\x1f\x72\xe6\xab\
\xdd\xcc\x60\x14\x39\x0d\x40\xdf\x5a\x92\x49\xc5\xf8\x25\x53\xcf\
\x2d\xcb\xa4\xc1\xd9\x32\xbf\xb1\xaa\x2d\xf6\x8a\x80\x84\x24\x05\
\x72\x56\x8e\x23\xe6\xfc\xb1\x5f\xa7\x96\x65\x52\x79\x02\x96\xa9\
\xef\x2c\xcd\xa4\xe2\xac\x99\x5f\xd2\x4c\x7d\x3f\xd0\x33\x43\x86\
\x29\x75\xd2\x95\x59\x9e\xc9\xcc\x70\x8c\x7e\xcf\x5c\x5a\xa2\xc9\
\xc8\xf9\x79\xe6\xf1\x9e\x67\xea\xd5\x40\x11\x0d\x25\x26\x6e\x11\
\xd5\xb9\x65\xa2\x4c\x9c\xc0\xf3\x4c\xbd\xb6\x54\xd4\xa4\xa4\x43\
\x1f\x68\x0e\xdf\x46\x7b\x1c\x34\xf6\x77\x72\xb6\xff\xd1\x73\xce\
\x6d\x42\x79\x48\x06\x1f\x06\x6a\x6a\xc4\x30\x71\x6b\xaa\x2e\x2c\
\x4f\x65\xf2\x14\x3c\xb5\xb4\x3c\x95\x89\xf3\x53\xcf\xcf\xa3\x55\
\x0d\xd4\xd2\x08\x96\xb7\x1e\x2d\x7d\xb4\xb4\xd4\xa8\xc2\xf8\xb5\
\xf4\xc9\xd2\x52\x16\x9d\x1f\x7b\x1e\x46\x49\x37\x03\x95\x14\x2c\
\x40\xf5\x28\xe9\xb3\xa5\xa4\x9c\x9d\x80\x92\xbe\x58\x4a\xca\xc9\
\x59\x49\xbf\xb1\xa2\xbd\x0e\x54\x52\x19\x61\xe5\x56\xd2\x99\xb6\
\x94\x94\x87\x63\x53\xd2\xb2\x7a\xc9\x92\xa9\xe7\xa7\xab\xfb\x32\
\xd6\xeb\xc4\x6f\x22\x7e\xae\xf2\x55\xe2\x24\x70\x36\xb3\x84\x95\
\xb3\xb3\xb0\x7e\x2c\xac\x83\x46\xb8\x45\xb3\x2e\xae\xcc\xbf\x1a\
\xff\xfa\xf1\x2f\xfb\x87\x7f\x0d\
"

qt_resource_name = b"\
\x00\x05\
\x00\x6f\xa6\x53\
\x00\x69\
\x00\x63\x00\x6f\x00\x6e\x00\x73\
\x00\x09\
\x03\x69\xec\xb3\
\x00\x63\
\x00\x6f\x00\x6c\x00\x6f\x00\x72\x00\x6d\x00\x61\x00\x70\x00\x73\
\x00\x07\
\x07\x3b\xe0\xb3\
\x00\x70\
\x00\x6c\x00\x75\x00\x67\x00\x69\x00\x6e\x00\x73\
\x00\x0e\
\x04\x43\xd3\x42\
\x00\x69\
\x00\x6e\x00\x73\x00\x61\x00\x72\x00\x2d\x00\x65\x00\x78\x00\x70\x00\x6c\x00\x6f\x00\x72\x00\x65\x00\x72\
\x00\x08\
\x0a\x61\x5a\xa7\
\x00\x69\
\x00\x63\x00\x6f\x00\x6e\x00\x2e\x00\x70\x00\x6e\x00\x67\
\x00\x08\
\x06\x34\x58\x67\
\x00\x72\
\x00\x6f\x00\x6d\x00\x61\x00\x2e\x00\x70\x00\x6e\x00\x67\
\x00\x08\
\x08\x8c\x5a\x87\
\x00\x67\
\x00\x72\x00\x61\x00\x79\x00\x2e\x00\x70\x00\x6e\x00\x67\
\x00\x09\
\x08\x92\xa0\xc7\
\x00\x74\
\x00\x75\x00\x72\x00\x62\x00\x6f\x00\x2e\x00\x70\x00\x6e\x00\x67\
\x00\x07\
\x0c\xfe\x57\xa7\
\x00\x76\
\x00\x69\x00\x6b\x00\x2e\x00\x70\x00\x6e\x00\x67\
\x00\x04\
\x00\x06\xa8\x8b\
\x00\x64\
\x00\x61\x00\x72\x00\x6b\
\x00\x05\
\x00\x72\xfd\xf4\
\x00\x6c\
\x00\x69\x00\x67\x00\x68\x00\x74\
\x00\x15\
\x00\x1e\xcc\x47\
\x00\x66\
\x00\x69\x00\x74\x00\x5f\x00\x5f\x00\x61\x00\x64\x00\x64\x00\x5f\x00\x73\x00\x65\x00\x61\x00\x73\x00\x6f\x00\x6e\x00\x61\x00\x6c\
\x00\x2e\x00\x73\x00\x76\x00\x67\
\x00\x05\
\x00\x7b\x5a\xc7\
\x00\x78\
\x00\x2e\x00\x73\x00\x76\x00\x67\
\x00\x1b\
\x00\x97\xd8\xe7\
\x00\x73\
\x00\x65\x00\x6c\x00\x65\x00\x63\x00\x74\x00\x5f\x00\x73\x00\x65\x00\x6c\x00\x65\x00\x63\x00\x74\x00\x5f\x00\x72\x00\x65\x00\x66\
\x00\x65\x00\x72\x00\x65\x00\x6e\x00\x63\x00\x65\x00\x2e\x00\x73\x00\x76\x00\x67\
\x00\x10\
\x00\x9d\xd1\x07\
\x00\x72\
\x00\x65\x00\x73\x00\x65\x00\x74\x00\x5f\x00\x6f\x00\x66\x00\x66\x00\x73\x00\x65\x00\x74\x00\x2e\x00\x73\x00\x76\x00\x67\
\x00\x0b\
\x00\xbd\xcd\xa7\
\x00\x73\
\x00\x65\x00\x74\x00\x74\x00\x69\x00\x6e\x00\x67\x00\x2e\x00\x73\x00\x76\x00\x67\
\x00\x13\
\x01\xb3\x80\x47\
\x00\x61\
\x00\x70\x00\x70\x00\x6c\x00\x79\x00\x5f\x00\x73\x00\x79\x00\x6d\x00\x62\x00\x6f\x00\x6c\x00\x6f\x00\x67\x00\x79\x00\x2e\x00\x73\
\x00\x76\x00\x67\
\x00\x12\
\x02\xbc\x03\x87\
\x00\x62\
\x00\x6f\x00\x6f\x00\x6b\x00\x6d\x00\x61\x00\x72\x00\x6b\x00\x5f\x00\x72\x00\x65\x00\x73\x00\x65\x00\x74\x00\x2e\x00\x73\x00\x76\
\x00\x67\
\x00\x0b\
\x03\x84\x4e\x07\
\x00\x66\
\x00\x69\x00\x74\x00\x5f\x00\x6c\x00\x6f\x00\x67\x00\x2e\x00\x73\x00\x76\x00\x67\
\x00\x0d\
\x03\xd4\xee\xe7\
\x00\x66\
\x00\x69\x00\x74\x00\x5f\x00\x63\x00\x75\x00\x72\x00\x76\x00\x65\x00\x2e\x00\x73\x00\x76\x00\x67\
\x00\x0c\
\x04\x66\x65\xa7\
\x00\x72\
\x00\x65\x00\x73\x00\x69\x00\x64\x00\x75\x00\x61\x00\x6c\x00\x2e\x00\x73\x00\x76\x00\x67\
\x00\x15\
\x04\xdf\x15\x27\
\x00\x70\
\x00\x6f\x00\x6c\x00\x79\x00\x67\x00\x6f\x00\x6e\x00\x5f\x00\x73\x00\x65\x00\x6c\x00\x65\x00\x63\x00\x74\x00\x69\x00\x6f\x00\x6e\
\x00\x2e\x00\x73\x00\x76\x00\x67\
\x00\x13\
\x05\x9f\x21\x27\
\x00\x66\
\x00\x69\x00\x74\x00\x5f\x00\x65\x00\x78\x00\x70\x00\x6f\x00\x6e\x00\x65\x00\x6e\x00\x74\x00\x69\x00\x61\x00\x6c\x00\x2e\x00\x73\
\x00\x76\x00\x67\
\x00\x0c\
\x05\xa2\x9e\xa7\
\x00\x62\
\x00\x6f\x00\x6f\x00\x6b\x00\x6d\x00\x61\x00\x72\x00\x6b\x00\x2e\x00\x73\x00\x76\x00\x67\
\x00\x14\
\x05\xbc\x2b\x47\
\x00\x79\
\x00\x5f\x00\x61\x00\x78\x00\x69\x00\x73\x00\x5f\x00\x66\x00\x72\x00\x6f\x00\x6d\x00\x5f\x00\x64\x00\x61\x00\x74\x00\x61\x00\x2e\
\x00\x73\x00\x76\x00\x67\
\x00\x14\
\x05\xbc\x2b\xc7\
\x00\x78\
\x00\x5f\x00\x61\x00\x78\x00\x69\x00\x73\x00\x5f\x00\x66\x00\x72\x00\x6f\x00\x6d\x00\x5f\x00\x64\x00\x61\x00\x74\x00\x61\x00\x2e\
\x00\x73\x00\x76\x00\x67\
\x00\x1b\
\x05\xdd\x01\x67\
\x00\x73\
\x00\x79\x00\x6e\x00\x63\x00\x5f\x00\x6d\x00\x61\x00\x70\x00\x5f\x00\x77\x00\x69\x00\x74\x00\x68\x00\x5f\x00\x72\x00\x65\x00\x66\
\x00\x65\x00\x72\x00\x65\x00\x6e\x00\x63\x00\x65\x00\x2e\x00\x73\x00\x76\x00\x67\
\x00\x08\
\x06\x60\x4a\xe7\
\x00\x7a\
\x00\x6f\x00\x6f\x00\x6d\x00\x2e\x00\x73\x00\x76\x00\x67\
\x00\x0a\
\x06\x9a\xc4\x27\
\x00\x65\
\x00\x78\x00\x70\x00\x6f\x00\x72\x00\x74\x00\x2e\x00\x73\x00\x76\x00\x67\
\x00\x10\
\x06\xf9\x08\x67\
\x00\x63\
\x00\x6f\x00\x70\x00\x79\x00\x5f\x00\x63\x00\x6f\x00\x6e\x00\x74\x00\x65\x00\x6e\x00\x74\x00\x2e\x00\x73\x00\x76\x00\x67\
\x00\x1f\
\x07\x4c\x48\x87\
\x00\x70\
\x00\x6f\x00\x6c\x00\x79\x00\x67\x00\x6f\x00\x6e\x00\x5f\x00\x72\x00\x65\x00\x66\x00\x65\x00\x72\x00\x65\x00\x6e\x00\x63\x00\x65\
\x00\x5f\x00\x73\x00\x65\x00\x6c\x00\x65\x00\x63\x00\x74\x00\x69\x00\x6f\x00\x6e\x00\x2e\x00\x73\x00\x76\x00\x67\
\x00\x1a\
\x07\x97\xb8\x67\
\x00\x73\
\x00\x65\x00\x6c\x00\x65\x00\x63\x00\x74\x00\x5f\x00\x72\x00\x65\x00\x73\x00\x65\x00\x74\x00\x5f\x00\x72\x00\x65\x00\x66\x00\x65\
\x00\x72\x00\x65\x00\x6e\x00\x63\x00\x65\x00\x2e\x00\x73\x00\x76\x00\x67\
\x00\x11\
\x08\x03\xf5\x47\
\x00\x70\
\x00\x6c\x00\x6f\x00\x74\x00\x5f\x00\x73\x00\x65\x00\x74\x00\x74\x00\x69\x00\x6e\x00\x67\x00\x73\x00\x2e\x00\x73\x00\x76\x00\x67\
\
\x00\x0a\
\x08\x3b\x42\x47\
\x00\x72\
\x00\x65\x00\x6e\x00\x61\x00\x6d\x00\x65\x00\x2e\x00\x73\x00\x76\x00\x67\
\x00\x09\
\x08\xbf\xbe\x27\
\x00\x6c\
\x00\x61\x00\x62\x00\x65\x00\x6c\x00\x2e\x00\x73\x00\x76\x00\x67\
\x00\x0b\
\x09\x69\xc3\x47\
\x00\x72\
\x00\x65\x00\x76\x00\x65\x00\x72\x00\x73\x00\x65\x00\x2e\x00\x73\x00\x76\x00\x67\
\x00\x0c\
\x09\xb2\xdc\x67\
\x00\x69\
\x00\x74\x00\x65\x00\x6d\x00\x5f\x00\x61\x00\x64\x00\x64\x00\x2e\x00\x73\x00\x76\x00\x67\
\x00\x0d\
\x09\xd1\x95\xa7\
\x00\x66\
\x00\x69\x00\x74\x00\x5f\x00\x70\x00\x6f\x00\x6c\x00\x79\x00\x32\x00\x2e\x00\x73\x00\x76\x00\x67\
\x00\x0d\
\x09\xd2\x95\xa7\
\x00\x66\
\x00\x69\x00\x74\x00\x5f\x00\x70\x00\x6f\x00\x6c\x00\x79\x00\x33\x00\x2e\x00\x73\x00\x76\x00\x67\
\x00\x0d\
\x09\xd8\x95\xa7\
\x00\x66\
\x00\x69\x00\x74\x00\x5f\x00\x70\x00\x6f\x00\x6c\x00\x79\x00\x31\x00\x2e\x00\x73\x00\x76\x00\x67\
\x00\x0e\
\x0a\x70\xcf\x87\
\x00\x73\
\x00\x63\x00\x72\x00\x65\x00\x65\x00\x6e\x00\x73\x00\x68\x00\x6f\x00\x74\x00\x2e\x00\x73\x00\x76\x00\x67\
\x00\x10\
\x0b\x05\xe4\xc7\
\x00\x73\
\x00\x65\x00\x6c\x00\x65\x00\x63\x00\x74\x00\x5f\x00\x70\x00\x6f\x00\x69\x00\x6e\x00\x74\x00\x2e\x00\x73\x00\x76\x00\x67\
\x00\x08\
\x0b\x07\x57\xa7\
\x00\x65\
\x00\x64\x00\x69\x00\x74\x00\x2e\x00\x73\x00\x76\x00\x67\
\x00\x11\
\x0b\x8a\x60\x47\
\x00\x79\
\x00\x5f\x00\x61\x00\x78\x00\x69\x00\x73\x00\x5f\x00\x63\x00\x75\x00\x73\x00\x74\x00\x6f\x00\x6d\x00\x2e\x00\x73\x00\x76\x00\x67\
\
\x00\x11\
\x0b\x8e\x60\x47\
\x00\x78\
\x00\x5f\x00\x61\x00\x78\x00\x69\x00\x73\x00\x5f\x00\x63\x00\x75\x00\x73\x00\x74\x00\x6f\x00\x6d\x00\x2e\x00\x73\x00\x76\x00\x67\
\
\x00\x11\
\x0b\xa6\x49\xa7\
\x00\x79\
\x00\x5f\x00\x61\x00\x78\x00\x69\x00\x73\x00\x5f\x00\x6d\x00\x61\x00\x6e\x00\x75\x00\x61\x00\x6c\x00\x2e\x00\x73\x00\x76\x00\x67\
\
\x00\x11\
\x0b\xaa\x49\xa7\
\x00\x78\
\x00\x5f\x00\x61\x00\x78\x00\x69\x00\x73\x00\x5f\x00\x6d\x00\x61\x00\x6e\x00\x75\x00\x61\x00\x6c\x00\x2e\x00\x73\x00\x76\x00\x67\
\
\x00\x11\
\x0c\x32\xef\x07\
\x00\x62\
\x00\x6f\x00\x6f\x00\x6b\x00\x6d\x00\x61\x00\x72\x00\x6b\x00\x5f\x00\x73\x00\x74\x00\x61\x00\x72\x00\x2e\x00\x73\x00\x76\x00\x67\
\
\x00\x0a\
\x0c\x98\x43\x47\
\x00\x72\
\x00\x65\x00\x76\x00\x65\x00\x72\x00\x74\x00\x2e\x00\x73\x00\x76\x00\x67\
\x00\x0a\
\x0c\x9c\x0b\x27\
\x00\x6c\
\x00\x61\x00\x79\x00\x65\x00\x72\x00\x73\x00\x2e\x00\x73\x00\x76\x00\x67\
\x00\x0a\
\x0c\xad\x02\x87\
\x00\x64\
\x00\x65\x00\x6c\x00\x65\x00\x74\x00\x65\x00\x2e\x00\x73\x00\x76\x00\x67\
\x00\x14\
\x0c\xca\x39\xa7\
\x00\x79\
\x00\x5f\x00\x61\x00\x78\x00\x69\x00\x73\x00\x5f\x00\x73\x00\x79\x00\x6d\x00\x6d\x00\x65\x00\x74\x00\x72\x00\x69\x00\x63\x00\x2e\
\x00\x73\x00\x76\x00\x67\
\x00\x0d\
\x0c\xe7\x89\xc7\
\x00\x63\
\x00\x6c\x00\x69\x00\x70\x00\x62\x00\x6f\x00\x61\x00\x72\x00\x64\x00\x2e\x00\x73\x00\x76\x00\x67\
\x00\x10\
\x0d\xac\x21\x87\
\x00\x62\
\x00\x6f\x00\x6f\x00\x6b\x00\x6d\x00\x61\x00\x72\x00\x6b\x00\x5f\x00\x73\x00\x65\x00\x74\x00\x2e\x00\x73\x00\x76\x00\x67\
\x00\x10\
\x0e\x2d\x62\xe7\
\x00\x69\
\x00\x74\x00\x65\x00\x6d\x00\x5f\x00\x64\x00\x69\x00\x73\x00\x63\x00\x61\x00\x72\x00\x64\x00\x2e\x00\x73\x00\x76\x00\x67\
\x00\x15\
\x0f\x3a\x46\x87\
\x00\x70\
\x00\x6c\x00\x6f\x00\x74\x00\x5f\x00\x72\x00\x61\x00\x6e\x00\x64\x00\x6f\x00\x6d\x00\x5f\x00\x63\x00\x6f\x00\x6c\x00\x6f\x00\x72\
\x00\x2e\x00\x73\x00\x76\x00\x67\
\x00\x0b\
\x0f\x65\xd4\x87\
\x00\x72\
\x00\x65\x00\x70\x00\x6c\x00\x69\x00\x63\x00\x61\x00\x2e\x00\x73\x00\x76\x00\x67\
"

qt_resource_struct_v1 = b"\
\x00\x00\x00\x00\x00\x02\x00\x00\x00\x03\x00\x00\x00\x01\
\x00\x00\x00\x00\x00\x02\x00\x00\x00\x02\x00\x00\x00\x0c\
\x00\x00\x00\x10\x00\x02\x00\x00\x00\x01\x00\x00\x00\x06\
\x00\x00\x00\x28\x00\x02\x00\x00\x00\x01\x00\x00\x00\x04\
\x00\x00\x00\x3c\x00\x02\x00\x00\x00\x01\x00\x00\x00\x05\
\x00\x00\x00\x5e\x00\x00\x00\x00\x00\x01\x00\x00\x00\x00\
\x00\x00\x00\x00\x00\x02\x00\x00\x00\x01\x00\x00\x00\x07\
\x00\x00\x00\x10\x00\x02\x00\x00\x00\x04\x00\x00\x00\x08\
\x00\x00\x00\x74\x00\x00\x00\x00\x00\x01\x00\x00\x61\x83\
\x00\x00\x00\x8a\x00\x00\x00\x00\x00\x01\x00\x00\x72\xe6\
\x00\x00\x00\xa0\x00\x00\x00\x00\x00\x01\x00\x00\x8e\x26\
\x00\x00\x00\xb8\x00\x00\x00\x00\x00\x01\x00\x00\xa0\xe4\
\x00\x00\x00\xcc\x00\x02\x00\x00\x00\x2e\x00\x00\x00\x3c\
\x00\x00\x00\xda\x00\x02\x00\x00\x00\x2e\x00\x00\x00\x0e\
\x00\x00\x00\xea\x00\x00\x00\x00\x00\x01\x00\x00\xb2\x40\
\x00\x00\x01\x1a\x00\x00\x00\x00\x00\x01\x00\x00\xb7\x57\
\x00\x00\x01\x2a\x00\x00\x00\x00\x00\x01\x00\x00\xb9\xeb\
\x00\x00\x01\x66\x00\x00\x00\x00\x00\x01\x00\x00\xbf\x9d\
\x00\x00\x01\x8c\x00\x00\x00\x00\x00\x01\x00\x00\xc6\x4a\
\x00\x00\x01\xa8\x00\x01\x00\x00\x00\x01\x00\x00\xcd\x00\
\x00\x00\x01\xd4\x00\x00\x00\x00\x00\x01\x00\x00\xd4\xa4\
\x00\x00\x01\xfe\x00\x00\x00\x00\x00\x01\x00\x00\xd7\x86\
\x00\x00\x02\x1a\x00\x00\x00\x00\x00\x01\x00\x00\xd8\xbf\
\x00\x00\x02\x3a\x00\x00\x00\x00\x00\x01\x00\x00\xdb\x83\
\x00\x00\x02\x58\x00\x00\x00\x00\x00\x01\x00\x00\xdd\xee\
\x00\x00\x02\x88\x00\x00\x00\x00\x00\x01\x00\x00\xdf\xce\
\x00\x00\x02\xb4\x00\x00\x00\x00\x00\x01\x00\x00\xe1\x06\
\x00\x00\x02\xd2\x00\x00\x00\x00\x00\x01\x00\x00\xe2\xe5\
\x00\x00\x03\x00\x00\x00\x00\x00\x00\x01\x00\x00\xe5\x85\
\x00\x00\x03\x2e\x00\x01\x00\x00\x00\x01\x00\x00\xe8\x4c\
\x00\x00\x03\x6a\x00\x00\x00\x00\x00\x01\x00\x00\xf1\xde\
\x00\x00\x03\x80\x00\x00\x00\x00\x00\x01\x00\x00\xf6\xa3\
\x00\x00\x03\x9a\x00\x00\x00\x00\x00\x01\x00\x00\xfb\xed\
\x00\x00\x03\xc0\x00\x00\x00\x00\x00\x01\x00\x00\xfe\x14\
\x00\x00\x04\x04\x00\x01\x00\x00\x00\x01\x00\x01\x00\x2c\
\x00\x00\x04\x3e\x00\x01\x00\x00\x00\x01\x00\x01\x04\xe9\
\x00\x00\x04\x66\x00\x00\x00\x00\x00\x01\x00\x01\x0b\xec\
\x00\x00\x04\x80\x00\x00\x00\x00\x00\x01\x00\x01\x11\xa6\
\x00\x00\x04\x98\x00\x00\x00\x00\x00\x01\x00\x01\x16\x3c\
\x00\x00\x04\xb4\x00\x00\x00\x00\x00\x01\x00\x01\x1e\x21\
\x00\x00\x04\xd2\x00\x00\x00\x00\x00\x01\x00\x01\x1f\x64\
\x00\x00\x04\xf2\x00\x00\x00\x00\x00\x01\x00\x01\x22\x57\
\x00\x00\x05\x12\x00\x00\x00\x00\x00\x01\x00\x01\x25\xa6\
\x00\x00\x05\x32\x00\x01\x00\x00\x00\x01\x00\x01\x28\x1b\
\x00\x00\x05\x54\x00\x00\x00\x00\x00\x01\x00\x01\x2b\x7f\
\x00\x00\x05\x7a\x00\x00\x00\x00\x00\x01\x00\x01\x30\x98\
\x00\x00\x05\x90\x00\x00\x00\x00\x00\x01\x00\x01\x33\xd6\
\x00\x00\x05\xb8\x00\x00\x00\x00\x00\x01\x00\x01\x39\xcb\
\x00\x00\x05\xe0\x00\x00\x00\x00\x00\x01\x00\x01\x3f\x47\
\x00\x00\x06\x08\x00\x00\x00\x00\x00\x01\x00\x01\x43\x45\
\x00\x00\x06\x30\x00\x00\x00\x00\x00\x01\x00\x01\x46\xef\
\x00\x00\x06\x58\x00\x00\x00\x00\x00\x01\x00\x01\x49\x44\
\x00\x00\x06\x72\x00\x00\x00\x00\x00\x01\x00\x01\x4d\xd4\
\x00\x00\x06\x8c\x00\x00\x00\x00\x00\x01\x00\x01\x50\x25\
\x00\x00\x06\xa6\x00\x00\x00\x00\x00\x01\x00\x01\x54\xdc\
\x00\x00\x06\xd4\x00\x00\x00\x00\x00\x01\x00\x01\x57\x7a\
\x00\x00\x06\xf4\x00\x00\x00\x00\x00\x01\x00\x01\x5b\xac\
\x00\x00\x07\x1a\x00\x00\x00\x00\x00\x01\x00\x01\x5d\xf7\
\x00\x00\x07\x40\x00\x00\x00\x00\x00\x01\x00\x01\x5f\x81\
\x00\x00\x07\x70\x00\x01\x00\x00\x00\x01\x00\x01\x68\x08\
\x00\x00\x00\xea\x00\x00\x00\x00\x00\x01\x00\x01\x6c\xe1\
\x00\x00\x01\x1a\x00\x00\x00\x00\x00\x01\x00\x01\x71\xf8\
\x00\x00\x01\x2a\x00\x00\x00\x00\x00\x01\x00\x01\x74\x8c\
\x00\x00\x01\x66\x00\x00\x00\x00\x00\x01\x00\x01\x7a\x3e\
\x00\x00\x01\x8c\x00\x00\x00\x00\x00\x01\x00\x01\x80\xeb\
\x00\x00\x01\xa8\x00\x01\x00\x00\x00\x01\x00\x01\x87\xa1\
\x00\x00\x01\xd4\x00\x00\x00\x00\x00\x01\x00\x01\x8f\x45\
\x00\x00\x01\xfe\x00\x00\x00\x00\x00\x01\x00\x01\x92\x27\
\x00\x00\x02\x1a\x00\x00\x00\x00\x00\x01\x00\x01\x93\x60\
\x00\x00\x02\x3a\x00\x00\x00\x00\x00\x01\x00\x01\x96\x24\
\x00\x00\x02\x58\x00\x00\x00\x00\x00\x01\x00\x01\x98\x8f\
\x00\x00\x02\x88\x00\x00\x00\x00\x00\x01\x00\x01\x9a\x6f\
\x00\x00\x02\xb4\x00\x00\x00\x00\x00\x01\x00\x01\x9b\xa7\
\x00\x00\x02\xd2\x00\x00\x00\x00\x00\x01\x00\x01\x9d\x86\
\x00\x00\x03\x00\x00\x00\x00\x00\x00\x01\x00\x01\xa0\x26\
\x00\x00\x03\x2e\x00\x01\x00\x00\x00\x01\x00\x01\xa2\xed\
\x00\x00\x03\x6a\x00\x00\x00\x00\x00\x01\x00\x01\xac\x7f\
\x00\x00\x03\x80\x00\x00\x00\x00\x00\x01\x00\x01\xb1\x44\
\x00\x00\x03\x9a\x00\x00\x00\x00\x00\x01\x00\x01\xb6\x8e\
\x00\x00\x03\xc0\x00\x00\x00\x00\x00\x01\x00\x01\xb8\xb5\
\x00\x00\x04\x04\x00\x01\x00\x00\x00\x01\x00\x01\xba\xcd\
\x00\x00\x04\x3e\x00\x01\x00\x00\x00\x01\x00\x01\xbf\x8c\
\x00\x00\x04\x66\x00\x00\x00\x00\x00\x01\x00\x01\xc6\x8f\
\x00\x00\x04\x80\x00\x00\x00\x00\x00\x01\x00\x01\xcc\x49\
\x00\x00\x04\x98\x00\x00\x00\x00\x00\x01\x00\x01\xd0\xdf\
\x00\x00\x04\xb4\x00\x00\x00\x00\x00\x01\x00\x01\xd8\xc4\
\x00\x00\x04\xd2\x00\x00\x00\x00\x00\x01\x00\x01\xda\x07\
\x00\x00\x04\xf2\x00\x00\x00\x00\x00\x01\x00\x01\xdc\xfa\
\x00\x00\x05\x12\x00\x00\x00\x00\x00\x01\x00\x01\xe0\x49\
\x00\x00\x05\x32\x00\x01\x00\x00\x00\x01\x00\x01\xe2\xbe\
\x00\x00\x05\x54\x00\x00\x00\x00\x00\x01\x00\x01\xe6\x24\
\x00\x00\x05\x7a\x00\x00\x00\x00\x00\x01\x00\x01\xeb\x3d\
\x00\x00\x05\x90\x00\x00\x00\x00\x00\x01\x00\x01\xee\x7b\
\x00\x00\x05\xb8\x00\x00\x00\x00\x00\x01\x00\x01\xf4\x70\
\x00\x00\x05\xe0\x00\x00\x00\x00\x00\x01\x00\x01\xf9\xec\
\x00\x00\x06\x08\x00\x00\x00\x00\x00\x01\x00\x01\xfd\xea\
\x00\x00\x06\x30\x00\x00\x00\x00\x00\x01\x00\x02\x01\x94\
\x00\x00\x06\x58\x00\x00\x00\x00\x00\x01\x00\x02\x03\xe9\
\x00\x00\x06\x72\x00\x00\x00\x00\x00\x01\x00\x02\x08\x79\
\x00\x00\x06\x8c\x00\x00\x00\x00\x00\x01\x00\x02\x0a\xca\
\x00\x00\x06\xa6\x00\x00\x00\x00\x00\x01\x00\x02\x0f\x81\
\x00\x00\x06\xd4\x00\x00\x00\x00\x00\x01\x00\x02\x12\x1f\
\x00\x00\x06\xf4\x00\x00\x00\x00\x00\x01\x00\x02\x16\x51\
\x00\x00\x07\x1a\x00\x00\x00\x00\x00\x01\x00\x02\x18\x9c\
\x00\x00\x07\x40\x00\x00\x00\x00\x00\x01\x00\x02\x1a\x26\
\x00\x00\x07\x70\x00\x01\x00\x00\x00\x01\x00\x02\x22\xad\
"

qt_resource_struct_v2 = b"\
\x00\x00\x00\x00\x00\x02\x00\x00\x00\x03\x00\x00\x00\x01\
\x00\x00\x00\x00\x00\x00\x00\x00\
\x00\x00\x00\x00\x00\x02\x00\x00\x00\x02\x00\x00\x00\x0c\
\x00\x00\x00\x00\x00\x00\x00\x00\
\x00\x00\x00\x10\x00\x02\x00\x00\x00\x01\x00\x00\x00\x06\
\x00\x00\x00\x00\x00\x00\x00\x00\
\x00\x00\x00\x28\x00\x02\x00\x00\x00\x01\x00\x00\x00\x04\
\x00\x00\x00\x00\x00\x00\x00\x00\
\x00\x00\x00\x3c\x00\x02\x00\x00\x00\x01\x00\x00\x00\x05\
\x00\x00\x00\x00\x00\x00\x00\x00\
\x00\x00\x00\x5e\x00\x00\x00\x00\x00\x01\x00\x00\x00\x00\
\x00\x00\x01\x9f\xef\xeb\xd5\x30\
\x00\x00\x00\x00\x00\x02\x00\x00\x00\x01\x00\x00\x00\x07\
\x00\x00\x00\x00\x00\x00\x00\x00\
\x00\x00\x00\x10\x00\x02\x00\x00\x00\x04\x00\x00\x00\x08\
\x00\x00\x00\x00\x00\x00\x00\x00\
\x00\x00\x00\x74\x00\x00\x00\x00\x00\x01\x00\x00\x61\x83\
\x00\x00\x01\xa0\x3d\x0b\x64\xc0\
\x00\x00\x00\x8a\x00\x00\x00\x00\x00\x01\x00\x00\x72\xe6\
\x00\x00\x01\xa0\x3d\x0b\x64\xc0\
\x00\x00\x00\xa0\x00\x00\x00\x00\x00\x01\x00\x00\x8e\x26\
\x00\x00\x01\xa0\x3d\x0b\x64\xc0\
\x00\x00\x00\xb8\x00\x00\x00\x00\x00\x01\x00\x00\xa0\xe4\
\x00\x00\x01\xa0\x3d\x0b\x64\xc0\
\x00\x00\x00\xcc\x00\x02\x00\x00\x00\x2e\x00\x00\x00\x3c\
\x00\x00\x00\x00\x00\x00\x00\x00\
\x00\x00\x00\xda\x00\x02\x00\x00\x00\x2e\x00\x00\x00\x0e\
\x00\x00\x00\x00\x00\x00\x00\x00\
\x00\x00\x00\xea\x00\x00\x00\x00\x00\x01\x00\x00\xb2\x40\
\x00\x00\x01\xa0\x90\x4c\xa3\xd5\
\x00\x00\x01\x1a\x00\x00\x00\x00\x00\x01\x00\x00\xb7\x57\
\x00\x00\x01\xa0\x90\x4c\xa3\xe3\
\x00\x00\x01\x2a\x00\x00\x00\x00\x00\x01\x00\x00\xb9\xeb\
\x00\x00\x01\xa0\x90\x4c\xa3\xe1\
\x00\x00\x01\x66\x00\x00\x00\x00\x00\x01\x00\x00\xbf\x9d\
\x00\x00\x01\xa0\x90\x4c\xa3\xde\
\x00\x00\x01\x8c\x00\x00\x00\x00\x00\x01\x00\x00\xc6\x4a\
\x00\x00\x01\xa0\x90\x4c\xa3\xe2\
\x00\x00\x01\xa8\x00\x01\x00\x00\x00\x01\x00\x00\xcd\x00\
\x00\x00\x01\xa0\x90\x4c\xa3\xd0\
\x00\x00\x01\xd4\x00\x00\x00\x00\x00\x01\x00\x00\xd4\xa4\
\x00\x00\x01\xa0\x90\x4c\xa3\xd1\
\x00\x00\x01\xfe\x00\x00\x00\x00\x00\x01\x00\x00\xd7\x86\
\x00\x00\x01\xa0\x90\x4c\xa3\xd6\
\x00\x00\x02\x1a\x00\x00\x00\x00\x00\x01\x00\x00\xd8\xbf\
\x00\x00\x01\xa0\x90\x4c\xa3\xd5\
\x00\x00\x02\x3a\x00\x00\x00\x00\x00\x01\x00\x00\xdb\x83\
\x00\x00\x01\xa0\x90\x4c\xa3\xde\
\x00\x00\x02\x58\x00\x00\x00\x00\x00\x01\x00\x00\xdd\xee\
\x00\x00\x01\xa0\x90\x4c\xa3\xdc\
\x00\x00\x02\x88\x00\x00\x00\x00\x00\x01\x00\x00\xdf\xce\
\x00\x00\x01\xa0\x90\x4c\xa3\xd6\
\x00\x00\x02\xb4\x00\x00\x00\x00\x00\x01\x00\x00\xe1\x06\
\x00\x00\x01\xa0\x90\x4c\xa3\xd0\
\x00\x00\x02\xd2\x00\x00\x00\x00\x00\x01\x00\x00\xe2\xe5\
\x00\x00\x01\xa0\x90\x4c\xa3\xe6\
\x00\x00\x03\x00\x00\x00\x00\x00\x00\x01\x00\x00\xe5\x85\
\x00\x00\x01\xa0\x90\x4c\xa3\xe4\
\x00\x00\x03\x2e\x00\x01\x00\x00\x00\x01\x00\x00\xe8\x4c\
\x00\x00\x01\xa0\x90\x4c\xa3\xe2\
\x00\x00\x03\x6a\x00\x00\x00\x00\x00\x01\x00\x00\xf1\xde\
\x00\x00\x01\xa0\x90\x4c\xa3\xe7\
\x00\x00\x03\x80\x00\x00\x00\x00\x00\x01\x00\x00\xf6\xa3\
\x00\x00\x01\xa0\x90\x4c\xa3\xd4\
\x00\x00\x03\x9a\x00\x00\x00\x00\x00\x01\x00\x00\xfb\xed\
\x00\x00\x01\xa0\x90\x4c\xa3\xd2\
\x00\x00\x03\xc0\x00\x00\x00\x00\x00\x01\x00\x00\xfe\x14\
\x00\x00\x01\xa0\x90\x4c\xa3\xdb\
\x00\x00\x04\x04\x00\x01\x00\x00\x00\x01\x00\x01\x00\x2c\
\x00\x00\x01\xa0\x90\x4c\xa3\xe1\
\x00\x00\x04\x3e\x00\x01\x00\x00\x00\x01\x00\x01\x04\xe9\
\x00\x00\x01\xa0\x90\x4c\xa3\xdb\
\x00\x00\x04\x66\x00\x00\x00\x00\x00\x01\x00\x01\x0b\xec\
\x00\x00\x01\xa0\x90\x4c\xa3\xdc\
\x00\x00\x04\x80\x00\x00\x00\x00\x00\x01\x00\x01\x11\xa6\
\x00\x00\x01\xa0\x90\x4c\xa3\xd9\
\x00\x00\x04\x98\x00\x00\x00\x00\x00\x01\x00\x01\x16\x3c\
\x00\x00\x01\xa0\x90\x4c\xa3\xdf\
\x00\x00\x04\xb4\x00\x00\x00\x00\x00\x01\x00\x01\x1e\x21\
\x00\x00\x01\xa0\x90\x4c\xa3\xd8\
\x00\x00\x04\xd2\x00\x00\x00\x00\x00\x01\x00\x01\x1f\x64\
\x00\x00\x01\xa0\x90\x4c\xa3\xd7\
\x00\x00\x04\xf2\x00\x00\x00\x00\x00\x01\x00\x01\x22\x57\
\x00\x00\x01\xa0\x90\x4c\xa3\xd7\
\x00\x00\x05\x12\x00\x00\x00\x00\x00\x01\x00\x01\x25\xa6\
\x00\x00\x01\xa0\x90\x4c\xa3\xd6\
\x00\x00\x05\x32\x00\x01\x00\x00\x00\x01\x00\x01\x28\x1b\
\x00\x00\x01\xa0\x90\x4c\xa3\xe0\
\x00\x00\x05\x54\x00\x00\x00\x00\x00\x01\x00\x01\x2b\x7f\
\x00\x00\x01\xa0\x90\x4c\xa3\xe0\
\x00\x00\x05\x7a\x00\x00\x00\x00\x00\x01\x00\x01\x30\x98\
\x00\x00\x01\xa0\x90\x4c\xa3\xd4\
\x00\x00\x05\x90\x00\x00\x00\x00\x00\x01\x00\x01\x33\xd6\
\x00\x00\x01\xa0\x90\x4c\xa3\xe5\
\x00\x00\x05\xb8\x00\x00\x00\x00\x00\x01\x00\x01\x39\xcb\
\x00\x00\x01\xa0\x90\x4c\xa3\xe3\
\x00\x00\x05\xe0\x00\x00\x00\x00\x00\x01\x00\x01\x3f\x47\
\x00\x00\x01\xa0\x90\x4c\xa3\xe6\
\x00\x00\x06\x08\x00\x00\x00\x00\x00\x01\x00\x01\x43\x45\
\x00\x00\x01\xa0\x90\x4c\xa3\xe4\
\x00\x00\x06\x30\x00\x00\x00\x00\x00\x01\x00\x01\x46\xef\
\x00\x00\x01\xa0\x90\x4c\xa3\xd2\
\x00\x00\x06\x58\x00\x00\x00\x00\x00\x01\x00\x01\x49\x44\
\x00\x00\x01\xa0\x90\x4c\xa3\xdf\
\x00\x00\x06\x72\x00\x00\x00\x00\x00\x01\x00\x01\x4d\xd4\
\x00\x00\x01\xa0\x90\x4c\xa3\xd9\
\x00\x00\x06\x8c\x00\x00\x00\x00\x00\x01\x00\x01\x50\x25\
\x00\x00\x01\xa0\x90\x4c\xa3\xd3\
\x00\x00\x06\xa6\x00\x00\x00\x00\x00\x01\x00\x01\x54\xdc\
\x00\x00\x01\xa0\x90\x4c\xa3\xe6\
\x00\x00\x06\xd4\x00\x00\x00\x00\x00\x01\x00\x01\x57\x7a\
\x00\x00\x01\xa0\x90\x4c\xa3\xd2\
\x00\x00\x06\xf4\x00\x00\x00\x00\x00\x01\x00\x01\x5b\xac\
\x00\x00\x01\xa0\x90\x4c\xa3\xd1\
\x00\x00\x07\x1a\x00\x00\x00\x00\x00\x01\x00\x01\x5d\xf7\
\x00\x00\x01\xa0\x90\x4c\xa3\xd8\
\x00\x00\x07\x40\x00\x00\x00\x00\x00\x01\x00\x01\x5f\x81\
\x00\x00\x01\xa0\x90\x4c\xa3\xda\
\x00\x00\x07\x70\x00\x01\x00\x00\x00\x01\x00\x01\x68\x08\
\x00\x00\x01\xa0\x90\x4c\xa3\xdd\
\x00\x00\x00\xea\x00\x00\x00\x00\x00\x01\x00\x01\x6c\xe1\
\x00\x00\x01\xa0\x90\x4c\xa3\xd5\
\x00\x00\x01\x1a\x00\x00\x00\x00\x00\x01\x00\x01\x71\xf8\
\x00\x00\x01\xa0\x90\x4c\xa3\xe3\
\x00\x00\x01\x2a\x00\x00\x00\x00\x00\x01\x00\x01\x74\x8c\
\x00\x00\x01\xa0\x90\x4c\xa3\xe2\
\x00\x00\x01\x66\x00\x00\x00\x00\x00\x01\x00\x01\x7a\x3e\
\x00\x00\x01\xa0\x90\x4c\xa3\xde\
\x00\x00\x01\x8c\x00\x00\x00\x00\x00\x01\x00\x01\x80\xeb\
\x00\x00\x01\xa0\x90\x4c\xa3\xe2\
\x00\x00\x01\xa8\x00\x01\x00\x00\x00\x01\x00\x01\x87\xa1\
\x00\x00\x01\xa0\x90\x4c\xa3\xd0\
\x00\x00\x01\xd4\x00\x00\x00\x00\x00\x01\x00\x01\x8f\x45\
\x00\x00\x01\xa0\x90\x4c\xa3\xd1\
\x00\x00\x01\xfe\x00\x00\x00\x00\x00\x01\x00\x01\x92\x27\
\x00\x00\x01\xa0\x90\x4c\xa3\xd6\
\x00\x00\x02\x1a\x00\x00\x00\x00\x00\x01\x00\x01\x93\x60\
\x00\x00\x01\xa0\x90\x4c\xa3\xd5\
\x00\x00\x02\x3a\x00\x00\x00\x00\x00\x01\x00\x01\x96\x24\
\x00\x00\x01\xa0\x90\x4c\xa3\xde\
\x00\x00\x02\x58\x00\x00\x00\x00\x00\x01\x00\x01\x98\x8f\
\x00\x00\x01\xa0\x90\x4c\xa3\xdc\
\x00\x00\x02\x88\x00\x00\x00\x00\x00\x01\x00\x01\x9a\x6f\
\x00\x00\x01\xa0\x90\x4c\xa3\xd6\
\x00\x00\x02\xb4\x00\x00\x00\x00\x00\x01\x00\x01\x9b\xa7\
\x00\x00\x01\xa0\x90\x4c\xa3\xd1\
\x00\x00\x02\xd2\x00\x00\x00\x00\x00\x01\x00\x01\x9d\x86\
\x00\x00\x01\xa0\x90\x4c\xa3\xe6\
\x00\x00\x03\x00\x00\x00\x00\x00\x00\x01\x00\x01\xa0\x26\
\x00\x00\x01\xa0\x90\x4c\xa3\xe4\
\x00\x00\x03\x2e\x00\x01\x00\x00\x00\x01\x00\x01\xa2\xed\
\x00\x00\x01\xa0\x90\x4c\xa3\xe2\
\x00\x00\x03\x6a\x00\x00\x00\x00\x00\x01\x00\x01\xac\x7f\
\x00\x00\x01\xa0\x90\x4c\xa3\xe7\
\x00\x00\x03\x80\x00\x00\x00\x00\x00\x01\x00\x01\xb1\x44\
\x00\x00\x01\xa0\x90\x4c\xa3\xd4\
\x00\x00\x03\x9a\x00\x00\x00\x00\x00\x01\x00\x01\xb6\x8e\
\x00\x00\x01\xa0\x90\x4c\xa3\xd3\
\x00\x00\x03\xc0\x00\x00\x00\x00\x00\x01\x00\x01\xb8\xb5\
\x00\x00\x01\xa0\x90\x4c\xa3\xdc\
\x00\x00\x04\x04\x00\x01\x00\x00\x00\x01\x00\x01\xba\xcd\
\x00\x00\x01\xa0\x90\x4c\xa3\xe1\
\x00\x00\x04\x3e\x00\x01\x00\x00\x00\x01\x00\x01\xbf\x8c\
\x00\x00\x01\xa0\x90\x4c\xa3\xdb\
\x00\x00\x04\x66\x00\x00\x00\x00\x00\x01\x00\x01\xc6\x8f\
\x00\x00\x01\xa0\x90\x4c\xa3\xdd\
\x00\x00\x04\x80\x00\x00\x00\x00\x00\x01\x00\x01\xcc\x49\
\x00\x00\x01\xa0\x90\x4c\xa3\xd9\
\x00\x00\x04\x98\x00\x00\x00\x00\x00\x01\x00\x01\xd0\xdf\
\x00\x00\x01\xa0\x90\x4c\xa3\xdf\
\x00\x00\x04\xb4\x00\x00\x00\x00\x00\x01\x00\x01\xd8\xc4\
\x00\x00\x01\xa0\x90\x4c\xa3\xd8\
\x00\x00\x04\xd2\x00\x00\x00\x00\x00\x01\x00\x01\xda\x07\
\x00\x00\x01\xa0\x90\x4c\xa3\xd7\
\x00\x00\x04\xf2\x00\x00\x00\x00\x00\x01\x00\x01\xdc\xfa\
\x00\x00\x01\xa0\x90\x4c\xa3\xd7\
\x00\x00\x05\x12\x00\x00\x00\x00\x00\x01\x00\x01\xe0\x49\
\x00\x00\x01\xa0\x90\x4c\xa3\xd7\
\x00\x00\x05\x32\x00\x01\x00\x00\x00\x01\x00\x01\xe2\xbe\
\x00\x00\x01\xa0\x90\x4c\xa3\xe0\
\x00\x00\x05\x54\x00\x00\x00\x00\x00\x01\x00\x01\xe6\x24\
\x00\x00\x01\xa0\x90\x4c\xa3\xe0\
\x00\x00\x05\x7a\x00\x00\x00\x00\x00\x01\x00\x01\xeb\x3d\
\x00\x00\x01\xa0\x90\x4c\xa3\xd4\
\x00\x00\x05\x90\x00\x00\x00\x00\x00\x01\x00\x01\xee\x7b\
\x00\x00\x01\xa0\x90\x4c\xa3\xe5\
\x00\x00\x05\xb8\x00\x00\x00\x00\x00\x01\x00\x01\xf4\x70\
\x00\x00\x01\xa0\x90\x4c\xa3\xe4\
\x00\x00\x05\xe0\x00\x00\x00\x00\x00\x01\x00\x01\xf9\xec\
\x00\x00\x01\xa0\x90\x4c\xa3\xe6\
\x00\x00\x06\x08\x00\x00\x00\x00\x00\x01\x00\x01\xfd\xea\
\x00\x00\x01\xa0\x90\x4c\xa3\xe4\
\x00\x00\x06\x30\x00\x00\x00\x00\x00\x01\x00\x02\x01\x94\
\x00\x00\x01\xa0\x90\x4c\xa3\xd2\
\x00\x00\x06\x58\x00\x00\x00\x00\x00\x01\x00\x02\x03\xe9\
\x00\x00\x01\xa0\x90\x4c\xa3\xdf\
\x00\x00\x06\x72\x00\x00\x00\x00\x00\x01\x00\x02\x08\x79\
\x00\x00\x01\xa0\x90\x4c\xa3\xd9\
\x00\x00\x06\x8c\x00\x00\x00\x00\x00\x01\x00\x02\x0a\xca\
\x00\x00\x01\xa0\x90\x4c\xa3\xd3\
\x00\x00\x06\xa6\x00\x00\x00\x00\x00\x01\x00\x02\x0f\x81\
\x00\x00\x01\xa0\x90\x4c\xa3\xe6\
\x00\x00\x06\xd4\x00\x00\x00\x00\x00\x01\x00\x02\x12\x1f\
\x00\x00\x01\xa0\x90\x4c\xa3\xd2\
\x00\x00\x06\xf4\x00\x00\x00\x00\x00\x01\x00\x02\x16\x51\
\x00\x00\x01\xa0\x90\x4c\xa3\xd1\
\x00\x00\x07\x1a\x00\x00\x00\x00\x00\x01\x00\x02\x18\x9c\
\x00\x00\x01\xa0\x90\x4c\xa3\xd8\
\x00\x00\x07\x40\x00\x00\x00\x00\x00\x01\x00\x02\x1a\x26\
\x00\x00\x01\xa0\x90\x4c\xa3\xda\
\x00\x00\x07\x70\x00\x01\x00\x00\x00\x01\x00\x02\x22\xad\
\x00\x00\x01\xa0\x90\x4c\xa3\xde\
"

qt_version = [int(v) for v in QtCore.qVersion().split('.')]
if qt_version < [5, 8, 0]:
    rcc_version = 1
    qt_resource_struct = qt_resource_struct_v1
else:
    rcc_version = 2
    qt_resource_struct = qt_resource_struct_v2

def qInitResources():
    QtCore.qRegisterResourceData(rcc_version, qt_resource_struct, qt_resource_name, qt_resource_data)

def qCleanupResources():
    QtCore.qUnregisterResourceData(rcc_version, qt_resource_struct, qt_resource_name, qt_resource_data)

qInitResources()
